id,name,aka,category,cuisine,diet_type,serving_label,serving_g,kcal_100g,protein_100g,carbs_100g,fat_100g,fiber_100g,sugar_100g,sodium_mg_100g,kcal_serving,protein_serving,carbs_serving,fat_serving,tags,source,source_id
fitme-in-toor-dal-tadka,Toor dal tadka,Arhar dal,Dal & legumes,Indian,vegan,1 katori (150 g),150,107,4.7,14.4,3.8,3.6,0.6,263,161,7.0,21.6,5.7,high_fiber|diet_friendly,FITme recipe estimate from USDA FoodData Central ingredients,
fitme-in-toor-dal-tadka-low-oil,Toor dal tadka (low oil),Arhar dal,Dal & legumes,Indian,vegan,1 katori (150 g),150,92,4.7,14.4,2.1,3.6,0.6,263,139,7.0,21.6,3.2,high_fiber|low_fat|diet_friendly,FITme recipe estimate from USDA FoodData Central ingredients,
fitme-in-moong-dal-yellow,Moong dal (yellow),Peeli moong dal,Dal & legumes,Indian,vegan,1 katori (150 g),150,108,5.1,14.4,3.7,3.9,1.9,263,162,7.7,21.6,5.6,high_fiber|diet_friendly,FITme recipe estimate from USDA FoodData Central ingredients,
fitme-in-moong-dal-yellow-low-oil,Moong dal (yellow) (low oil),Peeli moong dal,Dal & legumes,Indian,vegan,1 katori (150 g),150,93,5.1,14.4,2.1,3.9,1.9,263,140,7.7,21.6,3.1,high_fiber|low_fat|diet_friendly,FITme recipe estimate from USDA FoodData Central ingredients,
fitme-in-masoor-dal,Masoor dal,Lal masoor dal,Dal & legumes,Indian,vegan,1 katori (150 g),150,110,5.1,14.5,3.9,2.8,0.6,261,165,7.7,21.7,5.9,,FITme recipe estimate from USDA FoodData Central ingredients,
fitme-in-masoor-dal-low-oil,Masoor dal (low oil),Lal masoor dal,Dal & legumes,Indian,vegan,1 katori (150 g),150,95,5.1,14.5,2.3,2.8,0.6,261,143,7.7,21.7,3.4,low_fat|diet_friendly,FITme recipe estimate from USDA FoodData Central ingredients,
fitme-in-chana-dal,Chana dal,Chane ki dal,Dal & legumes,Indian,vegan,1 katori (150 g),150,114,4.4,14.4,4.7,3.1,2.7,265,171,6.7,21.7,7.1,,FITme recipe estimate from USDA FoodData Central ingredients,
fitme-in-chana-dal-low-oil,Chana dal (low oil),Chane ki dal,Dal & legumes,Indian,vegan,1 katori (150 g),150,99,4.4,14.4,3.1,3.1,2.7,265,149,6.7,21.7,4.6,diet_friendly,FITme recipe estimate from USDA FoodData Central ingredients,
fitme-in-urad-dal-dhuli,Urad dal (dhuli),Safed urad dal,Dal & legumes,Indian,vegan,1 katori (150 g),150,107,5.4,13.6,3.8,4.3,0.6,268,160,8.1,20.5,5.8,high_fiber|diet_friendly,FITme recipe estimate from USDA FoodData Central ingredients,
fitme-in-urad-dal-dhuli-low-oil,Urad dal (dhuli) (low oil),Safed urad dal,Dal & legumes,Indian,vegan,1 katori (150 g),150,92,5.4,13.6,2.2,4.3,0.6,268,138,8.1,20.5,3.3,high_fiber|low_fat|diet_friendly,FITme recipe estimate from USDA FoodData Central ingredients,
fitme-in-dal-makhani,Dal makhani,Kali dal,Dal & legumes,Indian,vegetarian,1 katori (150 g),150,142,5.5,13.7,7.8,4.2,0.7,252,214,8.3,20.6,11.7,high_fiber,FITme recipe estimate from USDA FoodData Central ingredients,
fitme-in-dal-makhani-low-oil,Dal makhani (low oil),Kali dal,Dal & legumes,Indian,vegetarian,1 katori (150 g),150,130,5.5,13.7,6.3,4.2,0.7,252,195,8.3,20.6,9.5,high_fiber|diet_friendly,FITme recipe estimate from USDA FoodData Central ingredients,
fitme-in-rajma-masala,Rajma masala,Rajma,Dal & legumes,Indian,vegan,1 katori (150 g),150,113,5.3,15.9,3.6,4.1,1.8,247,169,7.9,23.9,5.3,high_fiber|diet_friendly,FITme recipe estimate from USDA FoodData Central ingredients,
fitme-in-rajma-masala-low-oil,Rajma masala (low oil),Rajma,Dal & legumes,Indian,vegan,1 katori (150 g),150,99,5.3,15.9,2.0,4.1,1.8,247,148,7.9,23.9,3.0,high_fiber|low_fat|diet_friendly,FITme recipe estimate from USDA FoodData Central ingredients,
fitme-in-chole-masala,Chole masala,Chana masala,Dal & legumes,Indian,vegan,1 katori (150 g),150,122,4.9,16.5,4.6,3.5,3.6,250,183,7.3,24.7,6.9,high_fiber|diet_friendly,FITme recipe estimate from USDA FoodData Central ingredients,
fitme-in-chole-masala-low-oil,Chole masala (low oil),Chana masala,Dal & legumes,Indian,vegan,1 katori (150 g),150,108,4.9,16.5,3.0,3.5,3.6,250,162,7.3,24.7,4.5,high_fiber|diet_friendly,FITme recipe estimate from USDA FoodData Central ingredients,
fitme-in-lobia-masala,Lobia masala,Rongi / black-eyed beans curry,Dal & legumes,Indian,vegan,1 katori (150 g),150,111,5.5,15.0,3.7,3.0,2.3,253,166,8.2,22.6,5.5,,FITme recipe estimate from USDA FoodData Central ingredients,
fitme-in-lobia-masala-low-oil,Lobia masala (low oil),Rongi / black-eyed beans curry,Dal & legumes,Indian,vegan,1 katori (150 g),150,97,5.5,15.0,2.1,3.0,2.3,253,145,8.2,22.6,3.1,low_fat|diet_friendly,FITme recipe estimate from USDA FoodData Central ingredients,
fitme-in-moth-bean-usal,Moth bean usal,Matki usal,Dal & legumes,Indian,vegan,1 katori (150 g),150,136,6.0,17.2,5.3,1.0,0.8,286,203,8.9,25.8,8.0,,FITme recipe estimate from USDA FoodData Central ingredients,
fitme-in-moth-bean-usal-low-oil,Moth bean usal (low oil),Matki usal,Dal & legumes,Indian,vegan,1 katori (150 g),150,120,6.0,17.2,3.6,1.0,0.8,286,180,8.9,25.8,5.3,diet_friendly,FITme recipe estimate from USDA FoodData Central ingredients,
fitme-in-dal-palak,Dal palak,Palak dal,Dal & legumes,Indian,vegan,1 katori (150 g),150,94,4.5,12.8,3.3,3.5,0.6,237,142,6.8,19.2,4.9,high_fiber|diet_friendly,FITme recipe estimate from USDA FoodData Central ingredients,
fitme-in-dal-palak-low-oil,Dal palak (low oil),Palak dal,Dal & legumes,Indian,vegan,1 katori (150 g),150,82,4.5,12.8,1.9,3.5,0.6,237,123,6.8,19.2,2.8,high_fiber|low_fat|diet_friendly,FITme recipe estimate from USDA FoodData Central ingredients,
fitme-in-lauki-chana-dal,Lauki chana dal,Ghiya chana dal,Dal & legumes,Indian,vegan,1 katori (150 g),150,87,3.2,11.1,3.6,2.3,1.9,213,130,4.9,16.7,5.5,,FITme recipe estimate from USDA FoodData Central ingredients,
fitme-in-lauki-chana-dal-low-oil,Lauki chana dal (low oil),Ghiya chana dal,Dal & legumes,Indian,vegan,1 katori (150 g),150,75,3.2,11.1,2.3,2.3,1.9,213,112,4.9,16.7,3.4,low_calorie|low_fat|diet_friendly,FITme recipe estimate from USDA FoodData Central ingredients,
fitme-in-sambar,Sambar,Sambhar,Dal & legumes,Indian,vegan,1 katori (150 g),150,76,3.0,11.0,2.6,2.8,1.9,186,114,4.5,16.6,4.0,low_calorie|low_fat|diet_friendly,FITme recipe estimate from USDA FoodData Central ingredients,
fitme-in-sambar-low-oil,Sambar (low oil),Sambhar,Dal & legumes,Indian,vegan,1 katori (150 g),150,66,3.0,11.0,1.5,2.8,1.9,186,99,4.5,16.6,2.2,low_calorie|low_fat|diet_friendly,FITme recipe estimate from USDA FoodData Central ingredients,
fitme-in-rasam,Rasam,Saaru,Dal & legumes,Indian,vegan,1 katori (150 g),150,50,1.3,5.6,2.7,1.3,1.5,197,75,2.0,8.5,4.1,low_calorie|low_fat,FITme recipe estimate from USDA FoodData Central ingredients,
fitme-in-rasam-low-oil,Rasam (low oil),Saaru,Dal & legumes,Indian,vegan,1 katori (150 g),150,39,1.3,5.6,1.5,1.3,1.5,197,58,2.0,8.5,2.2,low_calorie|low_fat|diet_friendly,FITme recipe estimate from USDA FoodData Central ingredients,
fitme-in-panchmel-dal,Panchmel dal,Rajasthani mixed dal,Dal & legumes,Indian,vegan,1 katori (150 g),150,106,4.8,14.0,3.8,3.4,1.1,258,160,7.2,21.0,5.8,high_fiber|diet_friendly,FITme recipe estimate from USDA FoodData Central ingredients,
fitme-in-panchmel-dal-low-oil,Panchmel dal (low oil),Rajasthani mixed dal,Dal & legumes,Indian,vegan,1 katori (150 g),150,92,4.8,14.0,2.2,3.4,1.1,258,138,7.2,21.0,3.3,high_fiber|low_fat|diet_friendly,FITme recipe estimate from USDA FoodData Central ingredients,
fitme-in-whole-moong-dal,Whole moong dal,Sabut moong,Dal & legumes,Indian,vegan,1 katori (150 g),150,113,5.4,15.0,3.9,4.1,2.0,275,170,8.0,22.6,5.9,high_fiber|diet_friendly,FITme recipe estimate from USDA FoodData Central ingredients,
fitme-in-whole-moong-dal-low-oil,Whole moong dal (low oil),Sabut moong,Dal & legumes,Indian,vegan,1 katori (150 g),150,98,5.4,15.0,2.2,4.1,2.0,275,146,8.0,22.6,3.3,high_fiber|low_fat|diet_friendly,FITme recipe estimate from USDA FoodData Central ingredients,
fitme-in-kadhi-besan,Kadhi (besan),Punjabi kadhi without pakora,Dal & legumes,Indian,vegetarian,1 katori (150 g),150,77,3.1,6.5,4.4,1.0,2.7,218,115,4.6,9.7,6.6,low_calorie,FITme recipe estimate from USDA FoodData Central ingredients,
fitme-in-kadhi-besan-low-oil,Kadhi (besan) (low oil),Punjabi kadhi without pakora,Dal & legumes,Indian,vegetarian,1 katori (150 g),150,66,3.1,6.5,3.2,1.0,2.7,218,99,4.6,9.7,4.7,low_calorie|diet_friendly,FITme recipe estimate from USDA FoodData Central ingredients,
fitme-in-soya-chunks-curry,Soya chunks curry,Soya badi sabzi,Dal & legumes,Indian,vegan,1 katori (150 g),150,104,9.8,9.6,3.8,4.1,4.4,265,157,14.7,14.4,5.7,high_protein|high_fiber|diet_friendly,FITme recipe estimate from USDA FoodData Central ingredients,
fitme-in-soya-chunks-curry-low-oil,Soya chunks curry (low oil),Soya badi sabzi,Dal & legumes,Indian,vegan,1 katori (150 g),150,90,9.8,9.6,2.1,4.1,4.4,265,134,14.7,14.4,3.2,high_protein|high_fiber|low_fat|diet_friendly,FITme recipe estimate from USDA FoodData Central ingredients,
fitme-in-kala-chana-curry,Kala chana curry,Black chickpea curry,Dal & legumes,Indian,vegan,1 katori (150 g),150,122,4.9,16.0,4.8,3.4,3.2,260,183,7.4,24.0,7.2,high_fiber|diet_friendly,FITme recipe estimate from USDA FoodData Central ingredients,
fitme-in-kala-chana-curry-low-oil,Kala chana curry (low oil),Black chickpea curry,Dal & legumes,Indian,vegan,1 katori (150 g),150,108,4.9,16.0,3.1,3.4,3.2,260,162,7.4,24.0,4.7,high_fiber|diet_friendly,FITme recipe estimate from USDA FoodData Central ingredients,
fitme-in-dal-fry-mixed,Dal fry (mixed),Dal fry,Dal & legumes,Indian,vegan,1 katori (150 g),150,108,4.9,14.4,3.8,3.7,1.1,263,161,7.3,21.6,5.7,high_fiber|diet_friendly,FITme recipe estimate from USDA FoodData Central ingredients,
fitme-in-dal-fry-mixed-low-oil,Dal fry (mixed) (low oil),Dal fry,Dal & legumes,Indian,vegan,1 katori (150 g),150,93,4.9,14.4,2.1,3.7,1.1,263,139,7.3,21.6,3.2,high_fiber|low_fat|diet_friendly,FITme recipe estimate from USDA FoodData Central ingredients,
fitme-in-aloo-sabzi-dry,Aloo sabzi (dry),Sukhi aloo,Sabzi (dry vegetable),Indian,vegan,1 katori (100 g),100,138,2.4,18.6,6.6,3.0,1.7,352,138,2.4,18.6,6.6,,FITme recipe estimate from USDA FoodData Central ingredients,
fitme-in-aloo-sabzi-dry-low-oil,Aloo sabzi (dry) (low oil),Sukhi aloo,Sabzi (dry vegetable),Indian,vegan,1 katori (100 g),100,106,2.5,19.2,2.7,3.1,1.8,364,106,2.5,19.2,2.7,low_calorie|low_fat|diet_friendly,FITme recipe estimate from USDA FoodData Central ingredients,
fitme-in-aloo-gobi,Aloo gobi,Aloo gobhi,Sabzi (dry vegetable),Indian,vegan,1 katori (100 g),100,106,2.3,12.3,6.0,2.9,2.2,328,106,2.3,12.3,6.0,low_calorie,FITme recipe estimate from USDA FoodData Central ingredients,
fitme-in-aloo-gobi-low-oil,Aloo gobi (low oil),Aloo gobhi,Sabzi (dry vegetable),Indian,vegan,1 katori (100 g),100,77,2.4,12.7,2.5,3.0,2.3,338,77,2.4,12.7,2.5,low_calorie|low_fat|diet_friendly,FITme recipe estimate from USDA FoodData Central ingredients,
fitme-in-gobi-sabzi,Gobi sabzi,Phool gobhi,Sabzi (dry vegetable),Indian,vegan,1 katori (100 g),100,92,2.3,7.5,6.7,2.9,2.7,373,92,2.3,7.5,6.7,low_calorie,FITme recipe estimate from USDA FoodData Central ingredients,
fitme-in-gobi-sabzi-low-oil,Gobi sabzi (low oil),Phool gobhi,Sabzi (dry vegetable),Indian,vegan,1 katori (100 g),100,59,2.3,7.7,2.8,3.0,2.8,386,59,2.3,7.7,2.8,low_calorie|low_fat|diet_friendly,FITme recipe estimate from USDA FoodData Central ingredients,
fitme-in-bhindi-masala,Bhindi masala,Bhindi fry,Sabzi (dry vegetable),Indian,vegan,1 katori (100 g),100,99,2.3,9.7,6.7,3.9,2.3,353,99,2.3,9.7,6.7,low_calorie,FITme recipe estimate from USDA FoodData Central ingredients,
fitme-in-bhindi-masala-low-oil,Bhindi masala (low oil),Bhindi fry,Sabzi (dry vegetable),Indian,vegan,1 katori (100 g),100,66,2.4,10.0,2.8,4.1,2.4,365,66,2.4,10.0,2.8,low_calorie|low_fat|diet_friendly,FITme recipe estimate from USDA FoodData Central ingredients,
fitme-in-baingan-bharta,Baingan bharta,Bharta,Sabzi (dry vegetable),Indian,vegan,1 katori (100 g),100,80,1.4,8.1,5.4,3.8,4.2,282,80,1.4,8.1,5.4,low_calorie,FITme recipe estimate from USDA FoodData Central ingredients,
fitme-in-baingan-bharta-low-oil,Baingan bharta (low oil),Bharta,Sabzi (dry vegetable),Indian,vegan,1 katori (100 g),100,53,1.4,8.3,2.3,3.9,4.3,290,53,1.4,8.3,2.3,low_calorie|low_fat|diet_friendly,FITme recipe estimate from USDA FoodData Central ingredients,
fitme-in-lauki-sabzi,Lauki sabzi,Ghiya / dudhi sabzi,Sabzi (dry vegetable),Indian,vegan,1 katori (100 g),100,70,1.0,5.7,5.3,1.4,0.8,282,70,1.0,5.7,5.3,low_calorie,FITme recipe estimate from USDA FoodData Central ingredients,
fitme-in-lauki-sabzi-low-oil,Lauki sabzi (low oil),Ghiya / dudhi sabzi,Sabzi (dry vegetable),Indian,vegan,1 katori (100 g),100,43,1.1,5.9,2.1,1.4,0.8,290,43,1.1,5.9,2.1,low_calorie|low_fat|diet_friendly,FITme recipe estimate from USDA FoodData Central ingredients,
fitme-in-tori-sabzi,Tori sabzi,Turai / ridge gourd,Sabzi (dry vegetable),Indian,vegan,1 katori (100 g),100,76,1.6,6.7,5.4,1.9,2.7,283,76,1.6,6.7,5.4,low_calorie,FITme recipe estimate from USDA FoodData Central ingredients,
fitme-in-tori-sabzi-low-oil,Tori sabzi (low oil),Turai / ridge gourd,Sabzi (dry vegetable),Indian,vegan,1 katori (100 g),100,48,1.6,6.8,2.3,2.0,2.8,291,48,1.6,6.8,2.3,low_calorie|low_fat|diet_friendly,FITme recipe estimate from USDA FoodData Central ingredients,
fitme-in-karela-sabzi,Karela sabzi,Bitter gourd fry,Sabzi (dry vegetable),Indian,vegan,1 katori (100 g),100,85,1.4,6.4,6.6,3.6,1.0,351,85,1.4,6.4,6.6,low_calorie,FITme recipe estimate from USDA FoodData Central ingredients,
fitme-in-karela-sabzi-low-oil,Karela sabzi (low oil),Bitter gourd fry,Sabzi (dry vegetable),Indian,vegan,1 katori (100 g),100,51,1.5,6.6,2.7,3.7,1.0,363,51,1.5,6.6,2.7,low_calorie|low_fat,FITme recipe estimate from USDA FoodData Central ingredients,
fitme-in-palak-sabzi,Palak sabzi,Spinach stir-fry,Sabzi (dry vegetable),Indian,vegan,1 katori (100 g),100,79,3.2,6.0,5.6,3.0,1.2,356,79,3.2,6.0,5.6,low_calorie,FITme recipe estimate from USDA FoodData Central ingredients,
fitme-in-palak-sabzi-low-oil,Palak sabzi (low oil),Spinach stir-fry,Sabzi (dry vegetable),Indian,vegan,1 katori (100 g),100,51,3.3,6.1,2.5,3.1,1.2,365,51,3.3,6.1,2.5,low_calorie|low_fat|diet_friendly,FITme recipe estimate from USDA FoodData Central ingredients,
fitme-in-patta-gobhi-sabzi,Patta gobhi sabzi,Cabbage sabzi,Sabzi (dry vegetable),Indian,vegan,1 katori (100 g),100,92,1.7,8.2,6.6,3.3,3.8,363,92,1.7,8.2,6.6,low_calorie,FITme recipe estimate from USDA FoodData Central ingredients,
fitme-in-patta-gobhi-sabzi-low-oil,Patta gobhi sabzi (low oil),Cabbage sabzi,Sabzi (dry vegetable),Indian,vegan,1 katori (100 g),100,59,1.8,8.5,2.7,3.4,4.0,375,59,1.8,8.5,2.7,low_calorie|low_fat|diet_friendly,FITme recipe estimate from USDA FoodData Central ingredients,
fitme-in-aloo-matar-dry,Aloo matar (dry),Aloo mutter,Sabzi (dry vegetable),Indian,vegan,1 katori (100 g),100,140,3.6,17.5,6.7,4.2,3.5,352,140,3.6,17.5,6.7,,FITme recipe estimate from USDA FoodData Central ingredients,
fitme-in-aloo-matar-dry-low-oil,Aloo matar (dry) (low oil),Aloo mutter,Sabzi (dry vegetable),Indian,vegan,1 katori (100 g),100,108,3.7,18.1,2.8,4.4,3.6,363,108,3.7,18.1,2.8,low_calorie|low_fat|diet_friendly,FITme recipe estimate from USDA FoodData Central ingredients,
fitme-in-gajar-matar,Gajar matar,Carrot peas sabzi,Sabzi (dry vegetable),Indian,vegan,1 katori (100 g),100,117,2.9,13.3,6.5,4.6,5.6,372,117,2.9,13.3,6.5,low_calorie,FITme recipe estimate from USDA FoodData Central ingredients,
fitme-in-gajar-matar-low-oil,Gajar matar (low oil),Carrot peas sabzi,Sabzi (dry vegetable),Indian,vegan,1 katori (100 g),100,86,3.0,13.7,2.7,4.7,5.7,383,86,3.0,13.7,2.7,low_calorie|low_fat|diet_friendly,FITme recipe estimate from USDA FoodData Central ingredients,
fitme-in-beans-poriyal,Beans poriyal,French beans sabzi,Sabzi (dry vegetable),Indian,vegan,1 katori (100 g),100,113,2.3,9.7,8.3,3.8,4.1,337,113,2.3,9.7,8.3,low_calorie,FITme recipe estimate from USDA FoodData Central ingredients,
fitme-in-beans-poriyal-low-oil,Beans poriyal (low oil),French beans sabzi,Sabzi (dry vegetable),Indian,vegan,1 katori (100 g),100,82,2.3,10.0,4.6,4.0,4.2,348,82,2.3,10.0,4.6,low_calorie,FITme recipe estimate from USDA FoodData Central ingredients,
fitme-in-shimla-mirch-sabzi,Shimla mirch sabzi,Capsicum sabzi,Sabzi (dry vegetable),Indian,vegan,1 katori (100 g),100,88,1.3,7.2,6.6,2.6,3.1,349,88,1.3,7.2,6.6,low_calorie,FITme recipe estimate from USDA FoodData Central ingredients,
fitme-in-shimla-mirch-sabzi-low-oil,Shimla mirch sabzi (low oil),Capsicum sabzi,Sabzi (dry vegetable),Indian,vegan,1 katori (100 g),100,54,1.4,7.4,2.7,2.7,3.2,361,54,1.4,7.4,2.7,low_calorie|low_fat,FITme recipe estimate from USDA FoodData Central ingredients,
fitme-in-mushroom-masala-dry,Mushroom masala (dry),Mushroom sabzi,Sabzi (dry vegetable),Indian,vegan,1 katori (100 g),100,89,3.3,6.0,6.8,2.0,2.8,351,89,3.3,6.0,6.8,low_calorie,FITme recipe estimate from USDA FoodData Central ingredients,
fitme-in-mushroom-masala-dry-low-oil,Mushroom masala (dry) (low oil),Mushroom sabzi,Sabzi (dry vegetable),Indian,vegan,1 katori (100 g),100,56,3.4,6.2,2.9,2.0,2.9,363,56,3.4,6.2,2.9,low_calorie|low_fat,FITme recipe estimate from USDA FoodData Central ingredients,
fitme-in-kaddu-sabzi,Kaddu sabzi,Pumpkin sabzi,Sabzi (dry vegetable),Indian,vegan,1 katori (100 g),100,99,1.4,10.5,6.5,1.5,5.1,344,99,1.4,10.5,6.5,low_calorie,FITme recipe estimate from USDA FoodData Central ingredients,
fitme-in-kaddu-sabzi-low-oil,Kaddu sabzi (low oil),Pumpkin sabzi,Sabzi (dry vegetable),Indian,vegan,1 katori (100 g),100,66,1.5,10.8,2.6,1.6,5.3,354,66,1.5,10.8,2.6,low_calorie|low_fat|diet_friendly,FITme recipe estimate from USDA FoodData Central ingredients,
fitme-in-aloo-palak,Aloo palak,Palak aloo,Sabzi (dry vegetable),Indian,vegan,1 katori (100 g),100,98,2.9,10.9,5.5,3.0,1.4,330,98,2.9,10.9,5.5,low_calorie,FITme recipe estimate from USDA FoodData Central ingredients,
fitme-in-aloo-palak-low-oil,Aloo palak (low oil),Palak aloo,Sabzi (dry vegetable),Indian,vegan,1 katori (100 g),100,71,3.0,11.2,2.3,3.0,1.4,339,71,3.0,11.2,2.3,low_calorie|low_fat|diet_friendly,FITme recipe estimate from USDA FoodData Central ingredients,
fitme-in-sarson-ka-saag,Sarson ka saag,Saag,Sabzi (dry vegetable),Indian,vegetarian,1 katori (100 g),100,93,3.4,9.2,5.6,3.9,1.8,306,93,3.4,9.2,5.6,low_calorie,FITme recipe estimate from USDA FoodData Central ingredients,
fitme-in-sarson-ka-saag-low-oil,Sarson ka saag (low oil),Saag,Sabzi (dry vegetable),Indian,vegetarian,1 katori (100 g),100,66,3.5,9.5,2.5,4.0,1.9,314,66,3.5,9.5,2.5,low_calorie|low_fat|diet_friendly,FITme recipe estimate from USDA FoodData Central ingredients,
fitme-in-mixed-veg-sabzi,Mixed veg sabzi,Mix veg,Sabzi (dry vegetable),Indian,vegan,1 katori (100 g),100,106,2.6,12.1,5.9,3.7,3.9,327,106,2.6,12.1,5.9,low_calorie,FITme recipe estimate from USDA FoodData Central ingredients,
fitme-in-mixed-veg-sabzi-low-oil,Mixed veg sabzi (low oil),Mix veg,Sabzi (dry vegetable),Indian,vegan,1 katori (100 g),100,77,2.7,12.5,2.5,3.8,4.1,337,77,2.7,12.5,2.5,low_calorie|low_fat|diet_friendly,FITme recipe estimate from USDA FoodData Central ingredients,
fitme-in-chukandar-sabzi,Chukandar sabzi,Beetroot poriyal,Sabzi (dry vegetable),Indian,vegan,1 katori (100 g),100,120,2.1,11.8,7.9,3.8,7.0,402,120,2.1,11.8,7.9,low_calorie,FITme recipe estimate from USDA FoodData Central ingredients,
fitme-in-chukandar-sabzi-low-oil,Chukandar sabzi (low oil),Beetroot poriyal,Sabzi (dry vegetable),Indian,vegan,1 katori (100 g),100,88,2.1,12.2,4.1,4.0,7.3,415,88,2.1,12.2,4.1,low_calorie|diet_friendly,FITme recipe estimate from USDA FoodData Central ingredients,
fitme-in-mooli-sabzi,Mooli sabzi,Radish sabzi,Sabzi (dry vegetable),Indian,vegan,1 katori (100 g),100,77,1.1,5.9,5.9,2.5,2.6,346,77,1.1,5.9,5.9,low_calorie,FITme recipe estimate from USDA FoodData Central ingredients,
fitme-in-mooli-sabzi-low-oil,Mooli sabzi (low oil),Radish sabzi,Sabzi (dry vegetable),Indian,vegan,1 katori (100 g),100,47,1.2,6.1,2.4,2.5,2.7,356,47,1.2,6.1,2.4,low_calorie|low_fat,FITme recipe estimate from USDA FoodData Central ingredients,
fitme-in-shakarkandi-chaat-sabzi,Shakarkandi chaat sabzi,Sweet potato sabzi,Sabzi (dry vegetable),Indian,vegan,1 katori (100 g),100,146,2.0,20.9,6.5,3.8,4.7,395,146,2.0,20.9,6.5,,FITme recipe estimate from USDA FoodData Central ingredients,
fitme-in-shakarkandi-chaat-sabzi-low-oil,Shakarkandi chaat sabzi (low oil),Sweet potato sabzi,Sabzi (dry vegetable),Indian,vegan,1 katori (100 g),100,115,2.0,21.6,2.6,3.9,4.9,409,115,2.0,21.6,2.6,low_calorie|low_fat|diet_friendly,FITme recipe estimate from USDA FoodData Central ingredients,
fitme-in-corn-capsicum-sabzi,Corn capsicum sabzi,Sweet corn sabzi,Sabzi (dry vegetable),Indian,vegan,1 katori (100 g),100,127,2.8,15.5,7.3,2.8,5.4,356,127,2.8,15.5,7.3,,FITme recipe estimate from USDA FoodData Central ingredients,
fitme-in-corn-capsicum-sabzi-low-oil,Corn capsicum sabzi (low oil),Sweet corn sabzi,Sabzi (dry vegetable),Indian,vegan,1 katori (100 g),100,95,2.8,16.0,3.5,2.9,5.6,368,95,2.8,16.0,3.5,low_calorie|diet_friendly,FITme recipe estimate from USDA FoodData Central ingredients,
fitme-in-paneer-bhurji,Paneer bhurji,Paneer bhurji,Sabzi (dry vegetable),Indian,vegetarian,1 katori (100 g),100,283,11.4,19.4,17.8,1.5,17.2,518,283,11.4,19.4,17.8,high_sugar,FITme recipe estimate from USDA FoodData Central ingredients,
fitme-in-paneer-bhurji-low-oil,Paneer bhurji (low oil),Paneer bhurji,Sabzi (dry vegetable),Indian,vegetarian,1 katori (100 g),100,253,11.9,20.1,13.8,1.6,17.9,538,253,11.9,20.1,13.8,high_sugar,FITme recipe estimate from USDA FoodData Central ingredients,
fitme-in-tofu-bhurji,Tofu bhurji,Tofu scramble,Sabzi (dry vegetable),Indian,vegan,1 katori (100 g),100,179,13.5,5.8,13.0,3.0,1.4,357,179,13.5,5.8,13.0,high_protein,FITme recipe estimate from USDA FoodData Central ingredients,
fitme-in-tofu-bhurji-low-oil,Tofu bhurji (low oil),Tofu scramble,Sabzi (dry vegetable),Indian,vegan,1 katori (100 g),100,149,13.9,6.0,9.3,3.1,1.4,369,149,13.9,6.0,9.3,high_protein,FITme recipe estimate from USDA FoodData Central ingredients,
fitme-in-soya-chunks-bhurji,Soya chunks bhurji,Soya keema,Sabzi (dry vegetable),Indian,vegan,1 katori (100 g),100,171,15.2,14.7,6.9,6.8,6.4,353,171,15.2,14.7,6.9,high_protein|high_fiber|diet_friendly,FITme recipe estimate from USDA FoodData Central ingredients,
fitme-in-soya-chunks-bhurji-low-oil,Soya chunks bhurji (low oil),Soya keema,Sabzi (dry vegetable),Indian,vegan,1 katori (100 g),100,141,15.7,15.2,3.0,7.0,6.6,365,141,15.7,15.2,3.0,high_protein|high_fiber|low_fat|diet_friendly,FITme recipe estimate from USDA FoodData Central ingredients,
fitme-in-paneer-butter-masala,Paneer butter masala,Paneer makhani,Curry,Indian,vegetarian,1 katori (150 g),150,216,7.1,12.7,15.4,1.2,10.3,319,324,10.6,19.1,23.1,,FITme recipe estimate from USDA FoodData Central ingredients,
fitme-in-paneer-butter-masala-low-oil,Paneer butter masala (low oil),Paneer makhani,Curry,Indian,vegetarian,1 katori (150 g),150,156,7.4,13.5,8.0,1.2,11.4,341,234,11.0,20.3,12.0,,FITme recipe estimate from USDA FoodData Central ingredients,
fitme-in-kadai-paneer,Kadai paneer,Karahi paneer,Curry,Indian,vegetarian,1 katori (150 g),150,157,6.4,12.3,9.3,1.3,10.1,293,236,9.7,18.4,13.9,,FITme recipe estimate from USDA FoodData Central ingredients,
fitme-in-kadai-paneer-low-oil,Kadai paneer (low oil),Karahi paneer,Curry,Indian,vegetarian,1 katori (150 g),150,139,6.6,12.5,7.0,1.3,10.3,299,209,9.9,18.8,10.6,,FITme recipe estimate from USDA FoodData Central ingredients,
fitme-in-palak-paneer,Palak paneer,Saag paneer,Curry,Indian,vegetarian,1 katori (150 g),150,141,5.8,10.1,8.9,1.7,7.3,286,212,8.7,15.2,13.4,,FITme recipe estimate from USDA FoodData Central ingredients,
fitme-in-palak-paneer-low-oil,Palak paneer (low oil),Saag paneer,Curry,Indian,vegetarian,1 katori (150 g),150,115,6.0,10.6,5.7,1.8,7.6,301,172,9.1,15.9,8.5,diet_friendly,FITme recipe estimate from USDA FoodData Central ingredients,
fitme-in-matar-paneer,Matar paneer,Mutter paneer,Curry,Indian,vegetarian,1 katori (150 g),150,151,6.3,13.1,8.2,2.3,9.3,280,226,9.5,19.7,12.3,,FITme recipe estimate from USDA FoodData Central ingredients,
fitme-in-matar-paneer-low-oil,Matar paneer (low oil),Mutter paneer,Curry,Indian,vegetarian,1 katori (150 g),150,132,6.5,13.4,6.0,2.3,9.5,286,198,9.7,20.1,8.9,diet_friendly,FITme recipe estimate from USDA FoodData Central ingredients,
fitme-in-shahi-paneer,Shahi paneer,Paneer korma,Curry,Indian,vegetarian,1 katori (150 g),150,208,7.4,13.2,14.2,1.2,10.4,301,312,11.0,19.8,21.3,,FITme recipe estimate from USDA FoodData Central ingredients,
fitme-in-shahi-paneer-low-oil,Shahi paneer (low oil),Paneer korma,Curry,Indian,vegetarian,1 katori (150 g),150,156,7.4,13.5,8.0,1.2,11.4,341,234,11.0,20.3,12.0,,FITme recipe estimate from USDA FoodData Central ingredients,
fitme-in-paneer-tikka-masala,Paneer tikka masala,Paneer tikka gravy,Curry,Indian,vegetarian,1 katori (150 g),150,174,6.4,11.7,11.4,1.1,9.8,286,261,9.5,17.5,17.1,,FITme recipe estimate from USDA FoodData Central ingredients,
fitme-in-paneer-tikka-masala-low-oil,Paneer tikka masala (low oil),Paneer tikka gravy,Curry,Indian,vegetarian,1 katori (150 g),150,140,6.7,12.4,7.1,1.2,10.3,296,210,10.0,18.5,10.7,,FITme recipe estimate from USDA FoodData Central ingredients,
fitme-in-malai-kofta,Malai kofta,Kofta curry,Curry,Indian,vegetarian,1 katori (150 g),150,205,5.1,13.4,14.9,1.5,6.6,256,307,7.6,20.1,22.4,,FITme recipe estimate from USDA FoodData Central ingredients,
fitme-in-malai-kofta-low-oil,Malai kofta (low oil),Kofta curry,Curry,Indian,vegetarian,1 katori (150 g),150,124,5.1,14.5,5.2,1.6,7.3,297,186,7.7,21.8,7.8,diet_friendly,FITme recipe estimate from USDA FoodData Central ingredients,
fitme-in-mixed-veg-curry,Mixed veg curry,Sabz gravy,Curry,Indian,vegan,1 katori (150 g),150,70,1.9,9.1,3.4,2.7,3.1,214,105,2.8,13.6,5.0,low_calorie|diet_friendly,FITme recipe estimate from USDA FoodData Central ingredients,
fitme-in-mixed-veg-curry-low-oil,Mixed veg curry (low oil),Sabz gravy,Curry,Indian,vegan,1 katori (150 g),150,52,1.9,9.3,1.3,2.7,3.2,218,78,2.9,13.9,1.9,low_calorie|low_fat|diet_friendly,FITme recipe estimate from USDA FoodData Central ingredients,
fitme-in-dum-aloo,Dum aloo,Dum aloo,Curry,Indian,vegetarian,1 katori (150 g),150,85,1.8,12.4,3.5,2.0,2.0,206,128,2.8,18.5,5.3,,FITme recipe estimate from USDA FoodData Central ingredients,
fitme-in-dum-aloo-low-oil,Dum aloo (low oil),Dum aloo,Curry,Indian,vegetarian,1 katori (150 g),150,68,1.9,12.6,1.4,2.0,2.0,210,102,2.8,18.9,2.2,low_calorie|low_fat|diet_friendly,FITme recipe estimate from USDA FoodData Central ingredients,
fitme-in-aloo-matar-curry,Aloo matar curry,Aloo mutter gravy,Curry,Indian,vegan,1 katori (150 g),150,87,2.4,12.2,3.6,2.9,2.7,216,130,3.5,18.3,5.3,,FITme recipe estimate from USDA FoodData Central ingredients,
fitme-in-aloo-matar-curry-low-oil,Aloo matar curry (low oil),Aloo mutter gravy,Curry,Indian,vegan,1 katori (150 g),150,68,2.4,12.4,1.3,2.9,2.8,220,102,3.6,18.7,2.0,low_calorie|low_fat|diet_friendly,FITme recipe estimate from USDA FoodData Central ingredients,
fitme-in-mushroom-matar,Mushroom matar,Mushroom peas curry,Curry,Indian,vegan,1 katori (150 g),150,67,2.6,7.0,3.8,2.3,3.0,223,101,3.9,10.5,5.6,low_calorie,FITme recipe estimate from USDA FoodData Central ingredients,
fitme-in-mushroom-matar-low-oil,Mushroom matar (low oil),Mushroom peas curry,Curry,Indian,vegan,1 katori (150 g),150,48,2.6,7.2,1.5,2.4,3.0,228,71,4.0,10.7,2.2,low_calorie|low_fat|diet_friendly,FITme recipe estimate from USDA FoodData Central ingredients,
fitme-in-chicken-curry-home-style,Chicken curry (home style),Murgh curry,Non-veg curry,Indian,non_vegetarian,1 katori (150 g),150,112,11.9,3.1,5.6,0.9,1.2,256,167,17.8,4.7,8.5,high_protein,FITme recipe estimate from USDA FoodData Central ingredients,
fitme-in-chicken-curry-home-style-low-oil,Chicken curry (home style) (low oil),Murgh curry,Non-veg curry,Indian,non_vegetarian,1 katori (150 g),150,95,12.1,3.2,3.6,1.0,1.2,261,142,18.2,4.8,5.4,high_protein|diet_friendly,FITme recipe estimate from USDA FoodData Central ingredients,
fitme-in-butter-chicken,Butter chicken,Murgh makhani,Non-veg curry,Indian,non_vegetarian,1 katori (150 g),150,156,10.8,3.6,11.0,0.8,1.6,241,233,16.1,5.5,16.5,high_protein,FITme recipe estimate from USDA FoodData Central ingredients,
fitme-in-butter-chicken-low-oil,Butter chicken (low oil),Murgh makhani,Non-veg curry,Indian,non_vegetarian,1 katori (150 g),150,93,11.6,3.3,3.6,0.9,1.5,248,140,17.4,5.0,5.4,high_protein,FITme recipe estimate from USDA FoodData Central ingredients,
fitme-in-chicken-tikka-masala,Chicken tikka masala,Chicken tikka gravy,Non-veg curry,Indian,non_vegetarian,1 katori (150 g),150,132,12.2,3.3,7.8,0.8,1.6,213,198,18.2,4.9,11.6,high_protein,FITme recipe estimate from USDA FoodData Central ingredients,
fitme-in-chicken-tikka-masala-low-oil,Chicken tikka masala (low oil),Chicken tikka gravy,Non-veg curry,Indian,non_vegetarian,1 katori (150 g),150,92,13.0,3.4,2.8,0.9,1.6,217,138,19.5,5.1,4.2,high_protein|low_fat|diet_friendly,FITme recipe estimate from USDA FoodData Central ingredients,
fitme-in-kadai-chicken,Kadai chicken,Karahi chicken,Non-veg curry,Indian,non_vegetarian,1 katori (150 g),150,101,10.6,3.4,5.0,1.1,1.4,227,152,15.9,5.1,7.5,high_protein|diet_friendly,FITme recipe estimate from USDA FoodData Central ingredients,
fitme-in-kadai-chicken-low-oil,Kadai chicken (low oil),Karahi chicken,Non-veg curry,Indian,non_vegetarian,1 katori (150 g),150,86,10.8,3.5,3.2,1.1,1.4,231,129,16.2,5.2,4.8,high_protein|diet_friendly,FITme recipe estimate from USDA FoodData Central ingredients,
fitme-in-chicken-breast-curry,Chicken breast curry,Lean chicken curry,Non-veg curry,Indian,non_vegetarian,1 katori (150 g),150,111,13.5,3.1,4.8,0.9,1.2,227,167,20.3,4.7,7.2,high_protein|diet_friendly,FITme recipe estimate from USDA FoodData Central ingredients,
fitme-in-chicken-breast-curry-low-oil,Chicken breast curry (low oil),Lean chicken curry,Non-veg curry,Indian,non_vegetarian,1 katori (150 g),150,94,13.8,3.2,2.7,1.0,1.2,231,141,20.7,4.8,4.0,high_protein|low_fat|diet_friendly,FITme recipe estimate from USDA FoodData Central ingredients,
fitme-in-palak-chicken,Palak chicken,Saag chicken,Non-veg curry,Indian,non_vegetarian,1 katori (150 g),150,95,10.0,3.5,4.7,1.4,0.9,241,142,15.0,5.2,7.1,high_protein|diet_friendly,FITme recipe estimate from USDA FoodData Central ingredients,
fitme-in-palak-chicken-low-oil,Palak chicken (low oil),Saag chicken,Non-veg curry,Indian,non_vegetarian,1 katori (150 g),150,80,10.1,3.5,2.9,1.4,0.9,244,120,15.2,5.3,4.4,high_protein|low_fat|diet_friendly,FITme recipe estimate from USDA FoodData Central ingredients,
fitme-in-chicken-korma,Chicken korma,Murgh korma,Non-veg curry,Indian,non_vegetarian,1 katori (150 g),150,134,11.1,4.3,8.1,0.9,1.8,223,200,16.7,6.4,12.1,high_protein,FITme recipe estimate from USDA FoodData Central ingredients,
fitme-in-chicken-korma-low-oil,Chicken korma (low oil),Murgh korma,Non-veg curry,Indian,non_vegetarian,1 katori (150 g),150,92,11.3,3.4,3.6,0.9,1.7,240,138,17.0,5.1,5.4,high_protein|diet_friendly,FITme recipe estimate from USDA FoodData Central ingredients,
fitme-in-mutton-curry,Mutton curry,Gosht curry,Non-veg curry,Indian,non_vegetarian,1 katori (150 g),150,111,13.2,3.3,4.9,1.0,1.3,264,167,19.8,5.0,7.3,high_protein|diet_friendly,FITme recipe estimate from USDA FoodData Central ingredients,
fitme-in-mutton-curry-low-oil,Mutton curry (low oil),Gosht curry,Non-veg curry,Indian,non_vegetarian,1 katori (150 g),150,93,13.5,3.4,2.7,1.0,1.3,269,140,20.2,5.1,4.0,high_protein|low_fat|diet_friendly,FITme recipe estimate from USDA FoodData Central ingredients,
fitme-in-mutton-rogan-josh,Mutton rogan josh,Rogan josh,Non-veg curry,Indian,non_vegetarian,1 katori (150 g),150,108,12.3,3.6,4.8,0.9,1.7,244,162,18.5,5.4,7.2,high_protein|diet_friendly,FITme recipe estimate from USDA FoodData Central ingredients,
fitme-in-mutton-rogan-josh-low-oil,Mutton rogan josh (low oil),Rogan josh,Non-veg curry,Indian,non_vegetarian,1 katori (150 g),150,91,12.5,3.6,2.8,0.9,1.8,248,137,18.8,5.5,4.2,high_protein|low_fat|diet_friendly,FITme recipe estimate from USDA FoodData Central ingredients,
fitme-in-keema-matar,Keema matar,Mutton keema,Non-veg curry,Indian,non_vegetarian,1 katori (150 g),150,116,12.4,6.1,4.6,2.1,2.4,250,174,18.6,9.1,6.9,high_protein|diet_friendly,FITme recipe estimate from USDA FoodData Central ingredients,
fitme-in-keema-matar-low-oil,Keema matar (low oil),Mutton keema,Non-veg curry,Indian,non_vegetarian,1 katori (150 g),150,98,12.6,6.2,2.5,2.1,2.4,254,147,18.9,9.2,3.7,high_protein|low_fat|diet_friendly,FITme recipe estimate from USDA FoodData Central ingredients,
fitme-in-egg-curry,Egg curry,Anda curry,Egg dishes,Indian,eggetarian,1 katori (150 g),150,116,6.4,4.1,8.3,1.1,1.6,306,174,9.6,6.1,12.4,,FITme recipe estimate from USDA FoodData Central ingredients,
fitme-in-egg-curry-low-oil,Egg curry (low oil),Anda curry,Egg dishes,Indian,eggetarian,1 katori (150 g),150,95,6.6,4.2,5.9,1.2,1.7,313,143,9.9,6.3,8.8,high_protein,FITme recipe estimate from USDA FoodData Central ingredients,
fitme-in-fish-curry-home-style,Fish curry (home style),Machli curry,Non-veg curry,Indian,non_vegetarian,1 katori (150 g),150,115,10.8,3.1,6.5,0.9,1.2,230,173,16.2,4.7,9.7,high_protein,FITme recipe estimate from USDA FoodData Central ingredients,
fitme-in-fish-curry-home-style-low-oil,Fish curry (home style) (low oil),Machli curry,Non-veg curry,Indian,non_vegetarian,1 katori (150 g),150,98,11.0,3.2,4.5,1.0,1.2,234,147,16.5,4.8,6.7,high_protein|diet_friendly,FITme recipe estimate from USDA FoodData Central ingredients,
fitme-in-goan-fish-curry,Goan fish curry,Fish curry with coconut,Non-veg curry,Indian,non_vegetarian,1 katori (150 g),150,138,9.6,4.1,9.4,1.2,1.9,199,207,14.5,6.2,14.2,high_protein,FITme recipe estimate from USDA FoodData Central ingredients,
fitme-in-goan-fish-curry-low-oil,Goan fish curry (low oil),Fish curry with coconut,Non-veg curry,Indian,non_vegetarian,1 katori (150 g),150,124,9.8,4.2,7.8,1.2,1.9,202,186,14.7,6.3,11.6,high_protein,FITme recipe estimate from USDA FoodData Central ingredients,
fitme-in-prawn-masala,Prawn masala,Jhinga masala,Non-veg curry,Indian,non_vegetarian,1 katori (150 g),150,90,11.5,3.3,3.7,1.0,1.3,278,136,17.2,5.0,5.6,high_protein|diet_friendly,FITme recipe estimate from USDA FoodData Central ingredients,
fitme-in-prawn-masala-low-oil,Prawn masala (low oil),Jhinga masala,Non-veg curry,Indian,non_vegetarian,1 katori (150 g),150,72,11.7,3.4,1.5,1.0,1.3,283,108,17.6,5.1,2.3,high_protein|low_calorie|low_fat|diet_friendly,FITme recipe estimate from USDA FoodData Central ingredients,
fitme-in-chole-restaurant-style,Chole (restaurant style),Pindi chole,Curry,Indian,vegetarian,1 katori (150 g),150,144,4.1,13.9,8.5,3.0,3.0,195,216,6.1,20.9,12.7,,FITme recipe estimate from USDA FoodData Central ingredients,
fitme-in-chole-restaurant-style-low-oil,Chole (restaurant style) (low oil),Pindi chole,Curry,Indian,vegan,1 katori (150 g),150,92,4.3,14.7,2.2,3.2,3.2,199,139,6.5,22.1,3.3,low_fat|diet_friendly,FITme recipe estimate from USDA FoodData Central ingredients,
fitme-in-tofu-curry,Tofu curry,Tofu masala,Curry,Indian,vegan,1 katori (150 g),150,119,9.3,4.9,8.1,2.2,1.4,233,179,14.0,7.4,12.1,high_protein,FITme recipe estimate from USDA FoodData Central ingredients,
fitme-in-tofu-curry-low-oil,Tofu curry (low oil),Tofu masala,Curry,Indian,vegan,1 katori (150 g),150,100,9.5,5.0,5.8,2.3,1.4,238,151,14.2,7.5,8.7,high_protein,FITme recipe estimate from USDA FoodData Central ingredients,
fitme-in-soya-chunks-masala,Soya chunks masala,Nutrela curry,Curry,Indian,vegan,1 katori (150 g),150,94,8.0,8.4,3.8,3.6,3.7,229,141,12.0,12.6,5.7,high_protein|high_fiber|diet_friendly,FITme recipe estimate from USDA FoodData Central ingredients,
fitme-in-soya-chunks-masala-low-oil,Soya chunks masala (low oil),Nutrela curry,Curry,Indian,vegan,1 katori (150 g),150,74,8.2,8.6,1.5,3.7,3.8,234,112,12.3,12.9,2.2,high_protein|low_calorie|high_fiber|low_fat|diet_friendly,FITme recipe estimate from USDA FoodData Central ingredients,
fitme-in-kofta-curry-lauki,Kofta curry (lauki),Lauki kofta,Curry,Indian,vegan,1 katori (150 g),150,126,2.4,8.7,9.4,2.0,2.0,221,188,3.5,13.1,14.2,,FITme recipe estimate from USDA FoodData Central ingredients,
fitme-in-kofta-curry-lauki-low-oil,Kofta curry (lauki) (low oil),Lauki kofta,Curry,Indian,vegan,1 katori (150 g),150,61,2.5,9.3,1.8,2.1,2.2,236,91,3.8,14.0,2.7,low_calorie|low_fat|diet_friendly,FITme recipe estimate from USDA FoodData Central ingredients,
fitme-in-phulka-no-ghee,Phulka (no ghee),Roti / chapati,Roti & breads,Indian,vegan,1 roti (30 g),30,283,11.0,60.0,2.1,8.9,0.3,2,85,3.3,18.0,0.6,high_fiber|low_fat|diet_friendly,FITme recipe estimate from USDA FoodData Central ingredients,
fitme-in-roti-with-ghee,Roti with ghee,Chapati with ghee,Roti & breads,Indian,vegetarian,1 roti (33 g),33,339,10.0,54.5,11.0,8.1,0.3,2,112,3.3,18.0,3.6,high_fiber|diet_friendly,FITme recipe estimate from USDA FoodData Central ingredients,
fitme-in-plain-paratha,Plain paratha,Tawa paratha,Roti & breads,Indian,vegan,1 paratha (60 g),60,330,8.8,48.0,13.3,7.1,0.3,1,198,5.3,28.8,8.0,high_fiber|diet_friendly,FITme recipe estimate from USDA FoodData Central ingredients,
fitme-in-aloo-paratha,Aloo paratha,Aloo ka paratha,Roti & breads,Indian,vegan,1 paratha (120 g),120,243,6.7,39.6,7.9,6.0,0.8,4,292,8.0,47.5,9.4,high_fiber|diet_friendly,FITme recipe estimate from USDA FoodData Central ingredients,
fitme-in-gobi-paratha,Gobi paratha,Gobhi paratha,Roti & breads,Indian,vegan,1 paratha (110 g),110,230,6.9,35.0,8.5,5.8,1.1,15,253,7.6,38.5,9.4,high_fiber|diet_friendly,FITme recipe estimate from USDA FoodData Central ingredients,
fitme-in-paneer-paratha,Paneer paratha,Paneer paratha,Roti & breads,Indian,vegetarian,1 paratha (110 g),110,328,11.8,40.9,14.1,4.9,8.7,68,360,12.9,45.0,15.5,high_fiber|diet_friendly,FITme recipe estimate from USDA FoodData Central ingredients,
fitme-in-methi-thepla,Methi thepla,Thepla (fenugreek leaves approximated by spinach),Roti & breads,Indian,vegetarian,1 thepla (40 g),40,319,10.9,50.5,10.0,7.9,1.6,26,127,4.3,20.2,4.0,high_fiber|diet_friendly,FITme recipe estimate from USDA FoodData Central ingredients,
fitme-in-puri,Puri,Poori,Roti & breads,Indian,vegan,1 puri (25 g),25,408,9.0,48.9,21.7,7.3,0.3,1,102,2.2,12.2,5.4,high_fiber,FITme recipe estimate from USDA FoodData Central ingredients,
fitme-in-bhatura,Bhatura,Bhature,Roti & breads,Indian,vegetarian,1 bhatura (80 g),80,390,6.9,48.3,18.5,1.7,0.8,7,312,5.5,38.6,14.8,,FITme recipe estimate from USDA FoodData Central ingredients,
fitme-in-missi-roti,Missi roti,Besan roti,Roti & breads,Indian,vegetarian,1 roti (45 g),45,325,13.5,52.3,7.8,8.5,4.3,23,146,6.1,23.5,3.5,high_fiber|diet_friendly,FITme recipe estimate from USDA FoodData Central ingredients,
fitme-in-makki-ki-roti,Makki ki roti,Makki roti,Roti & breads,Indian,vegetarian,1 roti (60 g),60,332,6.1,57.7,9.4,5.5,0.5,26,199,3.7,34.6,5.6,,FITme recipe estimate from USDA FoodData Central ingredients,
fitme-in-bajra-roti,Bajra roti,Bajre ki roti,Roti & breads,Indian,vegan,1 roti (50 g),50,302,8.8,58.3,3.4,6.8,0.0,4,151,4.4,29.1,1.7,high_fiber|diet_friendly,FITme recipe estimate from USDA FoodData Central ingredients,
fitme-in-jowar-roti,Jowar roti,Jolada rotti / jowar bhakri,Roti & breads,Indian,vegan,1 roti (50 g),50,287,6.7,61.3,2.7,5.3,1.6,2,144,3.4,30.7,1.3,low_fat|diet_friendly,FITme recipe estimate from USDA FoodData Central ingredients,
fitme-in-multigrain-roti,Multigrain roti,Mixed atta roti,Roti & breads,Indian,vegan,1 roti (35 g),35,295,11.0,58.8,2.9,8.0,1.7,9,103,3.8,20.6,1.0,high_fiber|low_fat|diet_friendly,FITme recipe estimate from USDA FoodData Central ingredients,
fitme-in-tandoori-roti,Tandoori roti,Tandoori roti,Roti & breads,Indian,vegan,1 roti (50 g),50,272,10.6,57.6,2.0,8.6,0.3,2,136,5.3,28.8,1.0,high_fiber|low_fat|diet_friendly,FITme recipe estimate from USDA FoodData Central ingredients,
fitme-in-butter-naan,Butter naan,Naan with butter,Roti & breads,Indian,vegetarian,1 naan (90 g),90,329,7.7,54.2,8.6,1.8,3.5,68,296,6.9,48.7,7.7,,FITme recipe estimate from USDA FoodData Central ingredients,
fitme-in-plain-naan,Plain naan,Naan,Roti & breads,Indian,vegetarian,1 naan (85 g),85,301,8.1,57.3,3.8,1.9,3.7,12,256,6.9,48.7,3.2,,FITme recipe estimate from USDA FoodData Central ingredients,
fitme-in-lachha-paratha,Lachha paratha,Laccha paratha,Roti & breads,Indian,vegetarian,1 paratha (80 g),80,356,7.2,46.6,16.0,3.7,0.2,1,285,5.7,37.3,12.8,,FITme recipe estimate from USDA FoodData Central ingredients,
fitme-in-kulcha,Kulcha,Amritsari kulcha (plain),Roti & breads,Indian,vegetarian,1 kulcha (80 g),80,307,7.0,48.3,9.1,1.7,0.8,71,245,5.6,38.6,7.3,,FITme recipe estimate from USDA FoodData Central ingredients,
fitme-in-oats-roti,Oats roti,Oats chapati,Roti & breads,Indian,vegan,1 roti (35 g),35,279,11.5,53.6,3.4,8.2,0.2,2,98,4.0,18.7,1.2,high_fiber|diet_friendly,FITme recipe estimate from USDA FoodData Central ingredients,
fitme-in-jowar-bajra-bhakri,Jowar-bajra bhakri,Bajra-jowar bhakri,Roti & breads,Indian,vegan,1 bhakri (50 g),50,295,7.8,59.8,3.0,6.0,0.8,3,147,3.9,29.9,1.5,high_fiber|diet_friendly,FITme recipe estimate from USDA FoodData Central ingredients,
fitme-in-steamed-rice,Steamed rice,Chawal / plain rice,Rice dishes,Indian,vegan,1 katori (150 g),150,122,2.4,26.6,0.2,0.4,0.0,2,182,3.6,40.0,0.3,low_fat,FITme recipe estimate from USDA FoodData Central ingredients,
fitme-in-brown-rice,Brown rice,Brown chawal,Rice dishes,Indian,vegan,1 katori (150 g),150,122,2.5,25.4,1.1,1.2,0.2,2,184,3.8,38.1,1.6,low_fat|diet_friendly,FITme recipe estimate from USDA FoodData Central ingredients,
fitme-in-jeera-rice,Jeera rice,Cumin rice,Rice dishes,Indian,vegetarian,1 katori (150 g),150,154,2.5,26.9,3.7,0.5,0.1,261,231,3.7,40.4,5.6,,FITme recipe estimate from USDA FoodData Central ingredients,
fitme-in-veg-pulao,Veg pulao,Vegetable pulav,Rice dishes,Indian,vegan,1 katori (150 g),150,129,2.5,22.5,3.1,1.4,1.6,286,193,3.8,33.7,4.6,,FITme recipe estimate from USDA FoodData Central ingredients,
fitme-in-matar-pulao,Matar pulao,Peas pulao,Rice dishes,Indian,vegetarian,1 katori (150 g),150,134,2.9,23.8,2.8,1.5,1.4,301,201,4.3,35.7,4.2,low_fat,FITme recipe estimate from USDA FoodData Central ingredients,
fitme-in-moong-dal-khichdi,Moong dal khichdi,Khichdi,Rice dishes,Indian,vegetarian,1 katori (200 g),200,84,2.7,14.3,1.8,1.6,0.5,226,168,5.4,28.5,3.5,low_fat,FITme recipe estimate from USDA FoodData Central ingredients,
fitme-in-vegetable-khichdi-low-oil,Vegetable khichdi (low oil),Masala khichdi light,Rice dishes,Indian,vegan,1 katori (200 g),200,70,2.7,12.9,0.9,2.0,1.3,201,140,5.4,25.8,1.8,low_calorie|low_fat|diet_friendly,FITme recipe estimate from USDA FoodData Central ingredients,
fitme-in-curd-rice,Curd rice,Thayir sadam / dahi chawal,Rice dishes,Indian,vegetarian,1 katori (200 g),200,95,2.8,14.3,2.8,0.2,2.3,188,189,5.6,28.5,5.7,low_fat,FITme recipe estimate from USDA FoodData Central ingredients,
fitme-in-lemon-rice,Lemon rice,Chitranna,Rice dishes,Indian,vegan,1 katori (150 g),150,167,3.4,24.9,6.1,1.0,0.4,231,251,5.1,37.3,9.1,,FITme recipe estimate from USDA FoodData Central ingredients,
fitme-in-tamarind-rice,Tamarind rice,Puliyogare,Rice dishes,Indian,vegan,1 katori (150 g),150,194,3.6,28.8,7.3,1.2,3.8,226,291,5.3,43.3,11.0,,FITme recipe estimate from USDA FoodData Central ingredients,
fitme-in-chicken-biryani-home-style,Chicken biryani (home style),Murgh biryani,Rice dishes,Indian,non_vegetarian,1 plate (250 g),250,158,8.1,16.6,6.3,0.9,1.0,247,394,20.1,41.4,15.8,,FITme recipe estimate from USDA FoodData Central ingredients,
fitme-in-veg-biryani-home-style,Veg biryani (home style),Subz biryani,Rice dishes,Indian,vegetarian,1 plate (250 g),250,130,2.4,20.5,4.3,1.6,1.7,232,325,6.1,51.3,10.7,,FITme recipe estimate from USDA FoodData Central ingredients,
fitme-in-egg-fried-rice,Egg fried rice,Egg fried rice,Rice dishes,Indian,eggetarian,1 plate (200 g),200,140,4.3,18.3,5.3,0.7,0.8,278,280,8.6,36.6,10.6,,FITme recipe estimate from USDA FoodData Central ingredients,
fitme-in-jeera-rice-with-quinoa,Jeera rice with quinoa,Quinoa pulao,Rice dishes,Indian,vegan,1 katori (150 g),150,129,4.6,20.4,3.4,2.9,1.4,214,193,6.8,30.6,5.1,diet_friendly,FITme recipe estimate from USDA FoodData Central ingredients,
fitme-in-poha,Poha,Kanda poha,Breakfast,Indian,vegan,1 plate (150 g),150,187,4.3,28.6,6.3,2.0,1.8,392,281,6.4,42.8,9.4,,FITme recipe estimate from USDA FoodData Central ingredients,
fitme-in-poha-low-oil-extra-veg,"Poha (low oil, extra veg)",Light poha,Breakfast,Indian,vegan,1 plate (150 g),150,131,3.0,25.6,1.8,1.9,2.5,401,197,4.4,38.4,2.7,low_fat|diet_friendly,FITme recipe estimate from USDA FoodData Central ingredients,
fitme-in-upma,Upma,Rava upma,Breakfast,Indian,vegan,1 plate (180 g),180,110,3.0,16.6,3.5,1.5,1.1,303,198,5.5,29.8,6.2,,FITme recipe estimate from USDA FoodData Central ingredients,
fitme-in-vegetable-daliya,Vegetable daliya,Broken wheat upma,Breakfast,Indian,vegan,1 katori (180 g),180,77,2.5,14.5,1.5,2.8,1.4,244,138,4.5,26.0,2.7,low_calorie|high_fiber|low_fat|diet_friendly,FITme recipe estimate from USDA FoodData Central ingredients,
fitme-in-sweet-daliya-milk,Sweet daliya (milk),Meetha daliya,Breakfast,Indian,vegetarian,1 katori (200 g),200,99,3.5,17.1,2.2,1.6,7.8,30,197,7.0,34.2,4.4,low_fat,FITme recipe estimate from USDA FoodData Central ingredients,
fitme-in-oats-upma,Oats upma,Masala oats,Breakfast,Indian,vegan,1 katori (180 g),180,95,3.6,14.8,2.7,2.8,1.6,275,172,6.6,26.6,4.8,high_fiber|low_fat|diet_friendly,FITme recipe estimate from USDA FoodData Central ingredients,
fitme-in-oats-porridge-milk,Oats porridge (milk),Oats with milk,Breakfast,Indian,vegetarian,1 bowl (250 g),250,112,4.5,17.2,3.1,1.9,6.8,29,281,11.3,43.0,7.9,,FITme recipe estimate from USDA FoodData Central ingredients,
fitme-in-mango-smoothie-bowl-curd,Mango smoothie bowl (curd),Aam curd bowl,Diet meals,Indian,vegetarian,1 bowl (220 g),220,77,4.4,12.3,1.4,1.0,8.8,45,169,9.6,27.0,3.1,low_calorie|low_fat|diet_friendly,FITme recipe estimate from USDA FoodData Central ingredients,
fitme-in-dates-and-nuts-2-dates-5-almonds,Dates and nuts (2 dates + 5 almonds),Khajur badam,Snacks,Indian,vegan,1 serving (30 g),30,337,5.7,64.3,10.1,7.9,54.0,1,101,1.7,19.3,3.0,high_fiber|diet_friendly,FITme recipe estimate from USDA FoodData Central ingredients,
fitme-in-overnight-oats-curd-chia,"Overnight oats (curd, chia)",Overnight oats,Breakfast,Indian,vegetarian,1 jar (250 g),250,117,6.2,17.6,2.8,2.7,6.2,45,293,15.4,44.1,6.9,high_fiber|low_fat|diet_friendly,FITme recipe estimate from USDA FoodData Central ingredients,
fitme-in-besan-chilla,Besan chilla,Besan cheela,Breakfast,Indian,vegan,1 chilla (80 g),80,213,10.2,27.7,6.7,5.3,5.9,31,170,8.2,22.1,5.4,diet_friendly,FITme recipe estimate from USDA FoodData Central ingredients,
fitme-in-moong-dal-chilla,Moong dal chilla,Pesarattu,Breakfast,Indian,vegan,1 chilla (90 g),90,172,9.5,26.0,3.8,6.6,3.2,7,154,8.5,23.4,3.4,high_fiber|diet_friendly,FITme recipe estimate from USDA FoodData Central ingredients,
fitme-in-paneer-stuffed-moong-chilla,Paneer stuffed moong chilla,Paneer chilla,Breakfast,Indian,vegetarian,1 chilla (120 g),120,201,11.0,24.7,6.7,4.9,8.1,51,242,13.2,29.6,8.1,high_fiber|diet_friendly,FITme recipe estimate from USDA FoodData Central ingredients,
fitme-in-oats-chilla,Oats chilla,Oats cheela,Breakfast,Indian,vegan,1 chilla (80 g),80,235,9.4,33.7,7.2,5.7,2.2,10,188,7.5,27.0,5.8,diet_friendly,FITme recipe estimate from USDA FoodData Central ingredients,
fitme-in-masala-omelette-2-eggs,Masala omelette (2 eggs),Anda omelette,Egg dishes,Indian,eggetarian,1 omelette (130 g),130,153,10.0,2.6,11.2,0.4,1.3,111,199,13.0,3.4,14.6,high_protein,FITme recipe estimate from USDA FoodData Central ingredients,
fitme-in-egg-bhurji-2-eggs,Egg bhurji (2 eggs),Anda bhurji,Egg dishes,Indian,eggetarian,1 serving (140 g),140,159,9.4,3.3,11.9,0.9,1.5,103,223,13.2,4.6,16.7,,FITme recipe estimate from USDA FoodData Central ingredients,
fitme-in-egg-white-bhurji-4-whites,Egg white bhurji (4 whites),Egg white scramble,Egg dishes,Indian,eggetarian,1 serving (160 g),160,62,9.2,2.7,1.4,0.5,1.7,136,100,14.7,4.3,2.3,high_protein|low_calorie|low_fat|diet_friendly,FITme recipe estimate from USDA FoodData Central ingredients,
fitme-in-boiled-eggs-2,Boiled eggs (2),Ubla anda,Egg dishes,Indian,eggetarian,2 eggs (100 g),100,143,12.6,0.7,9.5,0.0,0.4,142,143,12.6,0.7,9.5,high_protein,FITme recipe estimate from USDA FoodData Central ingredients,
fitme-in-idli-home-style,Idli (home style),Idly,Breakfast,Indian,vegan,2 idlis (100 g),100,144,4.7,29.9,0.4,2.2,0.0,5,144,4.7,29.9,0.4,low_fat|diet_friendly,FITme recipe estimate from USDA FoodData Central ingredients,
fitme-in-plain-dosa-home-style,Plain dosa (home style),Dosai,Breakfast,Indian,vegan,1 dosa (90 g),90,237,6.1,39.0,6.0,2.9,0.0,7,213,5.5,35.1,5.4,,FITme recipe estimate from USDA FoodData Central ingredients,
fitme-in-masala-dosa-home-style,Masala dosa (home style),Masala dosai,Breakfast,Indian,vegan,1 dosa (200 g),200,158,3.8,26.3,4.3,2.4,0.8,6,317,7.6,52.7,8.5,,FITme recipe estimate from USDA FoodData Central ingredients,
fitme-in-rava-dosa,Rava dosa,Rava dosai,Breakfast,Indian,vegan,1 dosa (90 g),90,230,4.6,33.7,8.2,1.2,0.0,1,207,4.1,30.4,7.4,,FITme recipe estimate from USDA FoodData Central ingredients,
fitme-in-uttapam,Uttapam,Onion tomato uttapam,Breakfast,Indian,vegan,1 uttapam (150 g),150,171,4.4,28.5,4.4,2.4,1.1,6,257,6.6,42.8,6.5,,FITme recipe estimate from USDA FoodData Central ingredients,
fitme-in-medu-vada,Medu vada,Vada,Breakfast,Indian,vegan,1 vada (50 g),50,294,11.2,26.5,16.7,8.2,0.3,17,147,5.6,13.3,8.4,high_fiber,FITme recipe estimate from USDA FoodData Central ingredients,
fitme-in-dhokla,Dhokla,Khaman dhokla,Breakfast,Indian,vegetarian,2 pieces (80 g),80,207,9.2,26.4,7.1,4.2,8.5,30,165,7.3,21.1,5.7,diet_friendly,FITme recipe estimate from USDA FoodData Central ingredients,
fitme-in-vegetable-sandwich-brown-bread,Vegetable sandwich (brown bread),Veg sandwich,Breakfast,Indian,vegetarian,1 sandwich (150 g),150,145,5.8,20.9,4.5,3.1,3.2,220,217,8.7,31.4,6.7,,FITme recipe estimate from USDA FoodData Central ingredients,
fitme-in-paneer-sandwich-brown-bread,Paneer sandwich (brown bread),Paneer sandwich,Breakfast,Indian,vegetarian,1 sandwich (160 g),160,200,10.3,25.2,6.3,2.6,10.3,236,320,16.5,40.2,10.1,diet_friendly,FITme recipe estimate from USDA FoodData Central ingredients,
fitme-in-sprouts-poha,Sprouts poha,Sprouts poha,Breakfast,Indian,vegan,1 plate (160 g),160,125,2.9,23.8,2.1,1.2,2.2,4,201,4.7,38.1,3.4,low_fat|diet_friendly,FITme recipe estimate from USDA FoodData Central ingredients,
fitme-in-samosa-home-style,Samosa (home style),Aloo samosa,Snacks,Indian,vegan,1 samosa (70 g),70,310,4.7,33.8,17.5,2.3,0.9,4,217,3.3,23.6,12.3,,FITme recipe estimate from USDA FoodData Central ingredients,
fitme-in-onion-pakora,Onion pakora,Pyaz bhajji,Snacks,Indian,vegan,5 pieces (60 g),60,329,8.1,24.7,22.3,4.6,6.1,24,197,4.9,14.8,13.4,,FITme recipe estimate from USDA FoodData Central ingredients,
fitme-in-paneer-pakora,Paneer pakora,Paneer pakoda,Snacks,Indian,vegetarian,4 pieces (80 g),80,373,13.1,23.5,25.0,2.0,15.2,116,299,10.5,18.8,20.0,high_sugar,FITme recipe estimate from USDA FoodData Central ingredients,
fitme-in-pav-bhaji,Pav bhaji,Pav bhaji,Snacks,Indian,vegetarian,1 plate (bhaji 200 g + 2 pav),280,187,4.5,28.7,6.2,2.8,2.5,55,523,12.6,80.3,17.4,high_fiber,FITme recipe estimate from USDA FoodData Central ingredients,
fitme-in-vada-pav,Vada pav,Vada pav,Snacks,Indian,vegan,1 vada pav (140 g),140,262,6.5,37.0,9.6,2.8,1.5,10,366,9.0,51.8,13.5,,FITme recipe estimate from USDA FoodData Central ingredients,
fitme-in-pani-puri-6-pieces,Pani puri (6 pieces),Golgappa,Snacks,Indian,vegan,6 puris (120 g),120,179,4.1,25.0,7.3,2.3,3.5,5,215,4.9,30.0,8.8,,FITme recipe estimate from USDA FoodData Central ingredients,
fitme-in-bhel-puri,Bhel puri,Bhel,Snacks,Indian,vegan,1 plate (120 g),120,246,6.3,37.8,8.0,2.7,5.2,11,295,7.6,45.3,9.6,,FITme recipe estimate from USDA FoodData Central ingredients,
fitme-in-aloo-tikki,Aloo tikki,Aloo patties,Snacks,Indian,vegan,2 tikkis (100 g),100,158,2.8,19.1,8.2,2.4,1.2,5,158,2.8,19.1,8.2,,FITme recipe estimate from USDA FoodData Central ingredients,
fitme-in-dahi-vada,Dahi vada,Dahi bhalla,Snacks,Indian,vegetarian,2 vadas with curd (150 g),150,177,7.1,17.9,8.9,3.7,6.1,35,265,10.7,26.9,13.4,high_fiber,FITme recipe estimate from USDA FoodData Central ingredients,
fitme-in-chole-bhature,Chole bhature,Chole bhature,Snacks,Indian,vegetarian,1 plate (1 katori chole + 2 bhature),310,245,6.7,35.5,8.5,3.0,2.7,8,760,20.9,109.9,26.5,high_fiber,FITme recipe estimate from USDA FoodData Central ingredients,
fitme-in-kathi-roll-paneer,Kathi roll (paneer),Paneer frankie,Snacks,Indian,vegetarian,1 roll (180 g),180,261,8.6,30.8,11.2,1.2,9.0,66,470,15.5,55.4,20.2,,FITme recipe estimate from USDA FoodData Central ingredients,
fitme-in-kathi-roll-chicken,Kathi roll (chicken),Chicken frankie,Snacks,Indian,non_vegetarian,1 roll (180 g),180,212,13.2,22.8,7.2,1.0,0.9,24,382,23.8,41.0,12.9,,FITme recipe estimate from USDA FoodData Central ingredients,
fitme-in-veg-momos-steamed,Veg momos (steamed),Momo,Snacks,Indian,vegan,6 momos (150 g),150,169,4.4,32.1,2.4,2.4,2.2,16,253,6.7,48.2,3.7,low_fat,FITme recipe estimate from USDA FoodData Central ingredients,
fitme-in-chicken-momos-steamed,Chicken momos (steamed),Chicken momo,Snacks,Indian,non_vegetarian,6 momos (150 g),150,212,13.1,28.9,4.3,1.2,0.5,45,317,19.6,43.4,6.4,,FITme recipe estimate from USDA FoodData Central ingredients,
fitme-in-masala-peanuts-roasted,Masala peanuts (roasted),Moongphali,Snacks,Indian,vegan,1 handful (30 g),30,555,25.6,18.9,46.4,8.7,5.1,21,166,7.7,5.7,13.9,high_fiber,FITme recipe estimate from USDA FoodData Central ingredients,
fitme-in-roasted-chana,Roasted chana,Bhuna chana,Snacks,Indian,vegan,1 handful (30 g),30,416,22.5,69.2,6.6,13.4,11.8,26,125,6.8,20.8,2.0,high_fiber,FITme recipe estimate from USDA FoodData Central ingredients,
fitme-in-roasted-makhana,Roasted makhana,Phool makhana,Snacks,Indian,vegetarian,1 bowl (25 g),25,391,14.8,61.9,9.9,0.0,0.0,5,98,3.7,15.5,2.5,diet_friendly,FITme recipe estimate from USDA FoodData Central ingredients,
fitme-in-sprouts-chaat,Sprouts chaat,Moong sprouts chaat,Snacks,Indian,vegan,1 bowl (150 g),150,29,2.3,6.2,0.2,1.6,3.9,5,44,3.5,9.3,0.3,low_calorie|low_fat|diet_friendly,FITme recipe estimate from USDA FoodData Central ingredients,
fitme-in-chana-chaat,Chana chaat,Kala chana chaat,Snacks,Indian,vegan,1 bowl (150 g),150,134,7.1,23.0,2.1,4.5,4.6,9,202,10.6,34.5,3.1,high_fiber|low_fat|diet_friendly,FITme recipe estimate from USDA FoodData Central ingredients,
fitme-in-corn-chaat,Corn chaat,Sweet corn chaat,Snacks,Indian,vegetarian,1 cup (120 g),120,95,2.9,16.9,3.2,1.9,5.8,29,115,3.5,20.3,3.9,low_calorie|diet_friendly,FITme recipe estimate from USDA FoodData Central ingredients,
fitme-in-fruit-chaat,Fruit chaat,Fruit chaat,Snacks,Indian,vegan,1 bowl (150 g),150,63,1.0,15.4,0.5,3.0,10.0,3,94,1.6,23.0,0.7,low_calorie|low_fat|diet_friendly,FITme recipe estimate from USDA FoodData Central ingredients,
fitme-in-paneer-tikka-grilled,Paneer tikka (grilled),Paneer tikka,Snacks,Indian,vegetarian,6 pieces (150 g),150,263,13.2,20.6,13.9,1.2,19.5,151,394,19.7,31.0,20.9,high_sugar,FITme recipe estimate from USDA FoodData Central ingredients,
fitme-in-tandoori-chicken-2-pieces,Tandoori chicken (2 pieces),Tandoori murgh,Non-veg dry,Indian,non_vegetarian,2 pieces (180 g cooked),180,170,22.3,2.0,7.6,1.0,1.0,113,305,40.2,3.6,13.7,high_protein|diet_friendly,FITme recipe estimate from USDA FoodData Central ingredients,
fitme-in-chicken-tikka-grilled-breast,Chicken tikka (grilled breast),Murgh tikka,Non-veg dry,Indian,non_vegetarian,6 pieces (150 g),150,165,26.1,2.3,5.1,0.9,1.3,63,247,39.2,3.4,7.6,high_protein|diet_friendly,FITme recipe estimate from USDA FoodData Central ingredients,
fitme-in-fish-tikka-grilled,Fish tikka (grilled),Machli tikka,Non-veg dry,Indian,non_vegetarian,6 pieces (150 g),150,171,20.8,2.1,8.3,0.9,1.1,65,256,31.2,3.1,12.5,high_protein|diet_friendly,FITme recipe estimate from USDA FoodData Central ingredients,
fitme-in-fish-fry-tawa,Fish fry (tawa),Tawa machli,Non-veg dry,Indian,non_vegetarian,2 pieces (120 g),120,245,21.2,5.3,15.2,2.1,0.8,59,294,25.4,6.3,18.2,high_protein,FITme recipe estimate from USDA FoodData Central ingredients,
fitme-in-chicken-seekh-kebab,Chicken seekh kebab,Seekh kebab,Non-veg dry,Indian,non_vegetarian,2 kebabs (100 g),100,184,24.0,2.5,8.2,1.3,0.7,116,184,24.0,2.5,8.2,high_protein|diet_friendly,FITme recipe estimate from USDA FoodData Central ingredients,
fitme-in-mutton-seekh-kebab,Mutton seekh kebab,Gosht seekh,Non-veg dry,Indian,non_vegetarian,2 kebabs (100 g),100,175,26.2,2.5,6.2,1.3,0.7,104,175,26.2,2.5,6.2,high_protein|diet_friendly,FITme recipe estimate from USDA FoodData Central ingredients,
fitme-in-dhokla-style-steamed-besan-no-sugar,Dhokla-style steamed besan (no sugar),Plain besan dhokla,Snacks,Indian,vegetarian,2 pieces (80 g),80,175,9.1,22.6,5.2,4.0,4.9,33,140,7.2,18.1,4.2,diet_friendly,FITme recipe estimate from USDA FoodData Central ingredients,
fitme-in-cucumber-raita,Cucumber raita,Kheera raita,Sides & salads,Indian,vegetarian,1 katori (150 g),150,51,2.8,4.6,2.5,0.2,3.9,292,76,4.2,7.0,3.8,low_calorie|low_fat|diet_friendly,FITme recipe estimate from USDA FoodData Central ingredients,
fitme-in-cucumber-raita-low-fat-curd,Cucumber raita (low-fat curd),Light raita,Sides & salads,Indian,vegetarian,1 katori (150 g),150,52,4.1,6.4,1.3,0.2,5.6,309,79,6.2,9.6,2.0,low_calorie|low_fat|diet_friendly,FITme recipe estimate from USDA FoodData Central ingredients,
fitme-in-boondi-raita,Boondi raita,Boondi raita,Sides & salads,Indian,vegetarian,1 katori (150 g),150,122,4.7,8.4,7.8,0.8,4.9,333,183,7.1,12.6,11.7,,FITme recipe estimate from USDA FoodData Central ingredients,
fitme-in-plain-curd-dahi,Plain curd (dahi),Dahi,Sides & salads,Indian,vegetarian,1 katori (150 g),150,61,3.5,4.7,3.2,0.0,4.7,46,92,5.2,7.0,4.9,low_calorie,FITme recipe estimate from USDA FoodData Central ingredients,
fitme-in-low-fat-curd-dahi,Low-fat curd (dahi),Toned-milk dahi,Sides & salads,Indian,vegetarian,1 katori (150 g),150,63,5.2,7.0,1.6,0.0,7.0,70,94,7.9,10.6,2.3,low_calorie|low_fat|diet_friendly,FITme recipe estimate from USDA FoodData Central ingredients,
fitme-in-hung-curd-greek-style,Hung curd (Greek-style),Chakka,Sides & salads,Indian,vegetarian,1 katori (100 g),100,139,11.6,15.5,3.4,0.0,15.5,154,139,11.6,15.5,3.4,high_protein|diet_friendly,FITme recipe estimate from USDA FoodData Central ingredients,
fitme-in-kachumber-salad,Kachumber salad,Indian salad,Sides & salads,Indian,vegan,1 bowl (150 g),150,22,0.8,5.1,0.1,1.0,2.6,4,33,1.3,7.7,0.2,low_calorie|low_fat|diet_friendly,FITme recipe estimate from USDA FoodData Central ingredients,
fitme-in-green-salad,Green salad,Salad,Sides & salads,Indian,vegan,1 plate (150 g),150,21,0.8,4.9,0.2,1.3,2.6,20,32,1.1,7.4,0.2,low_calorie|low_fat|diet_friendly,FITme recipe estimate from USDA FoodData Central ingredients,
fitme-in-coconut-chutney,Coconut chutney,Nariyal chutney,Sides & salads,Indian,vegan,2 tbsp (30 g),30,280,4.0,15.4,24.0,6.6,4.8,14,84,1.2,4.6,7.2,high_fiber,FITme recipe estimate from USDA FoodData Central ingredients,
fitme-in-green-chutney,Green chutney,Hari chutney,Sides & salads,Indian,vegan,1 tbsp (15 g),15,25,1.9,5.0,0.4,2.3,1.7,865,4,0.3,0.7,0.1,low_calorie|low_fat|high_sodium,FITme recipe estimate from USDA FoodData Central ingredients,
fitme-in-tamarind-chutney,Tamarind chutney,Imli chutney,Sides & salads,Indian,vegan,1 tbsp (20 g),20,224,0.9,58.0,0.2,1.5,50.4,20,45,0.2,11.6,0.0,low_fat|high_sugar,FITme recipe estimate from USDA FoodData Central ingredients,
fitme-in-papad-roasted,Papad (roasted),Papadum,Sides & salads,Indian,vegan,1 papad (12 g),12,313,23.1,54.1,1.5,16.8,0.0,3265,38,2.8,6.5,0.2,high_fiber|low_fat|high_sodium,FITme recipe estimate from USDA FoodData Central ingredients,
fitme-in-papad-fried,Papad (fried),Fried papadum,Sides & salads,Indian,vegan,1 papad (15 g),15,486,18.5,43.3,27.9,13.4,0.0,2612,73,2.8,6.5,4.2,high_fiber|high_sodium,FITme recipe estimate from USDA FoodData Central ingredients,
fitme-in-pickle-oil-based,Pickle (oil-based),Achaar,Sides & salads,Indian,vegan,1 tsp (10 g),10,328,1.8,13.1,31.6,6.1,7.1,3882,33,0.2,1.3,3.2,high_fiber|high_sodium,FITme recipe estimate from USDA FoodData Central ingredients,
fitme-in-masala-chai-milk-sugar,"Masala chai (milk, sugar)",Chai,Drinks,Indian,vegetarian,1 cup (150 ml),150,50,1.5,7.7,1.5,0.0,7.7,22,74,2.2,11.6,2.3,low_calorie|low_fat,FITme recipe estimate from USDA FoodData Central ingredients,
fitme-in-chai-without-sugar,Chai without sugar,Pheeki chai,Drinks,Indian,vegetarian,1 cup (150 ml),150,29,1.5,2.4,1.5,0.0,2.4,22,44,2.2,3.6,2.3,low_calorie|low_fat,FITme recipe estimate from USDA FoodData Central ingredients,
fitme-in-filter-coffee,Filter coffee,Kaapi,Drinks,Indian,vegetarian,1 tumbler (150 ml),150,58,1.9,8.2,2.0,0.0,8.4,27,86,2.9,12.3,2.9,low_calorie|low_fat,FITme recipe estimate from USDA FoodData Central ingredients,
fitme-in-black-coffee,Black coffee,Black coffee,Drinks,Indian,vegan,1 cup (200 ml),200,1,0.1,0.0,0.0,0.0,0.0,2,2,0.2,0.0,0.0,low_calorie|low_fat|diet_friendly,FITme recipe estimate from USDA FoodData Central ingredients,
fitme-in-chaas-buttermilk,Chaas (buttermilk),Mattha,Drinks,Indian,vegetarian,1 glass (250 ml),250,27,2.2,3.0,0.7,0.0,2.8,183,66,5.4,7.5,1.8,low_calorie|low_fat|diet_friendly,FITme recipe estimate from USDA FoodData Central ingredients,
fitme-in-sweet-lassi,Sweet lassi,Meethi lassi,Drinks,Indian,vegetarian,1 glass (250 ml),250,87,3.1,12.3,3.0,0.0,12.3,42,218,7.8,30.8,7.5,low_fat|high_sugar,FITme recipe estimate from USDA FoodData Central ingredients,
fitme-in-salted-lassi,Salted lassi,Namkeen lassi,Drinks,Indian,vegetarian,1 glass (250 ml),250,44,2.5,3.4,2.3,0.0,3.4,188,110,6.2,8.4,5.8,low_calorie|low_fat,FITme recipe estimate from USDA FoodData Central ingredients,
fitme-in-mango-lassi,Mango lassi,Aam lassi,Drinks,Indian,vegetarian,1 glass (250 ml),250,76,2.4,12.5,2.2,0.5,12.1,29,191,6.1,31.2,5.5,low_calorie|low_fat|high_sugar,FITme recipe estimate from USDA FoodData Central ingredients,
fitme-in-nimbu-pani-sugar,Nimbu pani (sugar),Shikanji,Drinks,Indian,vegan,1 glass (250 ml),250,25,0.0,6.6,0.0,0.0,6.2,155,62,0.1,16.4,0.0,low_calorie|low_fat|high_sugar,FITme recipe estimate from USDA FoodData Central ingredients,
fitme-in-nimbu-pani-no-sugar,Nimbu pani (no sugar),Lemon water,Drinks,Indian,vegan,1 glass (250 ml),250,2,0.0,0.6,0.0,0.0,0.2,155,4,0.1,1.4,0.0,low_calorie|low_fat|diet_friendly,FITme recipe estimate from USDA FoodData Central ingredients,
fitme-in-haldi-doodh,Haldi doodh,Turmeric milk,Drinks,Indian,vegetarian,1 glass (200 ml),200,72,3.2,7.5,3.3,0.3,7.5,44,144,6.4,15.1,6.6,low_calorie,FITme recipe estimate from USDA FoodData Central ingredients,
fitme-in-sattu-drink-savoury,Sattu drink (savoury),Sattu sharbat (roasted gram approximated by chickpea flour),Drinks,Indian,vegan,1 glass (250 ml),250,46,2.6,6.9,0.8,1.3,1.3,160,115,6.6,17.3,2.0,low_calorie|low_fat|diet_friendly,FITme recipe estimate from USDA FoodData Central ingredients,
fitme-in-whey-protein-shake-water,Whey protein shake (water),Protein shake,Drinks,Indian,vegetarian,1 scoop in water (330 ml),330,33,5.3,2.6,0.1,0.0,0.1,34,108,17.4,8.7,0.3,high_protein|low_calorie|low_fat|diet_friendly,FITme recipe estimate from USDA FoodData Central ingredients,
fitme-in-whey-protein-shake-toned-milk,Whey protein shake (toned milk),Protein shake with milk,Drinks,Indian,vegetarian,1 scoop in milk (280 ml),280,76,9.2,7.6,1.0,0.0,4.8,79,213,25.9,21.2,2.8,high_protein|low_calorie|low_fat|diet_friendly,FITme recipe estimate from USDA FoodData Central ingredients,
fitme-in-banana-peanut-butter-smoothie,Banana peanut butter smoothie,Banana shake (PB),Drinks,Indian,vegetarian,1 glass (300 ml),300,96,4.0,13.7,3.4,1.4,7.6,27,288,12.0,41.1,10.3,diet_friendly,FITme recipe estimate from USDA FoodData Central ingredients,
fitme-in-badam-milk,Badam milk,Almond milk (dairy),Drinks,Indian,vegetarian,1 glass (200 ml),200,104,4.0,10.4,5.5,0.6,9.8,41,208,8.0,20.7,10.9,,FITme recipe estimate from USDA FoodData Central ingredients,
fitme-in-coconut-water,Coconut water,Nariyal pani,Drinks,Indian,vegan,1 glass (240 ml),240,19,0.7,3.7,0.2,1.1,2.6,105,46,1.7,8.9,0.5,low_calorie|low_fat|diet_friendly,FITme recipe estimate from USDA FoodData Central ingredients,
fitme-in-kheer-rice,Kheer (rice),Chawal ki kheer,Sweets,Indian,vegetarian,1 katori (150 g),150,153,4.9,21.7,5.4,0.4,15.7,52,230,7.3,32.6,8.1,high_sugar,FITme recipe estimate from USDA FoodData Central ingredients,
fitme-in-suji-halwa,Suji halwa,Sheera,Sweets,Indian,vegetarian,1 katori (100 g),100,275,2.8,33.8,14.5,0.8,19.3,1,275,2.8,33.8,14.5,high_sugar,FITme recipe estimate from USDA FoodData Central ingredients,
fitme-in-gajar-halwa,Gajar halwa,Gajrela,Sweets,Indian,vegetarian,1 katori (100 g),100,217,3.9,29.8,9.8,3.0,24.8,104,217,3.9,29.8,9.8,high_sugar,FITme recipe estimate from USDA FoodData Central ingredients,
fitme-in-besan-ladoo,Besan ladoo,Besan laddu,Sweets,Indian,vegetarian,1 ladoo (35 g),35,535,8.8,58.0,30.1,4.2,39.5,25,187,3.1,20.3,10.5,high_sugar,FITme recipe estimate from USDA FoodData Central ingredients,
fitme-in-rava-ladoo,Rava ladoo,Suji laddu,Sweets,Indian,vegetarian,1 ladoo (35 g),35,482,5.2,65.0,22.6,2.2,35.7,2,169,1.8,22.8,7.9,high_sugar,FITme recipe estimate from USDA FoodData Central ingredients,
fitme-in-gulab-jamun-with-syrup,Gulab jamun (with syrup),Gulab jamun,Sweets,Indian,vegetarian,1 piece (50 g),50,324,3.2,47.0,14.4,0.3,39.5,31,162,1.6,23.5,7.2,high_sugar,FITme recipe estimate from USDA FoodData Central ingredients,
fitme-in-jalebi,Jalebi,Jalebi,Sweets,Indian,vegan,2 pieces (50 g),50,444,3.1,72.9,16.3,0.8,50.0,1,222,1.5,36.4,8.1,high_sugar,FITme recipe estimate from USDA FoodData Central ingredients,
fitme-in-rasgulla,Rasgulla,Rosogolla,Sweets,Indian,vegetarian,1 piece (50 g),50,271,7.0,45.9,6.8,0.0,46.2,82,135,3.5,22.9,3.4,high_sugar,FITme recipe estimate from USDA FoodData Central ingredients,
fitme-in-seviyan-kheer,Seviyan kheer,Vermicelli kheer,Sweets,Indian,vegetarian,1 katori (150 g),150,168,5.0,22.4,6.7,0.5,15.3,50,252,7.5,33.6,10.0,high_sugar,FITme recipe estimate from USDA FoodData Central ingredients,
fitme-in-date-nut-ladoo-no-added-sugar,Date-nut ladoo (no added sugar),Khajur dry fruit ladoo,Sweets,Indian,vegetarian,1 ladoo (25 g),25,417,8.0,55.4,22.1,7.3,43.6,2,104,2.0,13.8,5.5,high_fiber,FITme recipe estimate from USDA FoodData Central ingredients,
fitme-in-shrikhand,Shrikhand,Shrikhand,Sweets,Indian,vegetarian,1 katori (100 g),100,193,5.9,31.0,5.5,0.0,30.9,78,193,5.9,31.0,5.5,high_sugar,FITme recipe estimate from USDA FoodData Central ingredients,
fitme-in-high-protein-dal-bowl,High-protein dal bowl,Dal + curd + salad bowl,Diet meals,Indian,vegetarian,1 bowl (350 g),350,61,3.9,9.0,1.2,1.9,2.8,19,212,13.6,31.4,4.2,high_protein|low_calorie|high_fiber|low_fat|diet_friendly,FITme recipe estimate from USDA FoodData Central ingredients,
fitme-in-paneer-salad-bowl,Paneer salad bowl,Paneer salad,Diet meals,Indian,vegetarian,1 bowl (250 g),250,108,5.5,10.3,5.0,0.8,9.0,60,269,13.8,25.6,12.4,diet_friendly,FITme recipe estimate from USDA FoodData Central ingredients,
fitme-in-chicken-salad-bowl,Chicken salad bowl,Grilled chicken salad,Diet meals,Indian,non_vegetarian,1 bowl (280 g),280,97,13.4,2.4,3.5,0.5,1.3,28,271,37.5,6.8,9.8,high_protein|diet_friendly,FITme recipe estimate from USDA FoodData Central ingredients,
fitme-in-rajma-salad,Rajma salad,Kidney bean salad,Diet meals,Indian,vegan,1 bowl (200 g),200,90,5.7,16.9,0.3,4.1,1.7,4,180,11.4,33.9,0.6,high_protein|high_fiber|low_fat|diet_friendly,FITme recipe estimate from USDA FoodData Central ingredients,
fitme-in-chickpea-salad,Chickpea salad,Chana salad,Diet meals,Indian,vegan,1 bowl (200 g),200,113,5.2,17.3,2.9,3.4,3.7,7,225,10.5,34.7,5.9,high_fiber|low_fat|diet_friendly,FITme recipe estimate from USDA FoodData Central ingredients,
fitme-in-tofu-stir-fry-with-vegetables,Tofu stir-fry with vegetables,Tofu veg stir-fry,Diet meals,Indian,vegan,1 bowl (250 g),250,117,10.6,5.4,7.1,2.5,1.8,18,291,26.5,13.5,17.6,high_protein|high_fiber,FITme recipe estimate from USDA FoodData Central ingredients,
fitme-in-soya-chunks-pulao-light,Soya chunks pulao (light),Soya pulao,Diet meals,Indian,vegan,1 plate (250 g),250,99,5.7,16.2,1.4,2.4,2.5,8,247,14.2,40.5,3.5,high_fiber|low_fat|diet_friendly,FITme recipe estimate from USDA FoodData Central ingredients,
fitme-in-quinoa-khichdi,Quinoa khichdi,Quinoa moong khichdi,Diet meals,Indian,vegan,1 katori (200 g),200,77,3.6,12.6,1.5,2.5,1.2,7,153,7.2,25.1,3.0,low_calorie|low_fat|diet_friendly,FITme recipe estimate from USDA FoodData Central ingredients,
fitme-in-millet-khichdi-bajra,Millet khichdi (bajra),Bajra khichdi,Diet meals,Indian,vegetarian,1 katori (200 g),200,79,3.3,13.2,1.5,2.6,1.1,6,157,6.5,26.4,3.0,low_calorie|high_fiber|low_fat|diet_friendly,FITme recipe estimate from USDA FoodData Central ingredients,
fitme-in-grilled-fish-with-sauteed-veg,Grilled fish with sauteed veg,Grilled fish plate,Diet meals,Indian,non_vegetarian,1 plate (280 g),280,114,11.7,3.9,5.7,1.3,1.9,44,318,32.8,10.8,15.8,high_protein|diet_friendly,FITme recipe estimate from USDA FoodData Central ingredients,
fitme-in-egg-white-omelette-with-veg-4-whites,Egg white omelette with veg (4 whites),Egg white omelette,Diet meals,Indian,eggetarian,1 omelette (170 g),170,59,9.0,2.4,1.4,0.6,1.2,142,101,15.3,4.0,2.4,high_protein|low_calorie|low_fat|diet_friendly,FITme recipe estimate from USDA FoodData Central ingredients,
fitme-in-paneer-bhurji-wrap-whole-wheat,Paneer bhurji wrap (whole wheat),Paneer roll (atta),Diet meals,Indian,vegetarian,1 wrap (180 g),180,196,8.2,23.9,7.9,2.7,9.1,64,352,14.8,42.9,14.3,diet_friendly,FITme recipe estimate from USDA FoodData Central ingredients,
fitme-in-chicken-wrap-whole-wheat,Chicken wrap (whole wheat),Chicken roll (atta),Diet meals,Indian,non_vegetarian,1 wrap (200 g),200,149,14.2,14.9,3.9,2.3,1.4,29,299,28.4,29.7,7.8,high_protein|diet_friendly,FITme recipe estimate from USDA FoodData Central ingredients,
fitme-in-greek-style-curd-bowl-with-fruit-and-seeds,Greek-style curd bowl with fruit and seeds,Hung curd bowl,Diet meals,Indian,vegetarian,1 bowl (220 g),220,142,8.9,17.2,4.7,1.7,13.0,96,311,19.6,37.8,10.3,high_protein|diet_friendly,FITme recipe estimate from USDA FoodData Central ingredients,
fitme-in-cottage-cheese-low-fat-bowl,Cottage cheese (low-fat) bowl,Low-fat cottage cheese,Diet meals,Indian,vegetarian,1 bowl (150 g),150,72,12.4,2.7,1.0,0.0,2.7,406,108,18.6,4.1,1.5,high_protein|low_calorie|low_fat|diet_friendly,FITme recipe estimate from USDA FoodData Central ingredients,
fitme-in-sprouts-and-paneer-salad,Sprouts and paneer salad,Sprouts paneer salad,Diet meals,Indian,vegetarian,1 bowl (220 g),220,85,5.1,8.9,3.6,1.1,7.7,45,188,11.3,19.7,7.9,diet_friendly,FITme recipe estimate from USDA FoodData Central ingredients,
fitme-in-lauki-soup,Lauki soup,Bottle gourd soup,Diet meals,Indian,vegetarian,1 bowl (250 ml),250,18,0.5,2.9,0.7,0.4,0.3,2,45,1.2,7.2,1.7,low_calorie|low_fat|diet_friendly,FITme recipe estimate from USDA FoodData Central ingredients,
fitme-in-tomato-soup-home-no-cream,"Tomato soup (home, no cream)",Tamatar shorba,Diet meals,Indian,vegan,1 bowl (250 ml),250,27,0.8,4.1,1.1,1.1,2.4,4,67,2.1,10.2,2.7,low_calorie|low_fat,FITme recipe estimate from USDA FoodData Central ingredients,
fitme-in-palak-soup,Palak soup,Spinach soup,Diet meals,Indian,vegetarian,1 bowl (250 ml),250,29,2.1,3.7,1.0,1.2,1.5,46,72,5.3,9.2,2.5,low_calorie|low_fat|diet_friendly,FITme recipe estimate from USDA FoodData Central ingredients,
fitme-in-moong-dal-soup,Moong dal soup,Dal shorba,Diet meals,Indian,vegan,1 bowl (250 ml),250,34,2.3,6.2,0.1,1.6,0.9,2,85,5.7,15.5,0.3,low_calorie|low_fat|diet_friendly,FITme recipe estimate from USDA FoodData Central ingredients,
fitme-in-chicken-clear-soup,Chicken clear soup,Chicken shorba,Diet meals,Indian,non_vegetarian,1 bowl (250 ml),250,26,3.8,1.6,0.4,0.4,0.8,14,64,9.4,3.9,1.1,high_protein|low_calorie|low_fat|diet_friendly,FITme recipe estimate from USDA FoodData Central ingredients,
fitme-in-mixed-millet-upma,Mixed millet upma,Millet upma,Diet meals,Indian,vegan,1 katori (180 g),180,87,2.2,15.2,2.0,2.1,1.4,7,156,4.0,27.4,3.6,low_fat|diet_friendly,FITme recipe estimate from USDA FoodData Central ingredients,
fitme-in-amaranth-rajgira-porridge,Amaranth (rajgira) porridge,Rajgira dalia,Diet meals,Indian,vegetarian,1 bowl (200 g),200,104,4.9,17.5,1.9,1.4,5.7,34,209,9.8,34.9,3.9,low_fat|diet_friendly,FITme recipe estimate from USDA FoodData Central ingredients,
fitme-in-sweet-potato-chaat,Sweet potato chaat,Shakarkandi chaat,Diet meals,Indian,vegan,1 bowl (150 g),150,89,1.7,20.7,0.2,3.4,4.3,55,133,2.5,31.1,0.2,high_fiber|low_fat|diet_friendly,FITme recipe estimate from USDA FoodData Central ingredients,
fitme-in-oats-peanut-protein-ladoo,Oats peanut protein ladoo,Protein ladoo,Diet meals,Indian,vegetarian,1 ladoo (30 g),30,435,25.2,46.5,18.7,5.9,15.5,89,131,7.5,13.9,5.6,high_sugar,FITme recipe estimate from USDA FoodData Central ingredients,
usda-fndds-2705686,"Firni, Indian pudding",,Pudding,Indian,vegetarian,1 cup,260.0,144,3.6,25.1,3.1,0.3,15.7,30,374,9.3,65.3,8.1,high_sugar,USDA FoodData Central - FNDDS 2021-2023,2705686
usda-fndds-2705700,"Barfi or Burfi, Indian dessert",,Pudding,Indian,vegetarian,1 piece,45.0,284,5.4,40.4,11.4,0.4,37.0,71,128,2.4,18.2,5.1,high_sugar,USDA FoodData Central - FNDDS 2021-2023,2705700
usda-fndds-2705740,"Cheese, paneer",,Cheese,Indian,vegetarian,100 g,100.0,299,15.9,22.5,15.5,0.0,23.3,185,299,15.9,22.5,15.5,high_sugar,USDA FoodData Central - FNDDS 2021-2023,2705740
usda-fndds-2706490,Biryani with meat,,Rice mixed dishes,Indian,non_vegetarian,1 cup,196.0,145,8.5,12.2,6.8,1.0,1.7,98,284,16.7,23.9,13.3,,USDA FoodData Central - FNDDS 2021-2023,2706490
usda-fndds-2707613,"Bread, naan",,Yeast breads,Indian,vegan,"1 piece (1/4 of 10"" dia)",44.0,311,11.1,50.2,7.3,5.2,3.7,508,137,4.9,22.1,3.2,,USDA FoodData Central - FNDDS 2021-2023,2707613
usda-fndds-2707713,"Bread, chappatti or roti",,Yeast breads,Indian,vegan,"1 small chappatti or roti (6"")",27.0,299,7.8,46.1,9.2,9.7,2.9,298,81,2.1,12.5,2.5,high_fiber|diet_friendly,USDA FoodData Central - FNDDS 2021-2023,2707713
usda-fndds-2707715,"Bread, paratha",,Yeast breads,Indian,vegan,1 paratha,70.0,326,6.4,45.4,13.2,9.6,4.2,452,228,4.5,31.7,9.2,high_fiber|diet_friendly,USDA FoodData Central - FNDDS 2021-2023,2707715
usda-fndds-2709129,"Dosa, with filling",,"Pancakes, waffles, French toast",Indian,vegan,1 small,113.0,184,5.5,30.8,4.3,2.2,1.1,330,208,6.2,34.8,4.8,,USDA FoodData Central - FNDDS 2021-2023,2709129
usda-fndds-2709309,Chutney,,Mustard and other condiments,Indian,vegan,1 tablespoon,16.0,246,0.3,60.6,0.1,1.0,42.7,802,39,0.1,9.7,0.0,low_fat|high_sugar|high_sodium,USDA FoodData Central - FNDDS 2021-2023,2709309
usda-fndds-2709632,Channa Saag,,Vegetable dishes,Indian,vegan,1 cup,245.0,89,4.1,8.8,4.3,3.0,1.8,270,218,10.0,21.5,10.6,high_fiber|diet_friendly,USDA FoodData Central - FNDDS 2021-2023,2709632
usda-fndds-2710168,"Ghee, clarified butter",,Butter and animal fats,Indian,vegetarian,1 tablespoon,14.0,876,0.3,0.0,99.5,0.0,0.0,2,123,0.0,0.0,13.9,,USDA FoodData Central - FNDDS 2021-2023,2710168
usda-fndds-2705384,"Milk, NFS",,"Milk, reduced fat",Global,vegetarian,1 cup,244.0,52,3.3,4.8,2.1,0.0,4.9,39,127,8.1,11.8,5.2,high_protein|low_calorie|low_fat|diet_friendly,USDA FoodData Central - FNDDS 2021-2023,2705384
usda-fndds-2705395,Goat milk,,"Milk, whole",Global,non_vegetarian,1 cup,244.0,69,3.6,4.5,4.1,0.0,4.5,50,168,8.7,10.9,10.1,low_calorie,USDA FoodData Central - FNDDS 2021-2023,2705395
usda-fndds-2705393,Buttermilk,,"Milk, whole",Global,vegan,1 cup,244.0,43,3.5,4.8,1.1,0.0,5.4,92,105,8.4,11.7,2.6,high_protein|low_calorie|low_fat|diet_friendly,USDA FoodData Central - FNDDS 2021-2023,2705393
usda-fndds-2705385,"Milk, whole",,"Milk, whole",Global,vegetarian,1 cup,244.0,61,3.3,4.6,3.2,0.0,4.8,38,149,8.0,11.3,7.8,low_calorie,USDA FoodData Central - FNDDS 2021-2023,2705385
usda-fndds-2705394,Kefir,,"Milk, lowfat",Global,vegan,1 cup,244.0,52,3.6,7.5,1.0,0.0,6.9,38,127,8.8,18.3,2.3,high_protein|low_calorie|low_fat|diet_friendly,USDA FoodData Central - FNDDS 2021-2023,2705394
usda-fndds-2705396,"Milk, dry, reconstituted, nonfat",,"Milk, nonfat",Global,vegetarian,1 cup,244.0,32,3.2,4.6,0.1,0.0,4.6,51,78,7.8,11.2,0.2,low_calorie|low_fat|diet_friendly,USDA FoodData Central - FNDDS 2021-2023,2705396
usda-fndds-2705467,"Chocolate milk, whole",,"Flavored milk, whole",Global,vegetarian,1 cup,248.0,83,3.2,10.3,3.4,0.8,9.5,60,206,7.9,25.6,8.4,,USDA FoodData Central - FNDDS 2021-2023,2705467
usda-fndds-2705496,"Strawberry milk, whole",,"Flavored milk, whole",Global,vegetarian,1 cup,248.0,86,3.0,11.8,3.0,0.0,11.7,38,213,7.5,29.2,7.4,low_fat,USDA FoodData Central - FNDDS 2021-2023,2705496
usda-fndds-2705402,"Milk, condensed, sweetened",,"Flavored milk, whole",Global,vegetarian,1 fl oz,38.0,321,7.9,54.4,8.7,0.0,54.4,127,122,3.0,20.7,3.3,,USDA FoodData Central - FNDDS 2021-2023,2705402
usda-fndds-2705479,"Chocolate milk, reduced sugar, whole",,"Flavored milk, whole",Global,vegetarian,1 cup,248.0,73,3.0,8.4,2.9,0.0,7.8,46,181,7.5,20.8,7.2,low_calorie|low_fat,USDA FoodData Central - FNDDS 2021-2023,2705479
usda-fndds-2705412,Oat milk,,Plant-based milk,Global,vegan,1 cup,244.0,45,0.7,5.4,2.3,0.5,2.0,43,110,1.6,13.1,5.7,low_calorie|low_fat,USDA FoodData Central - FNDDS 2021-2023,2705412
usda-fndds-2705411,Rice milk,,Plant-based milk,Global,vegan,1 cup,244.0,47,0.3,9.2,1.0,0.3,5.3,39,115,0.7,22.4,2.4,low_calorie|low_fat|diet_friendly,USDA FoodData Central - FNDDS 2021-2023,2705411
usda-fndds-2705413,Coconut milk,,Plant-based milk,Global,vegan,1 cup,244.0,31,0.2,2.9,2.1,0.0,2.5,19,76,0.5,7.1,5.1,low_calorie|low_fat,USDA FoodData Central - FNDDS 2021-2023,2705413
usda-fndds-2705410,"Almond milk, NFS",,Plant-based milk,Global,vegan,1 cup,244.0,20,0.5,1.5,1.2,0.0,1.2,59,49,1.3,3.7,3.0,low_calorie|low_fat,USDA FoodData Central - FNDDS 2021-2023,2705410
usda-fndds-2705403,"Non-dairy milk, NFS",,Plant-based milk,Global,vegan,1 cup,244.0,31,1.1,3.0,1.6,0.1,2.0,51,76,2.8,7.4,3.9,low_calorie|low_fat,USDA FoodData Central - FNDDS 2021-2023,2705403
usda-fndds-2705404,"Soy milk, sweetened",,Plant-based milk,Global,vegan,1 cup,244.0,53,3.4,5.2,2.0,0.0,4.5,33,129,8.3,12.7,5.0,high_protein|low_calorie|low_fat|diet_friendly,USDA FoodData Central - FNDDS 2021-2023,2705404
usda-fndds-2705406,"Soy milk, chocolate",,Plant-based milk,Global,vegan,1 cup,244.0,64,3.4,8.3,2.0,0.1,7.5,32,156,8.2,20.3,5.0,low_calorie|low_fat,USDA FoodData Central - FNDDS 2021-2023,2705406
usda-fndds-2705405,"Soy milk, unsweetened",,Plant-based milk,Global,vegan,1 cup,244.0,38,3.5,1.3,2.1,0.0,0.6,34,93,8.7,3.1,5.2,high_protein|low_calorie|low_fat,USDA FoodData Central - FNDDS 2021-2023,2705405
usda-fndds-2705443,Yogurt tube,,"Yogurt, regular",Global,vegetarian,1 tube,75.0,81,4.3,13.7,1.0,0.1,11.4,60,61,3.3,10.3,0.8,low_calorie|low_fat|diet_friendly,USDA FoodData Central - FNDDS 2021-2023,2705443
usda-fndds-2705414,"Yogurt, NFS",,"Yogurt, regular",Global,vegetarian,1 4 oz container,113.0,94,6.7,10.2,2.9,0.1,8.1,49,106,7.5,11.5,3.2,low_calorie|low_fat|diet_friendly,USDA FoodData Central - FNDDS 2021-2023,2705414
usda-fndds-2705442,"Yogurt, liquid",,"Yogurt, regular",Global,vegetarian,1 bottle,150.0,74,3.6,12.6,1.1,0.1,10.3,53,111,5.5,18.8,1.6,low_calorie|low_fat|diet_friendly,USDA FoodData Central - FNDDS 2021-2023,2705442
usda-fndds-2705450,"Yogurt parfait, with fruit",,"Yogurt, regular",Global,vegetarian,1 McDonald's parfait,150.0,104,5.2,16.1,2.2,1.3,10.4,44,156,7.9,24.1,3.3,low_fat,USDA FoodData Central - FNDDS 2021-2023,2705450
usda-fndds-2705418,"Yogurt, whole milk, plain",,"Yogurt, regular",Global,vegetarian,1 4 oz container,113.0,78,3.8,5.6,4.5,0.0,4.1,42,88,4.3,6.3,5.1,low_calorie,USDA FoodData Central - FNDDS 2021-2023,2705418
usda-fndds-2705426,"Yogurt, whole milk, fruit",,"Yogurt, regular",Global,vegetarian,1 4 oz container,113.0,106,3.3,14.4,3.9,0.2,10.3,41,120,3.8,16.3,4.4,low_calorie|diet_friendly,USDA FoodData Central - FNDDS 2021-2023,2705426
usda-fndds-2705441,"Yogurt, Greek, with oats",,"Yogurt, Greek",Global,vegetarian,1 5.3 oz container,150.0,149,9.2,20.0,3.7,1.5,10.7,58,224,13.8,30.0,5.5,,USDA FoodData Central - FNDDS 2021-2023,2705441
usda-fndds-2705422,"Yogurt, Greek, whole milk, plain",,"Yogurt, Greek",Global,vegetarian,1 5.3 oz container,150.0,94,8.8,4.8,4.4,0.0,3.2,34,141,13.2,7.1,6.6,high_protein|diet_friendly,USDA FoodData Central - FNDDS 2021-2023,2705422
usda-fndds-2705430,"Yogurt, Greek, whole milk, fruit",,"Yogurt, Greek",Global,vegetarian,1 5.3 oz container,150.0,114,7.8,11.8,3.9,0.1,8.2,34,171,11.8,17.7,5.9,high_protein|diet_friendly,USDA FoodData Central - FNDDS 2021-2023,2705430
usda-fndds-2705424,"Yogurt, Greek, nonfat milk, plain",,"Yogurt, Greek",Global,vegetarian,1 5.3 oz container,150.0,59,10.3,3.6,0.4,0.0,3.3,36,88,15.4,5.5,0.6,high_protein|low_calorie|low_fat|diet_friendly,USDA FoodData Central - FNDDS 2021-2023,2705424
usda-fndds-2705432,"Yogurt, Greek, nonfat milk, fruit",,"Yogurt, Greek",Global,vegetarian,1 5.3 oz container,150.0,83,9.2,10.8,0.3,0.1,8.2,36,124,13.8,16.2,0.5,high_protein|low_fat|diet_friendly,USDA FoodData Central - FNDDS 2021-2023,2705432
usda-fndds-2705423,"Yogurt, Greek, low fat milk, plain",,"Yogurt, Greek",Global,vegetarian,1 5.3 oz container,150.0,67,10.2,3.6,1.4,0.0,3.2,36,100,15.3,5.4,2.0,high_protein|low_calorie|low_fat|diet_friendly,USDA FoodData Central - FNDDS 2021-2023,2705423
usda-fndds-2705431,"Yogurt, Greek, low fat milk, fruit",,"Yogurt, Greek",Global,vegetarian,1 5.3 oz container,150.0,91,9.1,10.8,1.3,0.1,8.2,35,136,13.7,16.2,2.0,high_protein|low_fat|diet_friendly,USDA FoodData Central - FNDDS 2021-2023,2705431
usda-fndds-2705438,"Yogurt, Greek, whole milk, flavors other than fruit",,"Yogurt, Greek",Global,vegetarian,1 5.3 oz container,150.0,104,7.8,9.2,3.9,0.0,7.9,31,156,11.7,13.8,5.9,high_protein|diet_friendly,USDA FoodData Central - FNDDS 2021-2023,2705438
usda-fndds-2707401,Layer dip,,"Dips, gravies, other sauces",Global,vegetarian,1 tablespoon,15.0,146,5.4,6.7,11.3,2.1,1.7,538,22,0.8,1.0,1.7,low_calorie,USDA FoodData Central - FNDDS 2021-2023,2707401
usda-fndds-2705786,Cheese dip,,"Dips, gravies, other sauces",Global,vegetarian,1 tablespoon,15.0,163,3.1,7.9,13.3,0.3,0.3,656,24,0.5,1.2,2.0,high_sodium,USDA FoodData Central - FNDDS 2021-2023,2705786
usda-fndds-2707151,Mole sauce,,"Dips, gravies, other sauces",Global,vegan,1 tablespoon,16.0,75,1.0,10.8,3.8,1.0,7.1,493,12,0.2,1.7,0.6,low_calorie,USDA FoodData Central - FNDDS 2021-2023,2707151
usda-fndds-2705784,Seafood dip,,"Dips, gravies, other sauces",Global,non_vegetarian,1 tablespoon,15.0,337,6.2,4.2,32.8,0.2,1.9,715,51,0.9,0.6,4.9,high_sodium,USDA FoodData Central - FNDDS 2021-2023,2705784
usda-fndds-2710175,Pesto sauce,,"Dips, gravies, other sauces",Global,vegetarian,1 tablespoon,16.0,580,8.6,5.7,59.2,1.0,0.7,988,93,1.4,0.9,9.5,high_sodium,USDA FoodData Central - FNDDS 2021-2023,2710175
usda-fndds-2710178,Curry sauce,,"Dips, gravies, other sauces",Global,non_vegetarian,1 tablespoon,16.0,95,1.4,5.0,8.2,1.4,3.4,383,15,0.2,0.8,1.3,low_calorie,USDA FoodData Central - FNDDS 2021-2023,2710178
usda-fndds-2705448,Tzatziki dip,,"Dips, gravies, other sauces",Global,vegetarian,1 tablespoon,15.0,91,5.2,4.1,6.0,0.2,2.5,307,14,0.8,0.6,0.9,low_calorie,USDA FoodData Central - FNDDS 2021-2023,2705448
usda-fndds-2705808,Cheese sauce,,"Dips, gravies, other sauces",Global,vegetarian,1 tablespoon,16.0,163,3.1,7.9,13.3,0.3,0.3,656,26,0.5,1.3,2.1,high_sodium,USDA FoodData Central - FNDDS 2021-2023,2705808
usda-fndds-2705673,Creamsicle,,Ice cream and frozen dairy desserts,Global,vegetarian,1 sicle,65.0,165,1.5,32.8,3.1,0.0,18.5,46,107,1.0,21.3,2.0,,USDA FoodData Central - FNDDS 2021-2023,2705673
usda-fndds-2705674,Fudgesicle,,Ice cream and frozen dairy desserts,Global,vegetarian,1 sicle,65.0,163,2.6,30.0,3.7,1.0,17.5,104,106,1.7,19.5,2.4,,USDA FoodData Central - FNDDS 2021-2023,2705674
usda-fndds-2705660,Banana split,,Ice cream and frozen dairy desserts,Global,vegetarian,100 g,100.0,199,2.4,32.6,6.9,1.0,24.2,97,199,2.4,32.6,6.9,,USDA FoodData Central - FNDDS 2021-2023,2705660
usda-fndds-2705640,Ice cream candy bar,,Ice cream and frozen dairy desserts,Global,vegetarian,1 bar,50.0,323,4.4,30.9,20.2,0.6,30.0,92,162,2.2,15.4,10.1,,USDA FoodData Central - FNDDS 2021-2023,2705640
usda-fndds-2705644,Ice cream cookie sandwich,,Ice cream and frozen dairy desserts,Global,vegetarian,1 sandwich,75.0,317,4.6,43.4,14.1,1.7,26.4,232,238,3.5,32.5,10.6,,USDA FoodData Central - FNDDS 2021-2023,2705644
usda-fndds-2705629,"Ice cream, NFS",,Ice cream and frozen dairy desserts,Global,vegetarian,1 cup,135.0,221,3.6,26.4,11.3,0.8,22.9,90,298,4.8,35.6,15.3,,USDA FoodData Central - FNDDS 2021-2023,2705629
usda-fndds-2705466,"Chocolate milk, NFS",,"Flavored milk, lowfat",Global,vegetarian,1 cup,248.0,65,3.4,11.0,0.8,0.1,9.6,68,161,8.5,27.2,2.1,low_calorie|low_fat,USDA FoodData Central - FNDDS 2021-2023,2705466
usda-fndds-2705472,"Hot chocolate / cocoa, NFS",,"Flavored milk, lowfat",Global,vegetarian,1 cup,248.0,72,1.8,13.9,1.0,0.2,12.0,66,179,4.5,34.5,2.6,low_calorie|low_fat,USDA FoodData Central - FNDDS 2021-2023,2705472
usda-fndds-2705500,"Strawberry milk, reduced sugar",,"Flavored milk, lowfat",Global,vegetarian,1 cup,248.0,59,3.3,6.7,2.1,0.0,6.7,39,146,8.1,16.7,5.2,low_calorie|low_fat|diet_friendly,USDA FoodData Central - FNDDS 2021-2023,2705500
usda-fndds-2705471,"Chocolate milk, reduced sugar, NFS",,"Flavored milk, lowfat",Global,vegetarian,1 cup,248.0,65,3.1,8.6,2.0,0.0,7.8,46,161,7.7,21.2,4.9,low_calorie|low_fat,USDA FoodData Central - FNDDS 2021-2023,2705471
usda-fndds-2705501,"Milk, malted",,"Flavored milk, reduced fat",Global,vegetarian,1 cup,256.0,66,3.2,8.6,2.0,0.0,7.8,60,169,8.2,22.1,5.2,low_calorie|low_fat|diet_friendly,USDA FoodData Central - FNDDS 2021-2023,2705501
usda-fndds-2705495,"Strawberry milk, NFS",,"Flavored milk, reduced fat",Global,vegetarian,1 cup,248.0,65,3.2,8.5,2.1,0.0,8.4,39,161,7.9,21.2,5.1,low_calorie|low_fat|diet_friendly,USDA FoodData Central - FNDDS 2021-2023,2705495
usda-fndds-2705476,"Hot chocolate / cocoa, with whipped cream",,"Flavored milk, reduced fat",Global,vegetarian,1 cup,248.0,101,2.7,16.2,2.8,0.0,14.9,58,250,6.7,40.3,6.9,low_fat,USDA FoodData Central - FNDDS 2021-2023,2705476
usda-fndds-2705487,"Hot chocolate / cocoa, dry mix, made with water, with whipped cream",,"Flavored milk, reduced fat",Global,vegetarian,1 cup,248.0,65,0.9,11.2,1.8,0.5,8.8,69,161,2.3,27.8,4.5,low_calorie|low_fat,USDA FoodData Central - FNDDS 2021-2023,2705487
usda-fndds-2705483,"Hot chocolate / cocoa, dry mix, made with water",,"Flavored milk, nonfat",Global,vegan,1 cup,248.0,54,0.9,11.3,0.5,0.5,8.8,71,134,2.2,27.9,1.3,low_calorie|low_fat,USDA FoodData Central - FNDDS 2021-2023,2705483
usda-fndds-2705488,"Hot chocolate / cocoa, dry mix, reduced sugar, made with water",,"Flavored milk, nonfat",Global,vegan,1 cup,248.0,31,1.3,5.9,0.2,0.6,3.1,75,77,3.1,14.6,0.6,low_calorie|low_fat,USDA FoodData Central - FNDDS 2021-2023,2705488
usda-fndds-2705502,Eggnog,,Milk shakes and other dairy drinks,Global,vegan,1 cup,256.0,88,4.5,8.1,4.2,0.0,8.1,54,225,11.6,20.6,10.7,,USDA FoodData Central - FNDDS 2021-2023,2705502
usda-fndds-2705507,Milk shake with malt,,Milk shakes and other dairy drinks,Global,vegetarian,1 fl oz,28.0,125,3.8,13.6,6.1,0.2,12.0,66,35,1.1,3.8,1.7,low_calorie|diet_friendly,USDA FoodData Central - FNDDS 2021-2023,2705507
usda-fndds-2705517,Chocolate milk drink,,Milk shakes and other dairy drinks,Global,vegetarian,1 cup,248.0,49,0.6,10.7,0.4,0.6,8.7,91,122,1.6,26.5,1.0,low_calorie|low_fat,USDA FoodData Central - FNDDS 2021-2023,2705517
usda-fndds-2705657,"Ice cream soda, chocolate",,Milk shakes and other dairy drinks,Global,vegetarian,1 cup,192.0,87,1.0,15.2,2.9,0.3,14.5,30,167,1.9,29.2,5.6,low_fat,USDA FoodData Central - FNDDS 2021-2023,2705657
usda-fndds-2710607,Atole,,Smoothies and grain drinks,Global,vegetarian,1 cup,248.0,86,1.7,16.3,1.5,0.2,13.9,18,213,4.2,40.4,3.8,low_fat,USDA FoodData Central - FNDDS 2021-2023,2710607
usda-fndds-2710604,Frescavena,,Smoothies and grain drinks,Global,vegan,1 cup,248.0,45,0.2,10.6,0.1,0.2,9.4,4,112,0.6,26.3,0.4,low_calorie|low_fat|diet_friendly,USDA FoodData Central - FNDDS 2021-2023,2710604
usda-fndds-2710504,Corn beverage,,Smoothies and grain drinks,Global,vegan,1 cup,240.0,44,0.8,9.4,0.2,0.5,0.2,135,106,2.0,22.6,0.5,low_calorie|low_fat|diet_friendly,USDA FoodData Central - FNDDS 2021-2023,2710504
usda-fndds-2710605,Atole de avena,,Smoothies and grain drinks,Global,vegetarian,1 cup,248.0,83,1.7,15.5,1.6,0.2,14.0,18,206,4.3,38.3,3.9,low_fat,USDA FoodData Central - FNDDS 2021-2023,2710605
usda-fndds-2705512,Licuado or Batido,,Smoothies and grain drinks,Global,vegetarian,1 cup,216.0,75,2.3,13.2,1.4,0.6,11.5,25,162,5.0,28.4,3.1,low_calorie|low_fat|diet_friendly,USDA FoodData Central - FNDDS 2021-2023,2705512
usda-fndds-2710152,Vegetable smoothie,,Smoothies and grain drinks,Global,vegetarian,1 cup,216.0,89,2.8,5.8,6.6,2.8,2.6,38,192,5.9,12.6,14.3,high_fiber,USDA FoodData Central - FNDDS 2021-2023,2710152
usda-fndds-2710608,Atole de chocolate,,Smoothies and grain drinks,Global,vegetarian,1 cup,248.0,103,1.8,20.3,1.8,0.6,17.2,30,255,4.5,50.3,4.4,low_fat|high_sugar,USDA FoodData Central - FNDDS 2021-2023,2710608
usda-fndds-2705513,"Fruit smoothie, NFS",,Smoothies and grain drinks,Global,vegetarian,1 cup,216.0,66,2.3,12.0,1.1,1.1,8.9,28,143,5.0,25.9,2.4,low_calorie|low_fat|diet_friendly,USDA FoodData Central - FNDDS 2021-2023,2705513
usda-fndds-2709338,"Fruit smoothie, light",,Smoothies and grain drinks,Global,vegetarian,1 cup,216.0,53,2.6,9.7,0.6,1.0,7.5,31,114,5.6,21.0,1.3,low_calorie|low_fat|diet_friendly,USDA FoodData Central - FNDDS 2021-2023,2709338
usda-fndds-2709339,"Fruit smoothie, bottled",,Smoothies and grain drinks,Global,vegan,1 cup,248.0,50,0.5,11.7,0.3,0.6,10.1,2,124,1.2,28.9,0.7,low_calorie|low_fat|diet_friendly,USDA FoodData Central - FNDDS 2021-2023,2709339
usda-fndds-2710005,Yeast,,Not included in a food category,Global,vegan,1 tablespoon,12.0,325,40.4,41.2,7.6,26.9,0.0,51,39,4.9,4.9,0.9,high_fiber|diet_friendly,USDA FoodData Central - FNDDS 2021-2023,2710005
usda-fndds-2708477,Wheat germ,,Not included in a food category,Global,vegan,100 g,100.0,382,29.1,49.6,10.7,15.1,7.8,4,382,29.1,49.6,10.7,high_protein|high_fiber|diet_friendly,USDA FoodData Central - FNDDS 2021-2023,2708477
usda-fndds-2708488,Wheat bran,,Not included in a food category,Global,vegan,1 cup,60.0,216,15.6,64.5,4.2,42.8,0.4,2,130,9.3,38.7,2.5,high_protein|high_fiber|diet_friendly,USDA FoodData Central - FNDDS 2021-2023,2708488
usda-fndds-2708489,"Oats, raw",,Not included in a food category,Global,vegan,1 cup,80.0,379,13.2,67.7,6.5,10.1,1.0,6,303,10.5,54.2,5.2,high_fiber|diet_friendly,USDA FoodData Central - FNDDS 2021-2023,2708489
usda-fndds-2709780,"Basil, raw",,Not included in a food category,Global,vegan,1 cup,24.0,23,3.1,2.6,0.6,1.6,0.3,4,6,0.8,0.6,0.2,low_calorie|low_fat|diet_friendly,USDA FoodData Central - FNDDS 2021-2023,2709780
usda-fndds-2709781,"Chives, raw",,Not included in a food category,Global,vegan,1 tablespoon,3.0,30,3.3,4.3,0.7,2.5,1.9,3,1,0.1,0.1,0.0,low_calorie|low_fat|diet_friendly,USDA FoodData Central - FNDDS 2021-2023,2709781
usda-fndds-2709796,"Parsley, raw",,Not included in a food category,Global,vegan,1 cup,60.0,36,3.0,6.3,0.8,3.3,0.8,56,22,1.8,3.8,0.5,low_calorie|low_fat|diet_friendly,USDA FoodData Central - FNDDS 2021-2023,2709796
usda-fndds-2709782,"Cilantro, raw",,Not included in a food category,Global,vegan,1 cup,16.0,23,2.1,3.7,0.5,2.8,0.9,46,4,0.3,0.6,0.1,low_calorie|low_fat|diet_friendly,USDA FoodData Central - FNDDS 2021-2023,2709782
usda-fndds-2709988,"Seaweed, dried",,Not included in a food category,Global,vegan,1 cup,15.0,298,31.8,52.4,4.0,5.6,3.0,575,45,4.8,7.9,0.6,,USDA FoodData Central - FNDDS 2021-2023,2709988
usda-fndds-2705587,"Cocoa powder, not reconstituted",,Not included in a food category,Global,vegan,1 tablespoon,5.0,228,19.6,57.9,13.7,37.0,1.8,21,11,1.0,2.9,0.7,high_fiber,USDA FoodData Central - FNDDS 2021-2023,2705587
usda-fndds-2705593,"Cream, light",,Cream and cream substitutes,Global,vegetarian,1 fl oz,30.0,195,3.0,3.7,19.1,0.0,3.7,72,58,0.9,1.1,5.7,,USDA FoodData Central - FNDDS 2021-2023,2705593
usda-fndds-2705597,"Cream, heavy",,Cream and cream substitutes,Global,vegetarian,1 fl oz,30.0,343,2.0,3.8,35.6,0.0,2.9,21,103,0.6,1.1,10.7,,USDA FoodData Central - FNDDS 2021-2023,2705597
usda-fndds-2705599,"Coffee creamer, NFS",,Cream and cream substitutes,Global,vegetarian,1 cup,240.0,136,1.0,11.4,10.0,0.0,11.4,67,326,2.4,27.3,23.9,,USDA FoodData Central - FNDDS 2021-2023,2705599
usda-fndds-2705594,"Cream, half and half",,Cream and cream substitutes,Global,vegetarian,1 cup,240.0,131,3.1,4.3,11.5,0.0,4.1,61,314,7.5,10.3,27.6,,USDA FoodData Central - FNDDS 2021-2023,2705594
usda-fndds-2705600,"Coffee creamer, liquid",,Cream and cream substitutes,Global,vegetarian,1 cup,240.0,136,1.0,11.4,10.0,0.0,11.4,67,326,2.4,27.3,23.9,,USDA FoodData Central - FNDDS 2021-2023,2705600
usda-fndds-2705611,Whipped topping,,"Cream cheese, sour cream, whipped cream",Global,vegan,1 cup,75.0,318,1.2,23.1,25.3,0.0,23.1,25,238,0.9,17.3,19.0,high_sugar,USDA FoodData Central - FNDDS 2021-2023,2705611
usda-fndds-2705598,"Cream, whipped",,"Cream cheese, sour cream, whipped cream",Global,vegetarian,1 cup,40.0,346,1.9,9.5,33.5,0.0,8.6,20,138,0.8,3.8,13.4,,USDA FoodData Central - FNDDS 2021-2023,2705598
usda-fndds-2705615,"Sour cream, light",,"Cream cheese, sour cream, whipped cream",Global,vegetarian,1 cup,240.0,136,3.5,7.1,10.6,0.0,0.2,83,326,8.4,17.0,25.4,,USDA FoodData Central - FNDDS 2021-2023,2705615
usda-fndds-2705614,"Sour cream, regular",,"Cream cheese, sour cream, whipped cream",Global,vegetarian,1 individual container,30.0,196,3.1,5.6,18.0,0.0,3.4,50,59,0.9,1.7,5.4,,USDA FoodData Central - FNDDS 2021-2023,2705614
usda-fndds-2705683,Flan,,Pudding,Global,eggetarian,1 cubic inch,19.0,178,5.2,28.2,4.9,0.0,28.1,163,34,1.0,5.4,0.9,high_sugar,USDA FoodData Central - FNDDS 2021-2023,2705683
usda-fndds-2705698,Mousse,,Pudding,Global,eggetarian,1 cup,170.0,212,4.2,16.2,15.1,0.6,15.1,34,360,7.1,27.6,25.7,high_sugar,USDA FoodData Central - FNDDS 2021-2023,2705698
usda-fndds-2705701,Trifle,,Pudding,Global,eggetarian,1 cup,145.0,169,3.5,23.2,7.2,0.4,15.8,180,245,5.1,33.7,10.4,high_sugar,USDA FoodData Central - FNDDS 2021-2023,2705701
usda-fndds-2710316,Haupia,,Pudding,Global,non_vegetarian,1 piece,23.0,274,2.0,23.5,20.4,2.0,14.7,83,63,0.5,5.4,4.7,,USDA FoodData Central - FNDDS 2021-2023,2710316
usda-fndds-2708044,Baklava,,Cakes and pies,Global,vegetarian,1 piece,80.0,440,6.6,37.5,29.3,2.5,12.8,311,352,5.3,30.0,23.5,,USDA FoodData Central - FNDDS 2021-2023,2708044
usda-fndds-2705702,Tiramisu,,Cakes and pies,Global,eggetarian,1 cup,145.0,353,5.7,29.4,23.9,0.6,18.7,173,512,8.2,42.7,34.6,high_sugar,USDA FoodData Central - FNDDS 2021-2023,2705702
usda-fndds-2708045,Basbousa,,Cakes and pies,Global,vegetarian,1 piece,80.0,282,4.8,43.8,9.9,0.8,29.8,81,226,3.8,35.0,8.0,high_sugar,USDA FoodData Central - FNDDS 2021-2023,2708045
usda-fndds-2708017,Pie shell,,Cakes and pies,Global,vegan,1 tart shell,25.0,508,6.5,56.2,28.6,3.3,4.2,467,127,1.6,14.1,7.1,,USDA FoodData Central - FNDDS 2021-2023,2708017
usda-fndds-2708008,Dessert pizza,,Cakes and pies,Global,vegetarian,1 piece,108.0,204,1.8,32.4,7.5,1.7,15.8,130,220,2.0,35.0,8.1,high_sugar,USDA FoodData Central - FNDDS 2021-2023,2708008
usda-fndds-2707877,Ice cream cake,,Cakes and pies,Global,vegetarian,1 piece (1/10 of roll),34.0,283,3.0,39.3,12.7,0.5,31.2,196,96,1.0,13.4,4.3,high_sugar,USDA FoodData Central - FNDDS 2021-2023,2707877
usda-fndds-2705781,Cheese ball,,Cheese,Global,non_vegetarian,1 tablespoon,15.0,441,17.9,4.8,38.9,1.2,1.7,554,66,2.7,0.7,5.8,,USDA FoodData Central - FNDDS 2021-2023,2705781
usda-fndds-2705745,Queso Fresco,,Cheese,Global,vegetarian,1 slice,21.0,298,18.9,3.0,23.4,0.0,2.3,626,63,4.0,0.6,4.9,high_sodium,USDA FoodData Central - FNDDS 2021-2023,2705745
usda-fndds-2705746,Queso cotija,,Cheese,Global,vegetarian,1 cup,100.0,351,23.8,2.7,27.2,0.0,0.0,1625,351,23.8,2.7,27.2,high_protein|high_sodium,USDA FoodData Central - FNDDS 2021-2023,2705746
usda-fndds-2705744,Queso Asadero,,Cheese,Global,vegetarian,1 slice,21.0,297,22.1,2.4,22.1,0.0,0.0,734,62,4.6,0.5,4.6,high_sodium,USDA FoodData Central - FNDDS 2021-2023,2705744
usda-fndds-2705704,"Cheese, NFS",,Cheese,Global,vegetarian,1 slice,21.0,381,20.7,4.3,31.3,0.0,2.1,964,80,4.3,0.9,6.6,high_sodium,USDA FoodData Central - FNDDS 2021-2023,2705704
usda-fndds-2705708,"Cheese, Brie",,Cheese,Global,vegetarian,1 package (4.5 oz),128.0,334,20.8,0.5,27.7,0.0,0.5,629,428,26.6,0.6,35.4,high_sodium,USDA FoodData Central - FNDDS 2021-2023,2705708
usda-fndds-2705714,"Cheese, Feta",,Cheese,Global,vegetarian,1 wedge (1.33 oz),38.0,273,19.7,5.6,19.1,0.0,1.6,1034,104,7.5,2.1,7.3,high_sodium,USDA FoodData Central - FNDDS 2021-2023,2705714
usda-fndds-2705716,"Cheese, goat",,Cheese,Global,non_vegetarian,1 cubic inch,25.0,364,21.6,0.1,29.8,0.0,0.1,415,91,5.4,0.0,7.5,,USDA FoodData Central - FNDDS 2021-2023,2705716
usda-fndds-2705706,"Cheese, Brick",,Cheese,Global,vegetarian,1 slice,21.0,371,23.2,2.8,29.7,0.0,0.5,560,78,4.9,0.6,6.2,,USDA FoodData Central - FNDDS 2021-2023,2705706
usda-fndds-2705712,"Cheese, Colby",,Cheese,Global,vegetarian,1 slice,21.0,394,23.8,2.6,32.1,0.0,0.5,604,83,5.0,0.5,6.7,high_sodium,USDA FoodData Central - FNDDS 2021-2023,2705712
usda-fndds-2705735,"Cheese, Swiss",,Cheese,Global,vegetarian,1 slice,21.0,393,27.0,1.4,31.0,0.0,0.0,185,83,5.7,0.3,6.5,,USDA FoodData Central - FNDDS 2021-2023,2705735
usda-fndds-2705709,"Cheese, Cheddar",,Cheese,Global,vegetarian,1 slice,21.0,409,23.3,2.4,34.0,0.0,0.3,654,86,4.9,0.5,7.1,high_sodium,USDA FoodData Central - FNDDS 2021-2023,2705709
usda-fndds-2705750,"Cheese, Ricotta",,Cottage/ricotta cheese,Global,vegetarian,1 cup,246.0,148,9.6,6.0,9.5,0.0,0.3,102,364,23.6,14.8,23.3,high_protein,USDA FoodData Central - FNDDS 2021-2023,2705750
usda-fndds-2705749,"Cottage cheese, farmer's",,Cottage/ricotta cheese,Global,vegetarian,1 cup,210.0,148,11.0,4.3,9.7,0.0,2.5,330,311,23.0,9.1,20.4,high_protein,USDA FoodData Central - FNDDS 2021-2023,2705749
usda-fndds-2705747,"Cheese, cottage, NFS",,Cottage/ricotta cheese,Global,vegetarian,1 cup,210.0,82,11.0,4.3,2.3,0.0,4.1,321,172,23.1,9.1,4.8,high_protein|low_fat|diet_friendly,USDA FoodData Central - FNDDS 2021-2023,2705747
usda-fndds-2705756,"Cheese, cottage, low fat",,Cottage/ricotta cheese,Global,vegetarian,1 cup,226.0,82,11.0,4.3,2.3,0.0,4.1,321,185,24.9,9.7,5.2,high_protein|low_fat|diet_friendly,USDA FoodData Central - FNDDS 2021-2023,2705756
usda-fndds-2705753,"Cheese, cottage, dry curd",,Cottage/ricotta cheese,Global,vegetarian,"1 cup, dry type",145.0,72,10.3,6.7,0.3,0.0,1.9,372,104,15.0,9.7,0.4,high_protein|low_calorie|low_fat|diet_friendly,USDA FoodData Central - FNDDS 2021-2023,2705753
usda-fndds-2705751,"Cheese, cottage, with fruit",,Cottage/ricotta cheese,Global,vegetarian,1 cup,226.0,74,9.4,4.9,2.0,0.2,4.6,273,167,21.3,11.2,4.4,high_protein|low_calorie|low_fat|diet_friendly,USDA FoodData Central - FNDDS 2021-2023,2705751
usda-fndds-2708686,Pizza rolls,,Pizza,Global,vegan,1 cup,119.0,345,9.2,53.4,10.5,1.3,3.9,631,411,10.9,63.5,12.5,high_sodium,USDA FoodData Central - FNDDS 2021-2023,2708686
usda-fndds-2705789,Topping from meat pizza,,Pizza,Global,non_vegetarian,Topping from 1 piece,41.0,321,19.2,5.7,24.5,0.7,3.2,934,132,7.9,2.3,10.1,high_sodium,USDA FoodData Central - FNDDS 2021-2023,2705789
usda-fndds-2705787,Topping from cheese pizza,,Pizza,Global,vegetarian,Topping from 1 piece,40.0,230,16.9,7.6,14.7,1.0,4.4,713,92,6.7,3.0,5.9,high_sodium,USDA FoodData Central - FNDDS 2021-2023,2705787
usda-fndds-2705788,Topping from vegetable pizza,,Pizza,Global,vegetarian,Topping from 1 piece,49.0,247,15.6,12.2,15.6,1.9,5.8,805,121,7.6,6.0,7.6,high_sodium,USDA FoodData Central - FNDDS 2021-2023,2705788
usda-fndds-2705790,Topping from meat and vegetable pizza,,Pizza,Global,non_vegetarian,Topping from 1 piece,51.0,299,17.6,7.7,22.0,1.0,4.1,837,152,9.0,3.9,11.2,high_sodium,USDA FoodData Central - FNDDS 2021-2023,2705790
usda-fndds-2708685,"Calzone, with meat and cheese",,Pizza,Global,non_vegetarian,100 g,100.0,343,14.8,31.3,17.7,1.4,0.6,434,343,14.8,31.3,17.7,,USDA FoodData Central - FNDDS 2021-2023,2708685
usda-fndds-2705792,Cheese souffle,,Eggs and omelets,Global,eggetarian,1 cup,95.0,207,9.4,6.4,16.0,0.1,2.4,314,197,9.0,6.1,15.2,,USDA FoodData Central - FNDDS 2021-2023,2705792
usda-fndds-2707191,Huevos rancheros,,Eggs and omelets,Global,eggetarian,1 egg,118.0,121,6.7,8.8,6.7,1.7,2.3,418,143,7.9,10.4,7.8,,USDA FoodData Central - FNDDS 2021-2023,2707191
usda-fndds-2707179,"Egg, creamed",,Eggs and omelets,Global,eggetarian,1 egg,145.0,148,7.8,5.5,10.3,0.1,3.0,363,215,11.3,8.0,15.0,,USDA FoodData Central - FNDDS 2021-2023,2707179
usda-fndds-2707181,"Egg, deviled",,Eggs and omelets,Global,eggetarian,1 egg,30.0,198,11.5,1.1,15.9,0.0,1.1,430,59,3.5,0.3,4.8,,USDA FoodData Central - FNDDS 2021-2023,2707181
usda-fndds-2707180,"Egg, Benedict",,Eggs and omelets,Global,non_vegetarian,1 egg,155.0,288,13.8,8.5,22.1,0.6,1.2,468,446,21.4,13.1,34.3,,USDA FoodData Central - FNDDS 2021-2023,2707180
usda-fndds-2707182,"Egg salad, made with mayonnaise",,Eggs and omelets,Global,eggetarian,1 medium egg,68.0,257,10.3,1.0,23.1,0.0,1.0,378,175,7.0,0.7,15.7,,USDA FoodData Central - FNDDS 2021-2023,2707182
usda-fndds-2707186,"Egg salad, made with creamy dressing",,Eggs and omelets,Global,eggetarian,1 medium egg,68.0,212,10.2,2.1,17.7,0.0,1.9,420,144,6.9,1.4,12.0,,USDA FoodData Central - FNDDS 2021-2023,2707186
usda-fndds-2707188,"Egg salad, made with Italian dressing",,Eggs and omelets,Global,eggetarian,1 medium egg,68.0,172,10.0,3.4,12.7,0.0,3.1,456,117,6.8,2.3,8.7,,USDA FoodData Central - FNDDS 2021-2023,2707188
usda-fndds-2707205,"Egg omelet or scrambled egg, no added fat",,Eggs and omelets,Global,eggetarian,1 egg,50.0,143,12.4,1.0,9.9,0.0,0.2,244,72,6.2,0.5,5.0,low_calorie,USDA FoodData Central - FNDDS 2021-2023,2707205
usda-fndds-2707200,"Egg omelet or scrambled egg, made with oil",,Eggs and omelets,Global,eggetarian,1 egg,55.0,192,11.6,0.9,15.8,0.0,0.2,228,106,6.4,0.5,8.7,,USDA FoodData Central - FNDDS 2021-2023,2707200
usda-fndds-2707201,"Egg omelet or scrambled egg, made with butter",,Eggs and omelets,Global,eggetarian,1 egg,55.0,182,11.6,0.9,14.6,0.0,0.2,263,100,6.4,0.5,8.1,,USDA FoodData Central - FNDDS 2021-2023,2707201
usda-fndds-2707199,"Egg omelet or scrambled egg, made with margarine",,Eggs and omelets,Global,eggetarian,1 egg,55.0,171,11.6,0.9,13.5,0.0,0.2,274,94,6.4,0.5,7.4,,USDA FoodData Central - FNDDS 2021-2023,2707199
usda-fndds-2709815,Coleslaw,,"Coleslaw, non-lettuce salads",Global,vegan,1 cup,220.0,117,0.9,10.4,8.0,1.9,7.4,280,257,2.1,23.0,17.6,,USDA FoodData Central - FNDDS 2021-2023,2709815
usda-fndds-2710056,Pea salad,,"Coleslaw, non-lettuce salads",Global,eggetarian,1 cup,214.0,180,3.0,10.6,14.0,2.7,4.9,253,385,6.4,22.8,30.0,high_fiber,USDA FoodData Central - FNDDS 2021-2023,2710056
usda-fndds-2709813,Broccoli slaw salad,,"Coleslaw, non-lettuce salads",Global,vegan,1 cup,186.0,123,2.0,10.4,8.1,1.9,6.3,295,229,3.7,19.4,15.1,,USDA FoodData Central - FNDDS 2021-2023,2709813
usda-fndds-2710057,Pea salad with cheese,,"Coleslaw, non-lettuce salads",Global,eggetarian,1 cup,214.0,203,5.0,9.8,16.0,2.4,4.4,293,434,10.7,21.0,34.3,high_fiber,USDA FoodData Central - FNDDS 2021-2023,2710057
usda-fndds-2705911,Mock chicken legs,,"Beef, excludes ground",Global,non_vegetarian,1 stick,85.0,242,21.5,8.0,13.6,0.3,0.1,313,206,18.3,6.8,11.6,high_protein,USDA FoodData Central - FNDDS 2021-2023,2705911
usda-fndds-2705819,"Meat, NFS",,"Beef, excludes ground",Global,non_vegetarian,"1 piece/slice, any size",30.0,215,27.1,0.0,11.3,0.0,0.0,363,64,8.1,0.0,3.4,high_protein,USDA FoodData Central - FNDDS 2021-2023,2705819
usda-fndds-2705822,"Beef, NFS",,"Beef, excludes ground",Global,non_vegetarian,"1 piece/slice, any size",30.0,231,27.1,0.0,13.0,0.0,0.0,372,69,8.1,0.0,3.9,high_protein,USDA FoodData Central - FNDDS 2021-2023,2705822
usda-fndds-2705909,"Veal, chop",,"Beef, excludes ground",Global,non_vegetarian,"1 chop, any size",90.0,158,29.5,0.1,4.4,0.0,0.0,391,142,26.6,0.1,4.0,high_protein|diet_friendly,USDA FoodData Central - FNDDS 2021-2023,2705909
usda-fndds-2705854,"Beef, ground",,Ground beef,Global,non_vegetarian,1 oz yields,20.0,261,25.6,0.0,16.8,0.0,0.0,381,52,5.1,0.0,3.4,,USDA FoodData Central - FNDDS 2021-2023,2705854
usda-fndds-2705910,"Veal, ground",,Ground beef,Global,non_vegetarian,1 patty,85.0,213,25.6,1.5,11.7,0.0,0.0,452,181,21.8,1.3,9.9,high_protein,USDA FoodData Central - FNDDS 2021-2023,2705910
usda-fndds-2705820,"Meat, ground, NFS",,Ground beef,Global,non_vegetarian,1 patty,85.0,262,25.6,0.0,17.0,0.0,0.0,382,223,21.8,0.0,14.5,high_protein,USDA FoodData Central - FNDDS 2021-2023,2705820
usda-fndds-2705853,"Beef, ground, raw",,Ground beef,Global,non_vegetarian,100 g,100.0,213,18.4,0.0,14.9,0.0,0.0,373,213,18.4,0.0,14.9,high_protein,USDA FoodData Central - FNDDS 2021-2023,2705853
usda-fndds-2705902,Pork skin rinds,,Pork,Global,non_vegetarian,1 small single serving bag,28.0,544,61.3,0.0,31.3,0.0,0.0,1818,152,17.2,0.0,8.8,high_protein|high_sodium,USDA FoodData Central - FNDDS 2021-2023,2705902
usda-fndds-2705862,"Pork, NFS",,Pork,Global,non_vegetarian,"1 slice, any size",30.0,192,27.1,0.0,8.7,0.0,0.0,348,58,8.1,0.0,2.6,high_protein|diet_friendly,USDA FoodData Central - FNDDS 2021-2023,2705862
usda-fndds-2705893,"Ribs, NFS",,Pork,Global,non_vegetarian,"1 rib (yield after cooking, bone removed)",35.0,254,16.5,12.1,15.0,0.3,9.9,674,89,5.8,4.2,5.2,high_sodium,USDA FoodData Central - FNDDS 2021-2023,2705893
usda-fndds-2705894,"Pork, ribs",,Pork,Global,non_vegetarian,"1 rib (yield after cooking, bone removed)",35.0,254,16.2,12.1,15.1,0.3,9.9,678,89,5.7,4.2,5.3,high_sodium,USDA FoodData Central - FNDDS 2021-2023,2705894
usda-fndds-2706766,Pork hash,,Meat mixed dishes,Global,non_vegetarian,1 cup,190.0,186,12.9,2.0,13.7,0.5,0.6,486,353,24.6,3.7,26.0,high_protein,USDA FoodData Central - FNDDS 2021-2023,2706766
usda-fndds-2706388,Beef curry,,Meat mixed dishes,Global,non_vegetarian,1 cup,240.0,113,7.6,6.5,6.6,1.4,2.6,359,271,18.2,15.7,15.8,high_protein,USDA FoodData Central - FNDDS 2021-2023,2706388
usda-fndds-2706749,Beef salad,,Meat mixed dishes,Global,non_vegetarian,100 g,100.0,261,17.9,2.9,19.3,0.4,2.1,338,261,17.9,2.9,19.3,high_protein,USDA FoodData Central - FNDDS 2021-2023,2706749
usda-fndds-2706732,Swiss steak,,Meat mixed dishes,Global,non_vegetarian,1 cup,249.0,115,15.5,3.7,4.4,0.9,1.2,250,286,38.5,9.1,11.0,high_protein|diet_friendly,USDA FoodData Central - FNDDS 2021-2023,2706732
usda-fndds-2706416,Veal Marsala,,Meat mixed dishes,Global,non_vegetarian,1 slice with sauce,96.0,175,17.8,6.7,8.5,0.5,0.5,147,168,17.1,6.5,8.2,high_protein|diet_friendly,USDA FoodData Central - FNDDS 2021-2023,2706416
usda-fndds-2706747,Pepper steak,,Meat mixed dishes,Global,non_vegetarian,1 cup,217.0,145,11.9,4.3,9.1,0.7,1.7,244,315,25.8,9.4,19.8,high_protein,USDA FoodData Central - FNDDS 2021-2023,2706747
usda-fndds-2706371,Beef burgundy,,Meat mixed dishes,Global,non_vegetarian,1 cup,244.0,148,18.5,4.2,6.0,0.8,1.4,369,361,45.1,10.2,14.6,high_protein|diet_friendly,USDA FoodData Central - FNDDS 2021-2023,2706371
usda-fndds-2706394,Steak tartare,,Meat mixed dishes,Global,non_vegetarian,100 g,100.0,216,17.4,0.3,15.6,0.2,0.1,370,216,17.4,0.3,15.6,high_protein,USDA FoodData Central - FNDDS 2021-2023,2706394
usda-fndds-2706406,Sausage gravy,,Meat mixed dishes,Global,non_vegetarian,1 cup,240.0,180,6.8,7.7,13.6,0.1,3.9,421,432,16.3,18.4,32.7,,USDA FoodData Central - FNDDS 2021-2023,2706406
usda-fndds-2706508,Ham croquette,,Meat mixed dishes,Global,non_vegetarian,"1 croquette (1-1/2"" dia, 2"" high)",62.0,273,18.0,2.6,20.7,0.2,0.5,1176,169,11.1,1.6,12.9,high_protein|high_sodium,USDA FoodData Central - FNDDS 2021-2023,2706508
usda-fndds-2710179,Honey butter,,Butter and animal fats,Global,vegetarian,1 tablespoon,14.0,485,0.5,48.5,33.9,0.1,48.5,218,68,0.1,6.8,4.7,high_sugar,USDA FoodData Central - FNDDS 2021-2023,2710179
usda-fndds-2710165,Animal fat or drippings,,Butter and animal fats,Global,non_vegetarian,1 tablespoon,12.0,841,2.2,0.0,92.2,0.0,0.0,604,101,0.3,0.0,11.1,high_sodium,USDA FoodData Central - FNDDS 2021-2023,2710165
usda-fndds-2710154,"Butter, NFS",,Butter and animal fats,Global,vegetarian,1 tablespoon,14.0,743,0.8,0.1,82.2,0.0,0.6,524,104,0.1,0.0,11.5,,USDA FoodData Central - FNDDS 2021-2023,2710154
usda-fndds-2710156,"Butter, tub",,Butter and animal fats,Global,vegetarian,1 tablespoon,14.0,731,0.5,0.0,78.3,0.0,0.1,583,102,0.1,0.0,11.0,,USDA FoodData Central - FNDDS 2021-2023,2710156
usda-fndds-2705908,Goat,,"Lamb, goat, game",Global,non_vegetarian,1 cup,135.0,142,26.9,0.0,3.0,0.0,0.0,392,192,36.3,0.0,4.1,high_protein|diet_friendly,USDA FoodData Central - FNDDS 2021-2023,2705908
usda-fndds-2705918,Bear,,"Lamb, goat, game",Global,non_vegetarian,1 cup,135.0,257,32.2,0.0,13.3,0.0,0.0,378,347,43.4,0.0,17.9,high_protein,USDA FoodData Central - FNDDS 2021-2023,2705918
usda-fndds-2705917,Moose,,"Lamb, goat, game",Global,non_vegetarian,1 cup,135.0,133,29.0,0.0,1.0,0.0,0.0,376,180,39.2,0.0,1.3,high_protein|low_fat|diet_friendly,USDA FoodData Central - FNDDS 2021-2023,2705917
usda-fndds-2705920,Bison,,"Lamb, goat, game",Global,vegan,1 patty,85.0,178,25.2,0.0,8.6,0.0,0.0,383,151,21.5,0.0,7.3,high_protein|diet_friendly,USDA FoodData Central - FNDDS 2021-2023,2705920
usda-fndds-2705928,Ostrich,,"Turkey, duck, other poultry",Global,non_vegetarian,1 cup,135.0,174,25.9,0.0,7.0,0.0,0.0,402,235,35.0,0.0,9.5,high_protein|diet_friendly,USDA FoodData Central - FNDDS 2021-2023,2705928
usda-fndds-2706104,"Turkey, NFS",,"Turkey, duck, other poultry",Global,non_vegetarian,1 small or thin slice,30.0,139,28.8,0.0,2.1,0.0,0.0,467,42,8.6,0.0,0.6,high_protein|low_calorie|low_fat|diet_friendly,USDA FoodData Central - FNDDS 2021-2023,2706104
usda-fndds-2706148,"Dove, fried",,"Turkey, duck, other poultry",Global,eggetarian,"1 dove (yield after cooking, bone removed)",110.0,223,23.1,1.5,13.8,0.0,0.1,197,245,25.4,1.6,15.2,high_protein,USDA FoodData Central - FNDDS 2021-2023,2706148
usda-fndds-2706127,"Turkey, neck",,"Turkey, duck, other poultry",Global,non_vegetarian,1 small neck (from 11 to 13 lb turkey),115.0,161,22.3,0.0,7.3,0.0,0.0,566,185,25.6,0.0,8.4,high_protein|diet_friendly,USDA FoodData Central - FNDDS 2021-2023,2706127
usda-fndds-2706130,"Turkey, tail",,"Turkey, duck, other poultry",Global,non_vegetarian,"1 tail (yield after cooking, bone removed)",60.0,294,22.2,0.0,22.8,0.0,0.0,485,176,13.3,0.0,13.7,high_protein,USDA FoodData Central - FNDDS 2021-2023,2706130
usda-fndds-2706131,"Turkey, back",,"Turkey, duck, other poultry",Global,non_vegetarian,100 g,100.0,203,25.6,0.0,11.3,0.0,0.0,557,203,25.6,0.0,11.3,high_protein,USDA FoodData Central - FNDDS 2021-2023,2706131
usda-fndds-2706091,"Chicken, ground",,"Chicken, whole pieces",Global,non_vegetarian,"1 cup, cooked",130.0,201,27.1,0.0,10.3,0.0,0.0,400,261,35.3,0.0,13.4,high_protein,USDA FoodData Central - FNDDS 2021-2023,2706091
usda-fndds-2706061,"Chicken wing, stewed",,"Chicken, whole pieces",Global,non_vegetarian,"1 wing, any size",45.0,247,22.6,0.0,16.7,0.0,0.0,374,111,10.2,0.0,7.5,high_protein,USDA FoodData Central - FNDDS 2021-2023,2706061
usda-fndds-2706064,"Chicken wing, sauteed",,"Chicken, whole pieces",Global,non_vegetarian,"1 wing, any size",35.0,265,23.1,0.0,18.4,0.0,0.0,402,93,8.1,0.0,6.4,high_protein,USDA FoodData Central - FNDDS 2021-2023,2706064
usda-fndds-2706060,"Chicken wing, rotisserie",,"Chicken, whole pieces",Global,non_vegetarian,"1 wing, any size",35.0,257,23.4,0.6,18.0,0.0,0.6,579,90,8.2,0.2,6.3,high_protein,USDA FoodData Central - FNDDS 2021-2023,2706060
usda-fndds-2706063,"Chicken wing, grilled with sauce",,"Chicken, whole pieces",Global,non_vegetarian,"1 wing, any size",55.0,250,19.0,7.3,15.5,0.2,5.9,568,138,10.5,4.0,8.5,high_protein,USDA FoodData Central - FNDDS 2021-2023,2706063
usda-fndds-2706062,"Chicken wing, grilled without sauce",,"Chicken, whole pieces",Global,non_vegetarian,"1 wing, any size",35.0,265,23.1,0.0,18.4,0.0,0.0,402,93,8.1,0.0,6.4,high_protein,USDA FoodData Central - FNDDS 2021-2023,2706062
usda-fndds-2706073,"Chicken ""wings"" with hot sauce, from precooked",,"Chicken, whole pieces",Global,non_vegetarian,1 drummette,35.0,254,17.6,2.5,19.5,0.0,2.5,741,89,6.1,0.9,6.8,high_sodium,USDA FoodData Central - FNDDS 2021-2023,2706073
usda-fndds-2706076,"Chicken ""wings"" with hot sauce, from other sources",,"Chicken, whole pieces",Global,non_vegetarian,1 drummette,35.0,267,17.0,5.1,20.0,0.1,2.3,812,93,6.0,1.8,7.0,high_sodium,USDA FoodData Central - FNDDS 2021-2023,2706076
usda-fndds-2706074,"Chicken ""wings"" with other sauces or seasoning, from precooked",,"Chicken, whole pieces",Global,non_vegetarian,1 drummette,35.0,258,17.7,9.4,16.7,0.2,7.8,660,90,6.2,3.3,5.8,high_sodium,USDA FoodData Central - FNDDS 2021-2023,2706074
usda-fndds-2706077,"Chicken ""wings"" with other sauces or seasoning, from other sources",,"Chicken, whole pieces",Global,non_vegetarian,1 drummette,35.0,271,17.2,12.0,17.2,0.2,7.6,731,95,6.0,4.2,6.0,high_sodium,USDA FoodData Central - FNDDS 2021-2023,2706077
usda-fndds-2706069,"Chicken wing, baked, coated",,"Chicken, whole pieces",Global,non_vegetarian,"1 wing, any size",55.0,260,21.4,4.0,16.9,0.2,0.1,417,143,11.8,2.2,9.3,high_protein,USDA FoodData Central - FNDDS 2021-2023,2706069
usda-fndds-2706087,"Chicken, chicken roll, roasted",,"Chicken, whole pieces",Global,non_vegetarian,1 slice,28.0,164,26.7,0.0,6.3,0.0,0.0,499,46,7.5,0.0,1.8,,USDA FoodData Central - FNDDS 2021-2023,2706087
usda-fndds-2706037,"Chicken thigh, stewed, skin eaten",,"Chicken, whole pieces",Global,non_vegetarian,"1 cup, cooked, diced",135.0,227,22.4,0.0,15.3,0.0,0.0,383,306,30.2,0.0,20.7,high_protein,USDA FoodData Central - FNDDS 2021-2023,2706037
usda-fndds-2705965,"Chicken breast, stewed, skin eaten",,"Chicken, whole pieces",Global,non_vegetarian,"1 cup, cooked, diced",135.0,181,24.7,0.0,8.3,0.0,0.0,316,244,33.3,0.0,11.2,high_protein|diet_friendly,USDA FoodData Central - FNDDS 2021-2023,2705965
usda-fndds-2706156,Heart,,Liver and organ meats,Global,non_vegetarian,1 cup,145.0,164,28.2,0.1,4.7,0.0,0.0,366,238,41.0,0.2,6.8,high_protein|diet_friendly,USDA FoodData Central - FNDDS 2021-2023,2706156
usda-fndds-2706162,Tripe,,Liver and organ meats,Global,non_vegetarian,1 cup,140.0,89,12.6,0.0,3.9,0.0,0.0,425,125,17.6,0.0,5.4,high_protein|diet_friendly,USDA FoodData Central - FNDDS 2021-2023,2706162
usda-fndds-2706157,Kidney,,Liver and organ meats,Global,non_vegetarian,1 kidney,230.0,157,27.1,0.0,4.6,0.0,0.0,400,361,62.2,0.0,10.6,high_protein|diet_friendly,USDA FoodData Central - FNDDS 2021-2023,2706157
usda-fndds-2706159,Brains,,Liver and organ meats,Global,non_vegetarian,1 cup,140.0,150,11.6,1.5,10.4,0.0,0.0,414,210,16.2,2.1,14.6,high_protein,USDA FoodData Central - FNDDS 2021-2023,2706159
usda-fndds-2706332,Caviar,,Fish,Global,non_vegetarian,1 tablespoon,16.0,264,24.6,4.0,17.9,0.0,0.0,1500,42,3.9,0.6,2.9,high_sodium,USDA FoodData Central - FNDDS 2021-2023,2706332
usda-fndds-2706223,"Fish, raw",,Fish,Global,non_vegetarian,1 cup,135.0,94,17.2,0.0,2.3,0.0,0.0,83,127,23.2,0.0,3.2,high_protein|low_fat|diet_friendly,USDA FoodData Central - FNDDS 2021-2023,2706223
usda-fndds-2706224,"Fish, NFS",,Fish,Global,non_vegetarian,1 small/regular fillet,90.0,238,19.3,6.6,14.5,0.3,0.1,350,214,17.4,6.0,13.1,high_protein,USDA FoodData Central - FNDDS 2021-2023,2706224
usda-fndds-2706247,"Fish, eel",,Fish,Global,non_vegetarian,1 cup,135.0,273,20.6,7.8,17.1,0.3,0.1,317,369,27.8,10.5,23.0,high_protein,USDA FoodData Central - FNDDS 2021-2023,2706247
usda-fndds-2706233,"Fish, carp",,Fish,Global,non_vegetarian,"1 fillet, any size",90.0,213,20.0,7.8,10.7,0.3,0.1,314,192,18.0,7.0,9.6,high_protein,USDA FoodData Central - FNDDS 2021-2023,2706233
usda-fndds-2706276,"Fish, pike",,Fish,Global,non_vegetarian,"1 fillet, any size",140.0,172,21.5,7.8,5.6,0.3,0.1,304,241,30.1,10.9,7.8,high_protein|diet_friendly,USDA FoodData Central - FNDDS 2021-2023,2706276
usda-fndds-2706231,"Fish, stick",,Fish,Global,non_vegetarian,1 stick,20.0,277,11.0,21.7,16.2,1.5,1.6,402,55,2.2,4.3,3.2,,USDA FoodData Central - FNDDS 2021-2023,2706231
usda-fndds-2706300,"Fish, shark",,Fish,Global,non_vegetarian,"1 fillet, any size",140.0,216,23.3,7.8,9.6,0.3,0.1,346,302,32.6,10.9,13.4,high_protein|diet_friendly,USDA FoodData Central - FNDDS 2021-2023,2706300
usda-fndds-2706230,"Fish, smoked",,Fish,Global,non_vegetarian,1 cup,135.0,116,25.2,0.0,1.0,0.0,0.0,763,157,34.1,0.0,1.3,high_protein|low_fat|high_sodium,USDA FoodData Central - FNDDS 2021-2023,2706230
usda-fndds-2706269,"Fish, mullet",,Fish,Global,non_vegetarian,"1 fillet, any size",140.0,202,21.6,7.8,8.8,0.3,0.1,331,283,30.2,10.9,12.3,high_protein|diet_friendly,USDA FoodData Central - FNDDS 2021-2023,2706269
usda-fndds-2706232,"Fish, anchovy",,Fish,Global,non_vegetarian,1 can,45.0,210,28.9,0.0,9.7,0.0,0.0,3668,94,13.0,0.0,4.4,high_protein|high_sodium,USDA FoodData Central - FNDDS 2021-2023,2706232
usda-fndds-2706246,"Fish, croaker",,Fish,Global,non_vegetarian,"1 fillet, any size",90.0,189,19.9,7.8,8.2,0.3,0.1,322,170,17.9,7.0,7.4,high_protein|diet_friendly,USDA FoodData Central - FNDDS 2021-2023,2706246
usda-fndds-2706260,"Fish, halibut",,Fish,Global,non_vegetarian,"1 fillet, any size",140.0,175,20.7,7.8,6.2,0.3,0.1,334,245,29.0,10.9,8.7,high_protein|diet_friendly,USDA FoodData Central - FNDDS 2021-2023,2706260
usda-fndds-2706261,"Fish, herring",,Fish,Global,non_vegetarian,"1 fillet, any size",90.0,245,20.1,7.8,14.3,0.3,0.1,357,220,18.1,7.0,12.9,high_protein,USDA FoodData Central - FNDDS 2021-2023,2706261
usda-fndds-2706283,"Fish, snapper",,Fish,Global,non_vegetarian,"1 fillet, any size",90.0,185,22.8,7.8,6.3,0.3,0.1,330,166,20.5,7.0,5.6,high_protein|diet_friendly,USDA FoodData Central - FNDDS 2021-2023,2706283
usda-fndds-2706301,"Fish, swordfish",,Fish,Global,non_vegetarian,"1 fillet, any size",140.0,231,21.9,7.8,11.8,0.3,0.1,348,323,30.6,10.9,16.5,high_protein,USDA FoodData Central - FNDDS 2021-2023,2706301
usda-fndds-2706240,"Fish, cod, NFS",,Fish,Global,non_vegetarian,1 small/regular fillet,140.0,217,13.5,11.7,12.5,0.5,0.2,426,304,18.9,16.4,17.5,,USDA FoodData Central - FNDDS 2021-2023,2706240
usda-fndds-2706294,"Fish, bass, NFS",,Fish,Global,non_vegetarian,1 small/regular fillet,90.0,161,22.9,0.0,7.0,0.0,0.0,300,145,20.6,0.0,6.3,high_protein|diet_friendly,USDA FoodData Central - FNDDS 2021-2023,2706294
usda-fndds-2706344,Crab,,Shellfish,Global,non_vegetarian,1 crab,40.0,83,17.9,0.0,0.7,0.0,0.0,395,33,7.2,0.0,0.3,low_calorie|low_fat|diet_friendly,USDA FoodData Central - FNDDS 2021-2023,2706344
usda-fndds-2706335,Turtle,,Shellfish,Global,vegan,1 cup,135.0,157,24.6,0.0,5.8,0.0,0.0,285,212,33.2,0.0,7.8,high_protein|diet_friendly,USDA FoodData Central - FNDDS 2021-2023,2706335
usda-fndds-2706331,Octopus,,Shellfish,Global,non_vegetarian,1 cup,135.0,226,13.2,13.4,13.0,0.5,0.2,518,305,17.9,18.1,17.5,,USDA FoodData Central - FNDDS 2021-2023,2706331
usda-fndds-2706337,Abalone,,Shellfish,Global,vegan,1 cup,135.0,177,21.2,7.5,6.1,0.0,0.0,574,239,28.7,10.1,8.3,high_protein|diet_friendly,USDA FoodData Central - FNDDS 2021-2023,2706337
usda-fndds-2706349,Lobster,,Shellfish,Global,non_vegetarian,1 lobster,200.0,97,20.9,0.0,0.9,0.0,0.0,535,194,41.8,0.0,1.9,high_protein|low_fat|diet_friendly,USDA FoodData Central - FNDDS 2021-2023,2706349
usda-fndds-2706350,Mussels,,Shellfish,Global,non_vegetarian,1 cup,135.0,109,15.1,4.7,2.8,0.0,0.0,362,147,20.3,6.3,3.8,high_protein|low_fat|diet_friendly,USDA FoodData Central - FNDDS 2021-2023,2706350
usda-fndds-2706368,Escargot,,Shellfish,Global,vegan,1 snail,5.0,158,20.0,2.5,6.9,0.0,0.0,287,8,1.0,0.1,0.3,,USDA FoodData Central - FNDDS 2021-2023,2706368
usda-fndds-2706330,Frog legs,,Shellfish,Global,vegan,1 leg,25.0,220,14.4,11.7,12.4,0.5,0.2,387,55,3.6,2.9,3.1,,USDA FoodData Central - FNDDS 2021-2023,2706330
usda-fndds-2706452,Seafood sauce,,Shellfish,Global,non_vegetarian,1 tablespoon,16.0,203,8.5,2.5,17.4,0.1,0.0,463,32,1.4,0.4,2.8,,USDA FoodData Central - FNDDS 2021-2023,2706452
usda-fndds-2706458,Shrimp scampi,,Shellfish,Global,non_vegetarian,1 shrimp,15.0,192,15.4,2.3,13.0,0.2,0.1,168,29,2.3,0.3,1.9,,USDA FoodData Central - FNDDS 2021-2023,2706458
usda-fndds-2706741,Hunan beef,,Stir-fry and soy-based sauce mixtures,Global,non_vegetarian,1 cup,217.0,105,7.1,7.3,5.3,1.5,2.4,409,228,15.4,15.8,11.5,high_protein,USDA FoodData Central - FNDDS 2021-2023,2706741
usda-fndds-2706740,Szechuan beef,,Stir-fry and soy-based sauce mixtures,Global,non_vegetarian,1 cup,217.0,105,7.1,7.3,5.3,1.5,2.4,409,228,15.4,15.8,11.5,high_protein,USDA FoodData Central - FNDDS 2021-2023,2706740
usda-fndds-2706743,Kung Pao beef,,Stir-fry and soy-based sauce mixtures,Global,non_vegetarian,1 cup,162.0,216,17.9,4.5,14.4,1.0,1.4,175,350,29.0,7.4,23.4,high_protein,USDA FoodData Central - FNDDS 2021-2023,2706743
usda-fndds-2706763,Kung Pao pork,,Stir-fry and soy-based sauce mixtures,Global,non_vegetarian,1 cup,162.0,219,16.9,4.5,14.8,1.0,1.4,183,355,27.4,7.4,23.9,high_protein,USDA FoodData Central - FNDDS 2021-2023,2706763
usda-fndds-2706387,Steak teriyaki,,Stir-fry and soy-based sauce mixtures,Global,non_vegetarian,100 g,100.0,198,28.9,1.9,8.2,0.0,1.8,517,198,28.9,1.9,8.2,high_protein|diet_friendly,USDA FoodData Central - FNDDS 2021-2023,2706387
usda-fndds-2706443,Orange chicken,,Stir-fry and soy-based sauce mixtures,Global,non_vegetarian,1 chicken drumstick with sauce,71.0,262,14.5,22.5,12.7,0.8,13.6,553,186,10.3,15.9,9.0,,USDA FoodData Central - FNDDS 2021-2023,2706443
usda-fndds-2706445,Chicken kiev,,Poultry mixed dishes,Global,non_vegetarian,100 g,100.0,280,21.3,5.5,19.2,0.1,0.1,644,280,21.3,5.5,19.2,high_protein|high_sodium,USDA FoodData Central - FNDDS 2021-2023,2706445
usda-fndds-2706434,Barbecue chicken,,Poultry mixed dishes,Global,non_vegetarian,1 cup,240.0,167,19.0,12.2,4.6,0.3,10.0,550,401,45.6,29.4,11.1,high_protein|diet_friendly,USDA FoodData Central - FNDDS 2021-2023,2706434
usda-fndds-2708745,Chicken cornbread,,Poultry mixed dishes,Global,non_vegetarian,"1 piece (2-1/2"" x 2-1/2"" x 1-1/2"")",67.0,167,13.8,9.4,8.2,0.4,0.2,458,112,9.2,6.3,5.5,high_protein|diet_friendly,USDA FoodData Central - FNDDS 2021-2023,2708745
usda-fndds-2706426,Chili with chicken,,Poultry mixed dishes,Global,non_vegetarian,1 cup,255.0,100,14.1,2.4,3.7,0.5,1.4,359,255,36.0,6.1,9.5,high_protein|diet_friendly,USDA FoodData Central - FNDDS 2021-2023,2706426
usda-fndds-2706527,Chicken or turkey hash,,Poultry mixed dishes,Global,non_vegetarian,1 cup,190.0,110,9.6,8.3,4.1,1.3,0.9,259,209,18.2,15.7,7.8,high_protein|diet_friendly,USDA FoodData Central - FNDDS 2021-2023,2706527
usda-fndds-2706438,Chicken curry with rice,,Poultry mixed dishes,Global,non_vegetarian,1 cup,200.0,116,5.0,15.1,4.0,1.0,1.6,324,232,9.9,30.2,8.0,,USDA FoodData Central - FNDDS 2021-2023,2706438
usda-fndds-2706439,Chicken with mole sauce,,Poultry mixed dishes,Global,non_vegetarian,1 cup,244.0,137,19.0,3.2,5.6,0.3,2.1,542,334,46.3,7.9,13.6,high_protein|diet_friendly,USDA FoodData Central - FNDDS 2021-2023,2706439
usda-fndds-2706789,Chicken or turkey divan,,Poultry mixed dishes,Global,non_vegetarian,1 cup,236.0,140,15.5,4.0,7.3,1.3,0.9,295,330,36.6,9.5,17.1,high_protein,USDA FoodData Central - FNDDS 2021-2023,2706789
usda-fndds-2706546,Chicken or turkey souffle,,Poultry mixed dishes,Global,non_vegetarian,1 cup,159.0,171,11.7,5.6,11.3,0.1,2.2,380,272,18.6,8.9,18.0,high_protein,USDA FoodData Central - FNDDS 2021-2023,2706546
usda-fndds-2706429,Chicken or turkey fricassee,,Poultry mixed dishes,Global,non_vegetarian,1 cup,244.0,121,10.7,3.5,7.2,0.1,0.3,418,295,26.1,8.6,17.5,high_protein,USDA FoodData Central - FNDDS 2021-2023,2706429
usda-fndds-2706421,Chicken or turkey cacciatore,,Poultry mixed dishes,Global,non_vegetarian,1 cup,244.0,174,13.2,6.9,10.6,1.1,1.6,664,425,32.2,16.9,25.9,high_protein|high_sodium,USDA FoodData Central - FNDDS 2021-2023,2706421
usda-fndds-2706425,Chili with chicken and beans,,Poultry mixed dishes,Global,non_vegetarian,1 cup,255.0,99,10.2,10.2,2.1,3.0,1.5,341,252,26.0,26.1,5.3,high_protein|high_fiber|low_fat|diet_friendly,USDA FoodData Central - FNDDS 2021-2023,2706425
usda-fndds-2706463,Ceviche,,Seafood mixed dishes,Global,non_vegetarian,1 cup,250.0,63,10.5,3.6,0.8,0.5,1.3,149,158,26.3,8.9,1.9,high_protein|low_calorie|low_fat|diet_friendly,USDA FoodData Central - FNDDS 2021-2023,2706463
usda-fndds-2706873,Lau lau,,Seafood mixed dishes,Global,non_vegetarian,1 lau lau,214.0,140,15.2,0.0,8.3,0.0,0.0,231,300,32.6,0.0,17.8,high_protein,USDA FoodData Central - FNDDS 2021-2023,2706873
usda-fndds-2706460,Fish curry,,Seafood mixed dishes,Global,non_vegetarian,1 cup,240.0,93,4.9,6.7,5.4,1.4,2.6,351,223,11.9,16.0,13.0,,USDA FoodData Central - FNDDS 2021-2023,2706460
usda-fndds-2706824,Crab salad,,Seafood mixed dishes,Global,non_vegetarian,1 cup,208.0,188,9.4,1.3,15.9,0.4,0.6,462,391,19.6,2.6,33.1,,USDA FoodData Central - FNDDS 2021-2023,2706824
usda-fndds-2706850,Lomi salmon,,Seafood mixed dishes,Global,non_vegetarian,1 cup,234.0,60,7.5,3.3,1.9,1.0,1.8,145,140,17.7,7.7,4.4,high_protein|low_calorie|low_fat|diet_friendly,USDA FoodData Central - FNDDS 2021-2023,2706850
usda-fndds-2706551,Gefilte fish,,Seafood mixed dishes,Global,non_vegetarian,1 cup,250.0,82,10.4,8.7,0.4,0.4,0.5,453,205,26.0,21.9,1.0,high_protein|low_fat|diet_friendly,USDA FoodData Central - FNDDS 2021-2023,2706551
usda-fndds-2706564,Clams Casino,,Seafood mixed dishes,Global,non_vegetarian,1 clam,30.0,162,11.8,10.3,7.9,1.0,1.8,454,49,3.5,3.1,2.4,,USDA FoodData Central - FNDDS 2021-2023,2706564
usda-fndds-2706567,Shrimp toast,,Seafood mixed dishes,Global,non_vegetarian,1/2 slice,48.0,222,8.5,12.0,15.4,0.8,1.4,558,107,4.1,5.8,7.4,,USDA FoodData Central - FNDDS 2021-2023,2706567
usda-fndds-2708808,Pad Thai with meat,,Fried rice and lo/chow mein,Global,non_vegetarian,1 cup,200.0,160,8.2,14.7,7.9,1.2,4.2,337,320,16.4,29.5,15.8,,USDA FoodData Central - FNDDS 2021-2023,2708808
usda-fndds-2708806,Pad Thai with chicken,,Fried rice and lo/chow mein,Global,non_vegetarian,1 cup,200.0,154,8.1,14.4,7.5,1.2,4.1,384,308,16.3,28.7,15.0,,USDA FoodData Central - FNDDS 2021-2023,2708806
usda-fndds-2708807,Pad Thai with seafood,,Fried rice and lo/chow mein,Global,non_vegetarian,1 cup,200.0,147,6.8,15.1,6.8,1.2,4.2,349,294,13.7,30.1,13.6,,USDA FoodData Central - FNDDS 2021-2023,2708807
usda-fndds-2706607,Beef chow mein or chop suey with noodles,,Fried rice and lo/chow mein,Global,non_vegetarian,1 cup,220.0,129,10.8,11.2,4.9,1.5,1.6,328,284,23.7,24.6,10.8,high_protein|diet_friendly,USDA FoodData Central - FNDDS 2021-2023,2706607
usda-fndds-2706648,Pork chow mein or chop suey with noodles,,Fried rice and lo/chow mein,Global,non_vegetarian,1 cup,220.0,143,10.4,11.2,6.4,1.5,1.6,325,315,22.9,24.6,14.0,high_protein|diet_friendly,USDA FoodData Central - FNDDS 2021-2023,2706648
usda-fndds-2708796,Chow fun noodles with meat and vegetables,,Fried rice and lo/chow mein,Global,non_vegetarian,1 cup,152.0,102,7.1,11.5,2.7,0.9,1.1,162,155,10.8,17.5,4.2,high_protein|low_fat|diet_friendly,USDA FoodData Central - FNDDS 2021-2023,2708796
usda-fndds-2709077,Rice pilaf,,Rice mixed dishes,Global,vegan,1 cup,206.0,137,3.3,24.1,3.0,0.4,0.5,414,282,6.8,49.6,6.2,,USDA FoodData Central - FNDDS 2021-2023,2709077
usda-fndds-2709078,Dirty rice,,Rice mixed dishes,Global,non_vegetarian,1 cup,198.0,112,5.1,17.2,2.2,0.6,0.9,316,222,10.1,34.2,4.5,low_fat,USDA FoodData Central - FNDDS 2021-2023,2709078
usda-fndds-2709089,Rice dressing,,Rice mixed dishes,Global,non_vegetarian,1 cup,167.0,110,2.0,17.6,3.3,0.6,0.7,600,184,3.3,29.4,5.5,high_sodium,USDA FoodData Central - FNDDS 2021-2023,2709089
usda-fndds-2709071,Rice croquette,,Rice mixed dishes,Global,eggetarian,"1 croquette (1-1/2"" dia, 2"" high)",62.0,154,3.4,20.1,6.6,0.9,0.6,416,95,2.1,12.4,4.1,,USDA FoodData Central - FNDDS 2021-2023,2709071
usda-fndds-2709090,Rice with raisins,,Rice mixed dishes,Global,vegan,1 cup,185.0,162,2.6,32.1,2.6,0.8,6.5,447,300,4.9,59.4,4.8,low_fat,USDA FoodData Central - FNDDS 2021-2023,2709090
usda-fndds-2706711,Paella with seafood,,Rice mixed dishes,Global,non_vegetarian,1 cup,240.0,143,8.0,16.4,4.8,0.7,0.9,609,343,19.3,39.5,11.4,high_sodium,USDA FoodData Central - FNDDS 2021-2023,2706711
usda-fndds-2709079,Flavored rice mixture,,Rice mixed dishes,Global,non_vegetarian,1 cup,218.0,127,1.9,19.8,4.3,0.4,0.6,296,277,4.1,43.2,9.3,,USDA FoodData Central - FNDDS 2021-2023,2709079
usda-fndds-2706727,Jambalaya with meat and rice,,Rice mixed dishes,Global,non_vegetarian,1 cup,244.0,161,13.8,8.7,8.0,0.7,0.9,379,393,33.6,21.1,19.4,high_protein|diet_friendly,USDA FoodData Central - FNDDS 2021-2023,2706727
usda-fndds-2708345,Cake made with glutinous rice,,Rice mixed dishes,Global,non_vegetarian,1 oz,28.4,279,2.5,53.6,6.5,0.7,31.1,36,79,0.7,15.2,1.8,high_sugar,USDA FoodData Central - FNDDS 2021-2023,2708345
usda-fndds-2709088,Spanish rice with ground beef,,Rice mixed dishes,Global,non_vegetarian,1 cup,230.0,163,9.7,14.8,6.9,0.8,1.2,346,375,22.3,34.0,15.9,,USDA FoodData Central - FNDDS 2021-2023,2709088
usda-fndds-2709064,Grape leaves stuffed with rice,,Rice mixed dishes,Global,vegan,1 roll,56.0,168,2.3,13.9,11.9,3.1,2.8,166,94,1.3,7.8,6.7,,USDA FoodData Central - FNDDS 2021-2023,2709064
usda-fndds-2709082,Flavored rice and pasta mixture,,Rice mixed dishes,Global,non_vegetarian,"1 cup, beef flavor",184.0,118,2.7,19.1,3.5,0.3,0.2,255,217,4.9,35.2,6.4,,USDA FoodData Central - FNDDS 2021-2023,2709082
usda-fndds-2709091,Rice dessert or salad with fruit,,Rice mixed dishes,Global,vegetarian,1 cup,155.0,154,1.4,20.8,7.3,0.6,11.0,7,239,2.2,32.2,11.3,,USDA FoodData Central - FNDDS 2021-2023,2709091
usda-fndds-2709080,Flavored rice mixture with cheese,,Rice mixed dishes,Global,vegetarian,1 cup,230.0,124,3.0,25.2,1.2,0.6,1.8,389,285,6.9,58.0,2.8,low_fat,USDA FoodData Central - FNDDS 2021-2023,2709080
usda-fndds-2708348,Cake made with glutinous rice and dried beans,,Rice mixed dishes,Global,vegan,1 cubic inch,20.5,185,7.8,36.1,0.6,3.4,1.5,942,38,1.6,7.4,0.1,low_fat|high_sodium,USDA FoodData Central - FNDDS 2021-2023,2708348
usda-fndds-2706723,"Paella, NFS",,Rice mixed dishes,Global,non_vegetarian,1 cup,240.0,169,9.5,15.8,7.2,0.6,0.7,737,406,22.9,37.8,17.2,high_sodium,USDA FoodData Central - FNDDS 2021-2023,2706723
usda-fndds-2708950,"Bibimbap, Korean",,Rice mixed dishes,Global,non_vegetarian,1 cup,162.0,76,5.5,8.1,2.4,1.1,1.5,435,123,8.9,13.1,4.0,high_protein|low_calorie|low_fat|diet_friendly,USDA FoodData Central - FNDDS 2021-2023,2708950
usda-fndds-2708984,"Congee, with egg",,Rice mixed dishes,Global,eggetarian,1 cup,255.0,60,3.1,6.9,2.1,0.1,0.1,213,153,8.0,17.6,5.3,low_calorie|low_fat|diet_friendly,USDA FoodData Central - FNDDS 2021-2023,2708984
usda-fndds-2708508,Taco or tostada salad with meat,,Burritos and tacos,Global,non_vegetarian,1 small taco salad,237.0,179,7.5,16.5,9.3,2.9,1.8,319,424,17.7,39.1,22.1,high_fiber,USDA FoodData Central - FNDDS 2021-2023,2708508
usda-fndds-2708509,Taco or tostada salad with chicken,,Burritos and tacos,Global,non_vegetarian,1 small taco salad,240.0,167,7.8,16.3,8.0,2.8,1.8,315,401,18.8,39.1,19.2,high_fiber|diet_friendly,USDA FoodData Central - FNDDS 2021-2023,2708509
usda-fndds-2708511,Taco or tostada salad with meat and sour cream,,Burritos and tacos,Global,non_vegetarian,1 cup,122.0,181,6.9,15.1,10.4,2.5,2.0,286,221,8.4,18.4,12.7,,USDA FoodData Central - FNDDS 2021-2023,2708511
usda-fndds-2708512,Taco or tostada salad with chicken and sour cream,,Burritos and tacos,Global,non_vegetarian,1 cup,122.0,171,7.2,15.0,9.3,2.5,2.0,282,209,8.8,18.3,11.3,,USDA FoodData Central - FNDDS 2021-2023,2708512
usda-fndds-2706759,Greens with ham or pork,,Other dark green vegetables,Global,non_vegetarian,1 cup,144.0,47,4.9,4.7,1.4,3.6,0.8,370,68,7.1,6.7,2.0,low_calorie|high_fiber|low_fat|diet_friendly,USDA FoodData Central - FNDDS 2021-2023,2706759
usda-fndds-2709599,"Kale, raw",,Other dark green vegetables,Global,vegan,1 cup,25.0,43,2.9,4.4,1.5,4.1,0.8,53,11,0.7,1.1,0.4,low_calorie|low_fat|diet_friendly,USDA FoodData Central - FNDDS 2021-2023,2709599
usda-fndds-2709574,"Chard, raw",,Other dark green vegetables,Global,vegan,1 cup,36.0,19,1.8,3.7,0.2,1.6,1.1,213,7,0.6,1.3,0.1,low_calorie|low_fat|diet_friendly,USDA FoodData Central - FNDDS 2021-2023,2709574
usda-fndds-2709586,"Cress, raw",,Other dark green vegetables,Global,vegan,1 cup,50.0,32,2.6,5.5,0.7,1.1,4.4,14,16,1.3,2.8,0.3,low_calorie|low_fat|diet_friendly,USDA FoodData Central - FNDDS 2021-2023,2709586
usda-fndds-2709575,"Chard, cooked",,Other dark green vegetables,Global,vegan,1 cup,150.0,44,1.9,3.9,3.0,1.7,1.1,352,66,2.8,5.8,4.4,low_calorie|low_fat,USDA FoodData Central - FNDDS 2021-2023,2709575
usda-fndds-2709576,"Collards, raw",,Other dark green vegetables,Global,vegan,1 cup,36.0,32,3.0,5.4,0.6,4.0,0.5,17,12,1.1,2.0,0.2,low_calorie|low_fat|diet_friendly,USDA FoodData Central - FNDDS 2021-2023,2709576
usda-fndds-2709587,"Cress, cooked",,Other dark green vegetables,Global,vegan,1 cup,140.0,58,2.7,5.7,3.5,1.1,4.6,145,81,3.8,8.0,4.9,low_calorie,USDA FoodData Central - FNDDS 2021-2023,2709587
usda-fndds-2709639,"Watercress, raw",,Other dark green vegetables,Global,vegan,1 cup,34.0,11,2.3,1.3,0.1,0.5,0.2,41,4,0.8,0.4,0.0,low_calorie|low_fat|diet_friendly,USDA FoodData Central - FNDDS 2021-2023,2709639
usda-fndds-2709570,"Beet greens, raw",,Other dark green vegetables,Global,vegan,1 cup,38.0,22,2.2,4.3,0.1,3.7,0.5,226,8,0.8,1.6,0.0,low_calorie|low_fat|diet_friendly,USDA FoodData Central - FNDDS 2021-2023,2709570
usda-fndds-2709592,"Escarole, cooked",,Other dark green vegetables,Global,vegan,1 cup,135.0,37,1.1,3.0,2.7,2.7,0.2,139,50,1.5,4.0,3.7,low_calorie|low_fat,USDA FoodData Central - FNDDS 2021-2023,2709592
usda-fndds-2709640,"Watercress, cooked",,Other dark green vegetables,Global,vegan,1 cup,142.0,36,2.4,1.4,2.8,0.5,0.2,173,51,3.4,1.9,4.0,low_calorie|low_fat,USDA FoodData Central - FNDDS 2021-2023,2709640
usda-fndds-2709571,"Beet greens, cooked",,Other dark green vegetables,Global,vegan,1 cup,150.0,48,2.3,4.5,2.9,3.9,0.5,365,72,3.5,6.8,4.3,low_calorie|high_fiber|low_fat,USDA FoodData Central - FNDDS 2021-2023,2709571
usda-fndds-2709606,"Mustard greens, raw",,Other dark green vegetables,Global,vegan,1 cup,56.0,27,2.9,4.7,0.4,3.2,1.3,20,15,1.6,2.6,0.2,low_calorie|low_fat|diet_friendly,USDA FoodData Central - FNDDS 2021-2023,2709606
usda-fndds-2709612,"Poke greens, cooked",,Other dark green vegetables,Global,vegan,1 cup,150.0,42,2.2,3.0,2.9,1.5,1.6,138,63,3.4,4.5,4.4,low_calorie|low_fat,USDA FoodData Central - FNDDS 2021-2023,2709612
usda-fndds-2709633,"Taro leaves, cooked",,Other dark green vegetables,Global,vegan,1 cup,150.0,68,5.2,7.0,3.5,3.9,3.1,133,102,7.8,10.5,5.3,low_calorie|high_fiber,USDA FoodData Central - FNDDS 2021-2023,2709633
usda-fndds-2709605,"Lambsquarter, cooked",,Other dark green vegetables,Global,vegan,1 cup,185.0,54,3.1,4.8,3.2,2.0,0.6,149,100,5.8,9.0,6.0,low_calorie,USDA FoodData Central - FNDDS 2021-2023,2709605
usda-fndds-2709588,"Dandelion greens, raw",,Other dark green vegetables,Global,vegan,1 cup,55.0,45,2.7,9.2,0.7,3.5,0.7,76,25,1.5,5.1,0.4,low_calorie|low_fat|diet_friendly,USDA FoodData Central - FNDDS 2021-2023,2709588
usda-fndds-2709589,"Dandelion greens, cooked",,Other dark green vegetables,Global,vegan,1 cup,110.0,71,2.8,9.6,3.5,3.6,0.7,209,78,3.1,10.5,3.8,low_calorie|diet_friendly,USDA FoodData Central - FNDDS 2021-2023,2709589
usda-fndds-2709582,"Collards, fresh, cooked with oil",,Other dark green vegetables,Global,vegan,1 cup,135.0,61,3.1,5.6,3.8,4.2,0.5,139,82,4.2,7.6,5.1,low_calorie|high_fiber,USDA FoodData Central - FNDDS 2021-2023,2709582
usda-fndds-2709583,"Collards, fresh, cooked with butter or margarine",,Other dark green vegetables,Global,vegetarian,1 cup,135.0,54,3.2,5.7,3.0,4.2,0.5,157,73,4.3,7.6,4.0,low_calorie|high_fiber|low_fat,USDA FoodData Central - FNDDS 2021-2023,2709583
usda-fndds-2706926,Hamburger slider,,Burgers,Global,non_vegetarian,1 miniature hamburger,70.0,288,17.8,19.7,14.7,0.7,2.9,349,202,12.4,13.8,10.3,,USDA FoodData Central - FNDDS 2021-2023,2706926
usda-fndds-2706894,Cheeseburger slider,,Burgers,Global,non_vegetarian,1 miniature,80.0,297,18.1,17.9,16.4,0.6,2.9,431,238,14.5,14.3,13.1,,USDA FoodData Central - FNDDS 2021-2023,2706894
usda-fndds-2706920,"Hamburger, NFS",,Burgers,Global,vegan,1 hamburger,145.0,288,17.5,20.7,14.4,0.7,3.0,355,418,25.4,30.0,20.9,,USDA FoodData Central - FNDDS 2021-2023,2706920
usda-fndds-2706888,"Cheeseburger, NFS",,Burgers,Global,vegan,100 g,100.0,296,17.9,18.7,16.1,0.6,3.0,438,296,17.9,18.7,16.1,,USDA FoodData Central - FNDDS 2021-2023,2706888
usda-fndds-2707018,"Turkey or chicken burger, on white bun",,Burgers,Global,non_vegetarian,1 sandwich,145.0,234,20.0,20.7,7.7,0.7,3.0,356,339,29.0,30.0,11.2,high_protein|diet_friendly,USDA FoodData Central - FNDDS 2021-2023,2707018
usda-fndds-2707019,"Turkey or chicken burger, on wheat bun",,Burgers,Global,non_vegetarian,1 sandwich,145.0,227,20.7,18.7,7.7,2.2,2.1,334,329,30.0,27.2,11.2,high_protein|diet_friendly,USDA FoodData Central - FNDDS 2021-2023,2707019
usda-fndds-2709144,"Soup, NFS",,"Soups, broth-based",Global,non_vegetarian,1 cup,245.0,49,3.5,6.1,1.3,1.8,1.3,247,120,8.6,14.9,3.2,high_protein|low_calorie|low_fat|diet_friendly,USDA FoodData Central - FNDDS 2021-2023,2709144
usda-fndds-2707453,"Soup, bean",,"Soups, broth-based",Global,vegan,1 cup,255.0,67,3.8,11.6,0.8,4.0,1.1,244,171,9.6,29.6,1.9,low_calorie|high_fiber|low_fat|diet_friendly,USDA FoodData Central - FNDDS 2021-2023,2707453
usda-fndds-2709146,"Soup, rice",,"Soups, broth-based",Global,non_vegetarian,1 cup,245.0,51,3.5,6.8,1.1,0.5,0.8,247,125,8.7,16.6,2.8,high_protein|low_calorie|low_fat|diet_friendly,USDA FoodData Central - FNDDS 2021-2023,2709146
usda-fndds-2710115,"Soup, beef",,"Soups, broth-based",Global,non_vegetarian,1 cup,245.0,47,3.3,4.0,2.0,0.8,1.1,249,115,8.0,9.9,5.0,high_protein|low_calorie|low_fat|diet_friendly,USDA FoodData Central - FNDDS 2021-2023,2710115
usda-fndds-2707132,"Soup, broth",,"Soups, broth-based",Global,non_vegetarian,1 cup,240.0,6,0.9,0.2,0.2,0.0,0.2,372,14,2.1,0.6,0.5,low_calorie|low_fat|diet_friendly,USDA FoodData Central - FNDDS 2021-2023,2707132
usda-fndds-2709311,"Soup, fruit",,"Soups, broth-based",Global,vegan,1 cup,245.0,30,0.5,7.0,0.1,0.8,5.8,8,74,1.3,17.2,0.3,low_calorie|low_fat|diet_friendly,USDA FoodData Central - FNDDS 2021-2023,2709311
usda-fndds-2707129,"Soup, pozole",,"Soups, broth-based",Global,non_vegetarian,1 cup,245.0,43,3.4,4.6,1.2,0.9,1.0,248,105,8.3,11.2,3.0,high_protein|low_calorie|low_fat|diet_friendly,USDA FoodData Central - FNDDS 2021-2023,2707129
usda-fndds-2707462,"Soup, lentil",,"Soups, broth-based",Global,vegan,1 cup,255.0,60,3.8,10.2,0.7,3.7,1.7,244,153,9.7,26.0,1.8,high_protein|low_calorie|high_fiber|low_fat|diet_friendly,USDA FoodData Central - FNDDS 2021-2023,2707462
usda-fndds-2709154,Ramen bowl with beef,,Ramen and Asian broth-based soups,Global,non_vegetarian,1 cup,245.0,137,6.8,15.4,5.2,1.0,0.4,353,336,16.7,37.7,12.7,,USDA FoodData Central - FNDDS 2021-2023,2709154
usda-fndds-2709156,Ramen bowl with fish,,Ramen and Asian broth-based soups,Global,non_vegetarian,1 cup,245.0,112,5.8,15.4,2.9,1.0,0.4,359,274,14.2,37.7,7.0,low_fat,USDA FoodData Central - FNDDS 2021-2023,2709156
usda-fndds-2709155,Ramen bowl with chicken,,Ramen and Asian broth-based soups,Global,non_vegetarian,1 cup,245.0,126,7.0,15.4,3.9,1.0,0.4,354,309,17.2,37.7,9.5,,USDA FoodData Central - FNDDS 2021-2023,2709155
usda-fndds-2709158,Ramen bowl with meat and egg,,Ramen and Asian broth-based soups,Global,non_vegetarian,1 cup,245.0,127,7.1,13.9,4.6,0.9,0.4,333,311,17.5,34.2,11.2,,USDA FoodData Central - FNDDS 2021-2023,2709158
usda-fndds-2707140,"Soup, bisque",,"Soups, cream-based",Global,non_vegetarian,1 cup,255.0,75,2.3,5.9,4.8,0.9,1.9,239,191,5.8,15.0,12.3,low_calorie,USDA FoodData Central - FNDDS 2021-2023,2707140
usda-fndds-2707547,"Soup, peanut",,"Soups, cream-based",Global,vegan,1 cup,245.0,88,3.2,8.4,5.3,1.7,2.6,246,216,7.9,20.5,13.0,,USDA FoodData Central - FNDDS 2021-2023,2707547
usda-fndds-2709556,"Soup, potato",,"Soups, cream-based",Global,vegetarian,1 cup,255.0,90,1.5,10.5,4.7,1.2,1.0,240,230,3.9,26.9,12.0,,USDA FoodData Central - FNDDS 2021-2023,2709556
usda-fndds-2709718,"Soup, pumpkin",,"Soups, cream-based",Global,vegetarian,1 cup,245.0,72,1.1,6.9,4.7,1.5,2.1,241,176,2.7,16.8,11.5,low_calorie,USDA FoodData Central - FNDDS 2021-2023,2709718
usda-fndds-2707433,Soy nuts,,"Beans, peas, legumes",Global,vegan,1 cup,95.0,469,38.5,30.2,25.4,17.7,4.2,163,446,36.6,28.7,24.1,high_protein|high_fiber,USDA FoodData Central - FNDDS 2021-2023,2707433
usda-fndds-2707390,Baked beans,,"Beans, peas, legumes",Global,non_vegetarian,1 cup,260.0,105,4.5,21.6,0.9,4.4,8.2,391,273,11.8,56.1,2.3,high_fiber|low_fat|diet_friendly,USDA FoodData Central - FNDDS 2021-2023,2707390
usda-fndds-2707422,Wasabi peas,,"Beans, peas, legumes",Global,vegan,100 g,100.0,432,14.1,62.2,14.1,3.8,14.1,300,432,14.1,62.2,14.1,,USDA FoodData Central - FNDDS 2021-2023,2707422
usda-fndds-2707396,Refried beans,,"Beans, peas, legumes",Global,vegan,1 cup,260.0,90,5.0,13.6,2.0,3.7,0.5,370,234,12.9,35.2,5.2,high_fiber|low_fat,USDA FoodData Central - FNDDS 2021-2023,2707396
usda-fndds-2707406,Pork and beans,,"Beans, peas, legumes",Global,non_vegetarian,1 cup,260.0,105,4.5,21.6,0.9,4.4,8.2,391,273,11.8,56.1,2.3,high_fiber|low_fat|diet_friendly,USDA FoodData Central - FNDDS 2021-2023,2707406
usda-fndds-2707405,Beans and franks,,"Beans, peas, legumes",Global,non_vegetarian,1 cup,260.0,138,6.7,17.3,5.2,3.3,6.2,438,359,17.5,45.0,13.6,high_fiber|diet_friendly,USDA FoodData Central - FNDDS 2021-2023,2707405
usda-fndds-2707366,Black beans with meat,,"Beans, peas, legumes",Global,non_vegetarian,100 g,100.0,177,10.6,19.1,6.8,7.0,0.4,275,177,10.6,19.1,6.8,high_fiber|diet_friendly,USDA FoodData Central - FNDDS 2021-2023,2707366
usda-fndds-2707378,Pinto beans with meat,,"Beans, peas, legumes",Global,non_vegetarian,100 g,100.0,186,10.7,21.1,6.9,7.2,0.4,275,186,10.7,21.1,6.9,high_fiber|diet_friendly,USDA FoodData Central - FNDDS 2021-2023,2707378
usda-fndds-2707386,Kidney beans with meat,,"Beans, peas, legumes",Global,non_vegetarian,1 cup,260.0,173,10.5,18.3,6.8,5.9,0.4,275,450,27.2,47.7,17.6,high_fiber|diet_friendly,USDA FoodData Central - FNDDS 2021-2023,2707386
usda-fndds-2707398,Refried beans with meat,,"Beans, peas, legumes",Global,non_vegetarian,1 cup,260.0,99,7.8,11.8,2.5,3.2,0.6,406,257,20.3,30.6,6.5,high_protein|high_fiber|low_fat,USDA FoodData Central - FNDDS 2021-2023,2707398
usda-fndds-2707347,"Beans, NFS",,"Beans, peas, legumes",Global,vegan,1 cup,185.0,189,8.3,23.8,7.1,8.3,0.3,217,350,15.4,44.0,13.1,high_fiber|diet_friendly,USDA FoodData Central - FNDDS 2021-2023,2707347
usda-fndds-2707423,"Lentils, NFS",,"Beans, peas, legumes",Global,vegan,1 cup,185.0,166,8.4,18.7,6.9,7.3,1.7,218,307,15.5,34.6,12.7,high_fiber|diet_friendly,USDA FoodData Central - FNDDS 2021-2023,2707423
usda-fndds-2707414,"Chickpeas, NFS",,"Beans, peas, legumes",Global,vegan,1 cup,185.0,211,8.2,25.5,8.9,7.1,4.5,222,390,15.2,47.1,16.5,high_fiber|diet_friendly,USDA FoodData Central - FNDDS 2021-2023,2707414
usda-fndds-2707368,"Lima beans, NFS",,"Beans, peas, legumes",Global,vegan,1 cup,185.0,165,7.2,19.4,6.9,6.5,2.7,218,305,13.4,35.9,12.7,high_fiber|diet_friendly,USDA FoodData Central - FNDDS 2021-2023,2707368
usda-fndds-2707436,"Edamame, cooked",,"Beans, peas, legumes",Global,vegan,1 cup,160.0,140,11.5,8.6,7.6,5.0,2.1,127,224,18.5,13.8,12.1,high_protein|high_fiber,USDA FoodData Central - FNDDS 2021-2023,2707436
usda-fndds-2707353,"White beans, NFS",,"Beans, peas, legumes",Global,vegan,1 cup,185.0,188,9.0,23.3,6.8,5.9,0.3,221,348,16.7,43.1,12.6,high_fiber|diet_friendly,USDA FoodData Central - FNDDS 2021-2023,2707353
usda-fndds-2707359,"Black beans, NFS",,"Beans, peas, legumes",Global,vegan,1 cup,185.0,181,8.2,22.0,7.0,8.1,0.3,217,335,15.2,40.8,13.0,high_fiber|diet_friendly,USDA FoodData Central - FNDDS 2021-2023,2707359
usda-fndds-2707371,"Pinto beans, NFS",,"Beans, peas, legumes",Global,vegan,1 cup,185.0,191,8.4,24.4,7.1,8.4,0.3,217,353,15.5,45.1,13.2,high_fiber|diet_friendly,USDA FoodData Central - FNDDS 2021-2023,2707371
usda-fndds-2707388,"Soybeans, cooked",,"Beans, peas, legumes",Global,vegan,1 cup,185.0,218,16.9,7.8,14.8,5.6,2.8,217,403,31.3,14.4,27.5,high_protein|high_fiber,USDA FoodData Central - FNDDS 2021-2023,2707388
usda-fndds-2707379,"Kidney beans, NFS",,"Beans, peas, legumes",Global,vegan,1 cup,185.0,177,8.1,21.2,7.0,6.9,0.3,218,327,14.9,39.2,12.9,high_fiber|diet_friendly,USDA FoodData Central - FNDDS 2021-2023,2707379
usda-fndds-2707367,"Fava beans, cooked",,"Beans, peas, legumes",Global,vegan,1 cup,185.0,161,7.1,18.3,6.9,5.0,1.7,220,298,13.1,33.8,12.7,high_fiber|diet_friendly,USDA FoodData Central - FNDDS 2021-2023,2707367
usda-fndds-2707370,"Pink beans, cooked",,"Beans, peas, legumes",Global,vegan,1 cup,185.0,197,8.4,25.9,7.0,4.9,0.3,218,364,15.6,48.0,12.9,high_fiber|diet_friendly,USDA FoodData Central - FNDDS 2021-2023,2707370
usda-fndds-2707389,"Mung beans, cooked",,"Beans, peas, legumes",Global,vegan,1 cup,185.0,156,6.5,17.8,6.9,7.1,1.9,218,289,12.1,32.9,12.7,high_fiber|diet_friendly,USDA FoodData Central - FNDDS 2021-2023,2707389
usda-fndds-2707412,"Blackeyed peas, NFS",,"Beans, peas, legumes",Global,vegan,1 cup,185.0,166,7.2,19.3,7.0,6.0,3.1,220,307,13.3,35.7,12.9,high_fiber|diet_friendly,USDA FoodData Central - FNDDS 2021-2023,2707412
usda-fndds-2707369,"Lima beans, from dried",,"Beans, peas, legumes",Global,vegan,1 cup,185.0,165,7.2,19.4,6.9,6.5,2.7,218,305,13.4,35.9,12.7,high_fiber|diet_friendly,USDA FoodData Central - FNDDS 2021-2023,2707369
usda-fndds-2707408,Falafel,,"Bean, pea, legume dishes",Global,vegan,1 patty,17.0,514,8.3,29.0,41.2,4.8,4.5,499,87,1.4,4.9,7.0,,USDA FoodData Central - FNDDS 2021-2023,2707408
usda-fndds-2707409,Bean cake,,"Bean, pea, legume dishes",Global,vegan,1 cake,32.0,414,5.8,49.9,21.4,3.0,20.4,186,132,1.9,16.0,6.9,high_sugar,USDA FoodData Central - FNDDS 2021-2023,2707409
usda-fndds-2707395,Black bean salad,,"Bean, pea, legume dishes",Global,vegan,1 cup,231.0,94,3.1,12.6,3.9,3.4,3.5,350,217,7.1,29.1,8.9,high_fiber|diet_friendly,USDA FoodData Central - FNDDS 2021-2023,2707395
usda-fndds-2708990,Beans and white rice,,"Bean, pea, legume dishes",Global,vegan,1 cup,170.0,164,6.5,25.2,4.2,3.7,0.2,231,279,11.1,42.8,7.2,high_fiber|diet_friendly,USDA FoodData Central - FNDDS 2021-2023,2708990
usda-fndds-2709033,Beans and brown rice,,"Bean, pea, legume dishes",Global,vegan,1 cup,170.0,162,6.4,24.3,4.5,3.9,0.3,213,275,10.9,41.3,7.7,high_fiber|diet_friendly,USDA FoodData Central - FNDDS 2021-2023,2709033
usda-fndds-2707480,Vegetarian stroganoff,,"Bean, pea, legume dishes",Global,vegetarian,"1 oz, dry, yields",134.0,167,7.7,11.8,10.0,2.6,1.8,460,224,10.3,15.8,13.4,,USDA FoodData Central - FNDDS 2021-2023,2707480
usda-fndds-2707432,Lentil curry with rice,,"Bean, pea, legume dishes",Global,vegan,1 cup,200.0,118,3.3,18.6,3.5,2.2,1.9,328,236,6.6,37.2,7.0,,USDA FoodData Central - FNDDS 2021-2023,2707432
usda-fndds-2708994,Black beans and white rice,,"Bean, pea, legume dishes",Global,vegan,1 cup,170.0,160,6.0,24.4,4.3,5.0,0.2,228,272,10.2,41.5,7.3,high_fiber|diet_friendly,USDA FoodData Central - FNDDS 2021-2023,2708994
usda-fndds-2708995,Pinto beans and white rice,,"Bean, pea, legume dishes",Global,vegan,1 cup,170.0,167,6.1,25.8,4.4,5.2,0.2,228,284,10.4,43.9,7.4,high_fiber|diet_friendly,USDA FoodData Central - FNDDS 2021-2023,2708995
usda-fndds-2709035,Black beans and brown rice,,"Bean, pea, legume dishes",Global,vegan,1 cup,170.0,158,5.9,23.5,4.7,5.3,0.3,211,269,10.0,40.0,7.9,high_fiber|diet_friendly,USDA FoodData Central - FNDDS 2021-2023,2709035
usda-fndds-2709036,Pinto beans and brown rice,,"Bean, pea, legume dishes",Global,vegan,1 cup,170.0,164,6.0,24.9,4.7,5.4,0.3,211,279,10.2,42.4,8.0,high_fiber|diet_friendly,USDA FoodData Central - FNDDS 2021-2023,2709036
usda-fndds-2708993,Kidney beans and white rice,,"Bean, pea, legume dishes",Global,vegan,1 cup,170.0,158,5.9,23.9,4.3,4.3,0.2,229,269,10.0,40.6,7.3,high_fiber|diet_friendly,USDA FoodData Central - FNDDS 2021-2023,2708993
usda-fndds-2707434,Soy chips,,"Tortilla, corn, other chips",Global,vegan,1 small single serving bag,28.0,385,26.5,53.1,7.3,3.5,1.8,842,108,7.4,14.9,2.1,high_sodium,USDA FoodData Central - FNDDS 2021-2023,2707434
usda-fndds-2708195,Corn nuts,,"Tortilla, corn, other chips",Global,vegan,1 small single serving bag,28.0,446,8.5,71.9,15.6,6.9,0.6,564,125,2.4,20.1,4.4,high_fiber,USDA FoodData Central - FNDDS 2021-2023,2708195
usda-fndds-2707428,Bean chips,,"Tortilla, corn, other chips",Global,vegan,1 small single serving bag,28.0,448,14.6,53.1,21.6,9.7,1.1,410,125,4.1,14.9,6.0,high_fiber,USDA FoodData Central - FNDDS 2021-2023,2707428
usda-fndds-2709569,Taro chips,,"Tortilla, corn, other chips",Global,vegan,10 chips,23.0,498,2.3,68.1,24.9,7.2,3.8,342,115,0.5,15.7,5.7,high_fiber,USDA FoodData Central - FNDDS 2021-2023,2709569
usda-fndds-2707435,Soybean curd,,Soy and meat-alternative products,Global,vegetarian,"1 cup (1/2"" cubes)",248.0,61,7.2,1.2,3.7,0.2,0.7,8,151,17.8,2.9,9.2,high_protein|low_calorie,USDA FoodData Central - FNDDS 2021-2023,2707435
usda-fndds-2707545,Soy nut butter,,Soy and meat-alternative products,Global,vegan,Guideline amount per sandwich,32.0,613,23.0,23.0,50.0,10.6,7.5,290,196,7.4,7.4,16.0,high_fiber,USDA FoodData Central - FNDDS 2021-2023,2707545
usda-fndds-2707437,Soybean curd cheese,,Soy and meat-alternative products,Global,vegetarian,1 cup,225.0,151,12.5,6.9,8.1,0.0,1.6,20,340,28.1,15.5,18.2,high_protein,USDA FoodData Central - FNDDS 2021-2023,2707437
usda-fndds-2707478,"Vegetarian, fillet",,Soy and meat-alternative products,Global,vegan,1 fillet,85.0,290,23.0,9.0,18.0,6.1,0.8,490,246,19.6,7.7,15.3,high_protein|high_fiber,USDA FoodData Central - FNDDS 2021-2023,2707478
usda-fndds-2707470,"Hot dog, vegetarian",,Soy and meat-alternative products,Global,vegan,"1 item, any size",70.0,233,19.6,7.7,13.7,3.9,0.0,471,163,13.7,5.4,9.6,high_protein,USDA FoodData Central - FNDDS 2021-2023,2707470
usda-fndds-2707448,"Soybean curd, deep fried",,Soy and meat-alternative products,Global,vegetarian,1 oz,28.4,270,18.8,8.9,20.2,3.9,2.7,16,77,5.3,2.5,5.7,,USDA FoodData Central - FNDDS 2021-2023,2707448
usda-fndds-2707473,"Veggie burger patty, no bun",,Soy and meat-alternative products,Global,vegan,1 patty,100.0,177,15.7,14.3,6.3,4.9,1.1,569,177,15.7,14.3,6.3,high_protein|diet_friendly,USDA FoodData Central - FNDDS 2021-2023,2707473
usda-fndds-2707450,"Vermicelli, made from soybeans",,Soy and meat-alternative products,Global,vegan,1 cup,140.0,126,0.0,31.4,0.0,1.5,6.7,3,176,0.1,44.0,0.1,low_fat,USDA FoodData Central - FNDDS 2021-2023,2707450
usda-fndds-2707451,"Textured vegetable protein, dry",,Soy and meat-alternative products,Global,vegan,"1 cup, NFS",68.0,366,51.1,32.9,3.3,17.5,16.4,2,249,34.7,22.4,2.3,high_protein|high_fiber|high_sugar,USDA FoodData Central - FNDDS 2021-2023,2707451
usda-fndds-2707449,"Soybean curd, breaded, fried",,Soy and meat-alternative products,Global,eggetarian,"1 slice (2-3/4"" x 1"" x 1/2"")",29.0,150,8.4,8.7,9.6,0.7,1.3,91,44,2.4,2.5,2.8,low_calorie,USDA FoodData Central - FNDDS 2021-2023,2707449
usda-fndds-2709163,"Meat substitute, cereal- and vegetable protein-based, fried",,Soy and meat-alternative products,Global,vegan,"1 piece (3"" x 1"" x 3/8"")",19.0,359,12.8,61.2,7.2,8.9,0.5,282,68,2.4,11.6,1.4,high_fiber,USDA FoodData Central - FNDDS 2021-2023,2709163
usda-fndds-2707452,"Frozen dessert, non-dairy",,Soy and meat-alternative products,Global,vegetarian,1 cup,165.0,159,0.9,18.2,9.3,0.1,17.5,39,262,1.4,30.1,15.3,,USDA FoodData Central - FNDDS 2021-2023,2707452
usda-fndds-2707444,"Yogurt, soy",,Plant-based yogurt,Global,vegan,1 5.3 oz container,150.0,90,4.8,12.3,2.6,0.9,8.0,30,135,7.2,18.4,3.9,low_fat,USDA FoodData Central - FNDDS 2021-2023,2707444
usda-fndds-2707570,"Yogurt, almond milk",,Plant-based yogurt,Global,vegan,1 5.3 oz container,150.0,128,3.0,13.0,7.0,1.5,7.8,49,192,4.5,19.5,10.5,,USDA FoodData Central - FNDDS 2021-2023,2707570
usda-fndds-2707569,"Yogurt, coconut milk",,Plant-based yogurt,Global,vegan,1 5.3 oz container,150.0,108,2.4,12.9,5.6,1.2,8.9,41,162,3.6,19.4,8.4,,USDA FoodData Central - FNDDS 2021-2023,2707569
usda-fndds-2709351,Vinegar,,Mustard and other condiments,Global,vegan,1 tablespoon,15.0,21,0.0,0.9,0.0,0.0,0.4,5,3,0.0,0.1,0.0,low_calorie|low_fat,USDA FoodData Central - FNDDS 2021-2023,2709351
usda-fndds-2710085,Mustard,,Mustard and other condiments,Global,vegan,1 tablespoon,15.0,69,4.2,5.3,3.4,4.3,1.4,1100,10,0.6,0.8,0.5,low_calorie|high_sodium,USDA FoodData Central - FNDDS 2021-2023,2710085
usda-fndds-2709979,Pimiento,,Mustard and other condiments,Global,vegan,1 strip,1.0,28,1.4,6.2,0.4,2.3,3.3,17,0,0.0,0.1,0.0,low_calorie|low_fat,USDA FoodData Central - FNDDS 2021-2023,2709979
usda-fndds-2710176,Fry sauce,,Mustard and other condiments,Global,eggetarian,1 tablespoon,15.0,535,1.0,7.3,56.2,0.1,5.7,481,80,0.1,1.1,8.4,,USDA FoodData Central - FNDDS 2021-2023,2710176
usda-fndds-2710298,Duck sauce,,Mustard and other condiments,Global,non_vegetarian,1 tablespoon,16.0,245,0.4,60.7,0.1,0.6,30.5,712,39,0.1,9.7,0.0,low_fat|high_sugar|high_sodium,USDA FoodData Central - FNDDS 2021-2023,2710298
usda-fndds-2710083,Horseradish,,Mustard and other condiments,Global,vegan,1 tablespoon,15.0,48,1.2,11.3,0.7,3.3,8.0,420,7,0.2,1.7,0.1,low_calorie|low_fat,USDA FoodData Central - FNDDS 2021-2023,2710083
usda-fndds-2710103,Wasabi paste,,Mustard and other condiments,Global,vegan,1 tablespoon,16.0,292,2.2,46.1,10.9,6.1,13.2,3390,47,0.4,7.4,1.7,high_fiber|high_sodium,USDA FoodData Central - FNDDS 2021-2023,2710103
usda-fndds-2709751,Buffalo sauce,,Mustard and other condiments,Global,vegan,1 tablespoon,16.0,11,1.2,0.8,0.7,0.6,0.1,2917,2,0.2,0.1,0.1,low_calorie|low_fat|high_sodium,USDA FoodData Central - FNDDS 2021-2023,2709751
usda-fndds-2710028,Ratatouille,,Vegetable dishes,Global,vegan,1 cup,215.0,67,1.1,5.8,4.7,1.9,3.4,151,144,2.3,12.4,10.2,low_calorie,USDA FoodData Central - FNDDS 2021-2023,2710028
usda-fndds-2707479,Vegetarian stew,,Vegetable dishes,Global,vegetarian,1 cup,247.0,33,0.7,3.1,2.1,1.1,1.6,144,82,1.7,7.7,5.3,low_calorie|low_fat,USDA FoodData Central - FNDDS 2021-2023,2707479
usda-fndds-2709629,Spinach souffle,,Vegetable dishes,Global,eggetarian,1 cup,100.0,128,5.7,7.1,8.6,1.1,2.5,160,128,5.7,7.1,8.6,,USDA FoodData Central - FNDDS 2021-2023,2709629
usda-fndds-2710040,Green bean casserole,,Vegetable dishes,Global,vegetarian,1 cup,230.0,56,2.0,7.0,2.2,1.9,2.0,316,129,4.5,16.2,5.1,low_calorie|low_fat|diet_friendly,USDA FoodData Central - FNDDS 2021-2023,2710040
usda-fndds-2710068,Vegetable curry with rice,,Vegetable dishes,Global,vegan,1 cup,200.0,103,2.0,16.5,3.3,1.3,1.9,331,206,4.1,33.0,6.5,,USDA FoodData Central - FNDDS 2021-2023,2710068
usda-fndds-2709630,Spinach and cheese casserole,,Vegetable dishes,Global,vegetarian,1 cup,200.0,130,7.0,9.9,7.6,2.8,1.0,311,260,14.1,19.7,15.2,high_fiber,USDA FoodData Central - FNDDS 2021-2023,2709630
usda-fndds-2709655,Broccoli casserole with rice,,Vegetable dishes,Global,vegetarian,1 cup,228.0,107,4.1,15.1,3.6,1.9,1.2,188,244,9.4,34.3,8.2,,USDA FoodData Central - FNDDS 2021-2023,2709655
usda-fndds-2709654,Broccoli casserole with noodles,,Vegetable dishes,Global,eggetarian,1 cup,228.0,112,3.5,15.9,3.8,1.9,1.3,186,255,8.1,36.2,8.6,,USDA FoodData Central - FNDDS 2021-2023,2709654
usda-fndds-2710051,Eggplant with cheese and tomato sauce,,Vegetable dishes,Global,vegetarian,1 cup,198.0,90,6.2,6.3,4.8,2.2,3.4,325,178,12.2,12.6,9.6,high_protein,USDA FoodData Central - FNDDS 2021-2023,2710051
usda-fndds-2710063,"Stew, vegetable",,Vegetable dishes,Global,vegan,1 cup,255.0,47,1.4,10.1,0.2,2.1,2.5,296,120,3.6,25.7,0.6,low_calorie|high_fiber|low_fat|diet_friendly,USDA FoodData Central - FNDDS 2021-2023,2710063
usda-fndds-2710052,"Mushrooms, stuffed",,Vegetable dishes,Global,non_vegetarian,1 stuffed cap,25.0,288,10.7,27.7,15.0,3.0,4.0,638,72,2.7,6.9,3.8,high_sodium,USDA FoodData Central - FNDDS 2021-2023,2710052
usda-fndds-2709723,"Tomatoes, scalloped",,Vegetable dishes,Global,vegetarian,1 cup,240.0,110,2.7,14.1,5.0,1.9,3.7,216,264,6.5,33.8,11.9,,USDA FoodData Central - FNDDS 2021-2023,2709723
usda-fndds-2710039,"Artichokes, stuffed",,Vegetable dishes,Global,vegetarian,1 stuffed globe,250.0,160,5.3,22.3,5.9,3.9,2.1,404,400,13.3,55.7,14.8,high_fiber|diet_friendly,USDA FoodData Central - FNDDS 2021-2023,2710039
usda-fndds-2709832,"Cobb salad, no dressing",,Vegetable dishes,Global,non_vegetarian,1 cup,105.0,93,11.3,2.6,4.3,1.2,1.1,159,98,11.9,2.8,4.5,high_protein|low_calorie|diet_friendly,USDA FoodData Central - FNDDS 2021-2023,2709832
usda-fndds-2709830,"Greek Salad, no dressing",,Vegetable dishes,Global,non_vegetarian,1 cup,105.0,48,2.8,4.3,2.3,1.5,1.4,246,50,2.9,4.6,2.4,low_calorie|low_fat|diet_friendly,USDA FoodData Central - FNDDS 2021-2023,2709830
usda-fndds-2707652,Bruschetta,,Vegetable sandwiches/burgers,Global,vegan,1 slice,43.0,171,4.3,21.3,7.6,1.5,3.3,264,74,1.8,9.2,3.3,,USDA FoodData Central - FNDDS 2021-2023,2707652
usda-fndds-2707483,Falafel sandwich,,Vegetable sandwiches/burgers,Global,vegan,100 g,100.0,265,6.2,27.0,14.8,2.5,3.0,359,265,6.2,27.0,14.8,,USDA FoodData Central - FNDDS 2021-2023,2707483
usda-fndds-2709136,Vegetable sandwich wrap,,Vegetable sandwiches/burgers,Global,vegetarian,"1 sandwich, any size",165.0,160,5.4,19.7,6.5,1.8,3.3,528,264,8.9,32.5,10.8,,USDA FoodData Central - FNDDS 2021-2023,2709136
usda-fndds-2709761,Tomato sandwich on white,,Vegetable sandwiches/burgers,Global,vegetarian,"1 sandwich, any size",120.0,201,8.5,26.5,6.8,1.5,4.0,494,241,10.2,31.8,8.2,,USDA FoodData Central - FNDDS 2021-2023,2709761
usda-fndds-2707587,Tahini,,Nuts and seeds,Global,vegetarian,1 tablespoon,15.0,697,19.7,14.2,62.4,8.4,0.5,64,105,3.0,2.1,9.4,high_fiber,USDA FoodData Central - FNDDS 2021-2023,2707587
usda-fndds-2707499,Chestnuts,,Nuts and seeds,Global,vegan,1 cup,143.0,245,3.2,53.0,2.2,5.1,10.6,2,350,4.5,75.7,3.1,high_fiber|low_fat|diet_friendly,USDA FoodData Central - FNDDS 2021-2023,2707499
usda-fndds-2707502,Hazelnuts,,Nuts and seeds,Global,vegan,1 package,50.0,628,14.9,16.7,60.8,9.7,4.3,0,314,7.5,8.3,30.4,high_fiber,USDA FoodData Central - FNDDS 2021-2023,2707502
usda-fndds-2707526,Pine nuts,,Nuts and seeds,Global,vegan,30 g,30.0,673,13.7,13.1,68.4,3.7,3.6,2,202,4.1,3.9,20.5,,USDA FoodData Central - FNDDS 2021-2023,2707526
usda-fndds-2707588,Flax seeds,,Nuts and seeds,Global,vegan,30 g,30.0,545,18.0,34.4,37.3,23.1,1.6,37,164,5.4,10.3,11.2,high_fiber,USDA FoodData Central - FNDDS 2021-2023,2707588
usda-fndds-2707590,Chia seeds,,Nuts and seeds,Global,vegan,30 g,30.0,486,16.5,42.1,30.7,34.4,1.6,16,146,5.0,12.6,9.2,high_fiber,USDA FoodData Central - FNDDS 2021-2023,2707590
usda-fndds-2707492,Brazil nuts,,Nuts and seeds,Global,vegan,30 g,30.0,659,14.3,11.7,67.1,7.5,2.3,3,198,4.3,3.5,20.1,high_fiber,USDA FoodData Central - FNDDS 2021-2023,2707492
usda-fndds-2707589,Mixed seeds,,Nuts and seeds,Global,vegan,30 g,30.0,580,22.0,21.7,49.6,10.0,2.4,7,174,6.6,6.5,14.9,high_fiber,USDA FoodData Central - FNDDS 2021-2023,2707589
usda-fndds-2707535,Almond paste,,Nuts and seeds,Global,vegan,30 g,30.0,458,9.0,47.8,27.7,4.8,36.2,9,137,2.7,14.3,8.3,high_sugar,USDA FoodData Central - FNDDS 2021-2023,2707535
usda-fndds-2707586,Sesame seeds,,Nuts and seeds,Global,vegan,30 g,30.0,631,20.4,11.7,61.2,11.6,0.5,47,189,6.1,3.5,18.4,high_fiber,USDA FoodData Central - FNDDS 2021-2023,2707586
usda-fndds-2707533,Almond butter,,Nuts and seeds,Global,vegan,Guideline amount per sandwich,32.0,641,20.7,21.1,52.7,9.6,4.4,232,205,6.6,6.8,16.9,high_fiber,USDA FoodData Central - FNDDS 2021-2023,2707533
usda-fndds-2707536,Cashew butter,,Nuts and seeds,Global,vegetarian,Guideline amount per sandwich,32.0,609,12.1,30.3,53.0,3.0,9.1,295,195,3.9,9.7,17.0,,USDA FoodData Central - FNDDS 2021-2023,2707536
usda-fndds-2707537,Peanut butter,,Nuts and seeds,Global,vegan,1 single serving,45.0,598,22.2,22.3,51.4,5.0,10.5,426,269,10.0,10.0,23.1,,USDA FoodData Central - FNDDS 2021-2023,2707537
usda-fndds-2707503,Macadamia nuts,,Nuts and seeds,Global,vegan,1 oz,28.4,716,7.8,12.8,76.1,8.0,4.1,353,203,2.2,3.6,21.6,high_fiber,USDA FoodData Central - FNDDS 2021-2023,2707503
usda-fndds-2707575,Trail mix with nuts,,Nuts and seeds,Global,vegan,1 package,50.0,604,20.1,21.1,53.0,7.9,4.1,252,302,10.0,10.5,26.5,high_fiber,USDA FoodData Central - FNDDS 2021-2023,2707575
usda-fndds-2707543,Peanut butter and jelly,,Nuts and seeds,Global,vegan,Guideline amount per sandwich,32.0,432,11.2,46.1,25.7,3.0,30.9,228,138,3.6,14.8,8.2,high_sugar,USDA FoodData Central - FNDDS 2021-2023,2707543
usda-fndds-2707577,Trail mix with chocolate,,Nuts and seeds,Global,vegetarian,1 package,50.0,503,11.7,48.3,32.3,5.9,34.9,146,252,5.8,24.1,16.1,high_sugar,USDA FoodData Central - FNDDS 2021-2023,2707577
usda-fndds-2707576,Trail mix with nuts and fruit,,Nuts and seeds,Global,vegan,1 package,50.0,454,10.9,51.1,26.8,6.4,36.5,134,227,5.5,25.5,13.4,high_fiber,USDA FoodData Central - FNDDS 2021-2023,2707576
usda-fndds-2707544,Peanut butter and chocolate spread,,Nuts and seeds,Global,vegan,Guideline amount per sandwich,32.0,498,11.7,42.8,34.5,3.0,34.1,304,159,3.7,13.7,11.0,high_sugar,USDA FoodData Central - FNDDS 2021-2023,2707544
usda-fndds-2707484,"Nuts, NFS",,Nuts and seeds,Global,vegan,1 100 calorie package,18.0,610,19.6,20.9,53.8,7.4,4.5,313,110,3.5,3.8,9.7,high_fiber,USDA FoodData Central - FNDDS 2021-2023,2707484
usda-fndds-2707521,"Pecans, NFS",,Nuts and seeds,Global,vegan,1 oz,28.4,750,10.0,12.7,73.3,5.8,4.0,0,213,2.8,3.6,20.8,,USDA FoodData Central - FNDDS 2021-2023,2707521
usda-fndds-2707485,"Almonds, NFS",,Nuts and seeds,Global,vegan,1 oz,28.4,598,21.0,21.0,52.5,10.9,4.9,3,170,5.9,6.0,14.9,high_fiber,USDA FoodData Central - FNDDS 2021-2023,2707485
usda-fndds-2707493,"Cashews, NFS",,Nuts and seeds,Global,vegan,1 oz,28.4,574,15.3,32.7,46.4,3.0,5.0,16,163,4.3,9.3,13.1,,USDA FoodData Central - FNDDS 2021-2023,2707493
usda-fndds-2707512,"Peanuts, NFS",,Nuts and seeds,Global,vegan,"1 oz, without shell, NS as to form",28.4,587,24.4,21.3,49.7,8.4,4.9,410,166,6.9,6.0,14.1,high_fiber,USDA FoodData Central - FNDDS 2021-2023,2707512
usda-fndds-2707500,"Coconut, fresh",,Nuts and seeds,Global,vegan,1 cup,85.0,354,3.3,15.2,33.5,9.0,6.2,20,301,2.8,12.9,28.5,high_fiber,USDA FoodData Central - FNDDS 2021-2023,2707500
usda-fndds-2707755,"Bread, rye",,Yeast breads,Global,vegan,1 small or thin/very thin slice,25.0,259,8.5,48.3,3.3,5.8,3.9,570,65,2.1,12.1,0.8,,USDA FoodData Central - FNDDS 2021-2023,2707755
usda-fndds-2707790,"Bread, soy",,Yeast breads,Global,vegetarian,1 small or thin/very thin slice,24.0,267,16.4,42.0,3.8,4.4,6.0,589,64,3.9,10.1,0.9,,USDA FoodData Central - FNDDS 2021-2023,2707790
usda-fndds-2707616,"Bread, pita",,Yeast breads,Global,vegan,1 small pita,28.0,275,9.1,55.7,1.2,2.2,1.3,536,77,2.5,15.6,0.3,low_fat,USDA FoodData Central - FNDDS 2021-2023,2707616
usda-fndds-2707794,"Bread, rice",,Yeast breads,Global,vegan,1 small or thin/very thin slice,24.0,248,4.3,45.8,5.2,4.3,3.5,447,60,1.0,11.0,1.3,,USDA FoodData Central - FNDDS 2021-2023,2707794
usda-fndds-2707598,"Bread, white",,Yeast breads,Global,vegan,1 small or thin/very thin slice,24.0,267,9.4,49.2,3.6,2.3,5.3,450,64,2.3,11.8,0.9,,USDA FoodData Central - FNDDS 2021-2023,2707598
usda-fndds-2707633,"Bread, onion",,Yeast breads,Global,vegetarian,1 small or thin/very thin slice,24.0,238,8.8,44.3,3.0,1.7,3.3,482,57,2.1,10.6,0.7,low_fat,USDA FoodData Central - FNDDS 2021-2023,2707633
usda-fndds-2707764,"Bread, black",,Yeast breads,Global,vegan,1 small or thin/very thin slice,24.0,250,8.7,47.5,3.1,6.5,0.5,596,60,2.1,11.4,0.7,high_fiber|diet_friendly,USDA FoodData Central - FNDDS 2021-2023,2707764
usda-fndds-2707618,"Bread, cheese",,Yeast breads,Global,vegetarian,1 small or thin/very thin slice,24.0,408,10.4,44.8,20.8,2.1,2.1,750,98,2.5,10.8,5.0,high_sodium,USDA FoodData Central - FNDDS 2021-2023,2707618
usda-fndds-2707642,"Bread, potato",,Yeast breads,Global,vegan,1 small or thin/very thin slice,26.0,266,12.5,47.1,3.1,6.3,9.4,375,69,3.2,12.2,0.8,high_fiber|diet_friendly,USDA FoodData Central - FNDDS 2021-2023,2707642
usda-fndds-2707644,"Bread, raisin",,Yeast breads,Global,vegan,1 small or thin/very thin slice,24.0,270,8.8,52.2,3.3,2.5,11.3,408,65,2.1,12.5,0.8,,USDA FoodData Central - FNDDS 2021-2023,2707644
usda-fndds-2707788,"Bread, barley",,Yeast breads,Global,vegan,1 small or thin/very thin slice,24.0,274,10.7,47.5,4.5,4.0,5.7,450,66,2.6,11.4,1.1,,USDA FoodData Central - FNDDS 2021-2023,2707788
usda-fndds-2707768,"Bread, oatmeal",,Yeast breads,Global,vegan,1 large or thick slice,43.0,269,8.4,48.5,4.4,4.0,8.1,447,116,3.6,20.9,1.9,,USDA FoodData Central - FNDDS 2021-2023,2707768
usda-fndds-2707620,"Bread, cinnamon",,Yeast breads,Global,vegan,1 small or thin/very thin slice,24.0,253,7.0,44.4,5.3,3.5,14.1,388,61,1.7,10.7,1.3,,USDA FoodData Central - FNDDS 2021-2023,2707620
usda-fndds-2707770,"Bread, oat bran",,Yeast breads,Global,vegan,1 large or thick slice,43.0,299,9.3,53.9,4.9,4.4,9.0,497,129,4.0,23.2,2.1,,USDA FoodData Central - FNDDS 2021-2023,2707770
usda-fndds-2707766,"Roll, rye",,Rolls and buns,Global,vegan,1 miniature/small roll,28.0,259,8.5,48.3,3.3,5.8,3.9,570,73,2.4,13.5,0.9,,USDA FoodData Central - FNDDS 2021-2023,2707766
usda-fndds-2707658,"Roll, diet",,Rolls and buns,Global,vegan,1 roll,28.0,272,10.8,51.9,2.4,2.2,4.6,602,76,3.0,14.5,0.7,low_fat|high_sodium,USDA FoodData Central - FNDDS 2021-2023,2707658
usda-fndds-2707660,"Roll, cheese",,Rolls and buns,Global,vegetarian,1 roll,41.0,315,11.5,49.6,7.8,1.9,5.3,476,129,4.7,20.3,3.2,,USDA FoodData Central - FNDDS 2021-2023,2707660
usda-fndds-2707662,"Roll, garlic",,Rolls and buns,Global,vegan,1 miniature/small roll,28.0,309,10.8,51.9,6.4,2.0,5.5,465,87,3.0,14.5,1.8,,USDA FoodData Central - FNDDS 2021-2023,2707662
usda-fndds-2707773,"Roll, oatmeal",,Rolls and buns,Global,vegan,1 miniature/small roll,28.0,269,8.4,48.5,4.4,4.0,8.1,447,75,2.4,13.6,1.2,,USDA FoodData Central - FNDDS 2021-2023,2707773
usda-fndds-2707682,Brioche,,"Doughnuts, sweet rolls, pastries",Global,eggetarian,1 piece,77.0,427,9.0,36.3,27.5,1.5,3.1,437,329,6.9,28.0,21.1,,USDA FoodData Central - FNDDS 2021-2023,2707682
usda-fndds-2708070,Churros,,"Doughnuts, sweet rolls, pastries",Global,vegetarian,1 regular,45.0,419,6.0,48.9,22.2,2.6,23.4,309,189,2.7,22.0,10.0,high_sugar,USDA FoodData Central - FNDDS 2021-2023,2708070
usda-fndds-2708071,Beignet,,"Doughnuts, sweet rolls, pastries",Global,vegetarian,1 beignet,45.0,417,5.5,53.7,20.2,1.9,31.1,281,188,2.5,24.2,9.1,high_sugar,USDA FoodData Central - FNDDS 2021-2023,2708071
usda-fndds-2707678,Croissant,,"Doughnuts, sweet rolls, pastries",Global,vegetarian,1 mini croissant,28.0,406,8.2,45.8,21.0,2.6,11.3,300,114,2.3,12.8,5.9,,USDA FoodData Central - FNDDS 2021-2023,2707678
usda-fndds-2707684,Bagel,,Bagels and English muffins,Global,vegan,1 miniature,26.0,264,10.6,52.4,1.3,1.6,8.4,422,69,2.7,13.6,0.3,low_fat,USDA FoodData Central - FNDDS 2021-2023,2707684
usda-fndds-2707732,"Bagel, wheat",,Bagels and English muffins,Global,vegan,1 miniature,26.0,250,10.2,48.9,1.5,4.1,6.1,439,65,2.7,12.7,0.4,low_fat,USDA FoodData Central - FNDDS 2021-2023,2707732
usda-fndds-2707698,"Muffin, English",,Bagels and English muffins,Global,vegan,1 muffin,58.0,227,8.9,44.2,1.7,3.5,3.5,425,132,5.1,25.6,1.0,low_fat,USDA FoodData Central - FNDDS 2021-2023,2707698
usda-fndds-2707772,"Bagel, oat bran",,Bagels and English muffins,Global,vegan,1 miniature,26.0,250,10.2,48.9,1.5,4.1,6.1,439,65,2.7,12.7,0.4,low_fat,USDA FoodData Central - FNDDS 2021-2023,2707772
usda-fndds-2708723,Knish,,Turnovers and other grain-based items,Global,eggetarian,"1 item, any size",60.0,345,10.5,31.9,19.7,1.1,1.0,445,207,6.3,19.2,11.8,,USDA FoodData Central - FNDDS 2021-2023,2708723
usda-fndds-2708720,Pierogi,,Turnovers and other grain-based items,Global,vegetarian,"1 item, any size",40.0,195,5.3,29.6,6.1,0.9,1.8,474,78,2.1,11.9,2.5,,USDA FoodData Central - FNDDS 2021-2023,2708720
usda-fndds-2709131,Tabbouleh,,Turnovers and other grain-based items,Global,vegan,1 cup,160.0,127,1.6,9.7,9.7,1.8,1.3,495,203,2.6,15.4,15.5,,USDA FoodData Central - FNDDS 2021-2023,2709131
usda-fndds-2708729,Spanakopita,,Turnovers and other grain-based items,Global,eggetarian,1 small/individual,30.0,212,8.3,10.3,15.2,1.0,0.6,392,64,2.5,3.1,4.5,,USDA FoodData Central - FNDDS 2021-2023,2708729
usda-fndds-2707687,Bread stuffing,,Turnovers and other grain-based items,Global,vegan,"1 cup, dry mix, prepared",228.0,177,3.1,21.7,8.5,0.9,2.4,471,404,7.2,49.5,19.4,,USDA FoodData Central - FNDDS 2021-2023,2707687
usda-fndds-2707812,Cornbread stuffing,,Turnovers and other grain-based items,Global,vegan,"1 cup, NFS",200.0,179,2.9,21.9,8.8,2.9,0.0,526,358,5.8,43.8,17.6,high_fiber|diet_friendly,USDA FoodData Central - FNDDS 2021-2023,2707812
usda-fndds-2708747,Dressing with oysters,,Turnovers and other grain-based items,Global,non_vegetarian,1 cup,161.0,189,5.0,18.4,10.8,1.2,2.6,503,304,8.0,29.6,17.3,,USDA FoodData Central - FNDDS 2021-2023,2708747
usda-fndds-2708742,Turnover or lean pocket,,Turnovers and other grain-based items,Global,non_vegetarian,1 small/individual,35.0,208,10.6,24.4,7.5,1.4,2.9,378,73,3.7,8.5,2.6,,USDA FoodData Central - FNDDS 2021-2023,2708742
usda-fndds-2710045,Stuffed jalapeno pepper,,Turnovers and other grain-based items,Global,eggetarian,1 jalapeno pepper,25.0,241,8.8,16.5,15.9,2.5,3.7,444,60,2.2,4.1,4.0,,USDA FoodData Central - FNDDS 2021-2023,2710045
usda-fndds-2707688,Bread stuffing made with egg,,Turnovers and other grain-based items,Global,eggetarian,1 cup,170.0,192,3.3,17.8,11.9,0.8,1.9,458,326,5.6,30.2,20.3,,USDA FoodData Central - FNDDS 2021-2023,2707688
usda-fndds-2707697,Croutons,,"Crackers, excludes saltines",Global,vegan,1 cup,40.0,465,10.8,63.5,18.3,5.0,4.4,1333,186,4.3,25.4,7.3,high_sodium,USDA FoodData Central - FNDDS 2021-2023,2707697
usda-fndds-2708162,Rice cake,,"Crackers, excludes saltines",Global,vegan,1 small or medium single serving bag,45.0,392,7.1,81.1,4.3,4.2,0.9,71,176,3.2,36.5,1.9,,USDA FoodData Central - FNDDS 2021-2023,2708162
usda-fndds-2708166,Rice paper,,"Crackers, excludes saltines",Global,vegan,"1 large paper (12-3/8"" dia)",20.0,323,5.9,72.3,1.1,0.5,0.3,314,65,1.2,14.5,0.2,low_fat,USDA FoodData Central - FNDDS 2021-2023,2708166
usda-fndds-2708215,Pita chips,,"Crackers, excludes saltines",Global,vegan,1 small single serving bag,28.0,457,11.8,68.3,15.2,3.8,4.8,854,128,3.3,19.1,4.3,high_sodium,USDA FoodData Central - FNDDS 2021-2023,2708215
usda-fndds-2707702,Melba toast,,"Crackers, excludes saltines",Global,vegan,"1 cup, NFS",30.0,390,12.1,76.6,3.2,6.3,0.9,598,117,3.6,23.0,1.0,high_fiber|diet_friendly,USDA FoodData Central - FNDDS 2021-2023,2707702
usda-fndds-2707967,Pocky,,Cookies and brownies,Global,vegetarian,1 stick,4.0,447,10.0,51.1,22.5,5.0,25.0,213,18,0.4,2.0,0.9,high_sugar,USDA FoodData Central - FNDDS 2021-2023,2707967
usda-fndds-2707971,Marie biscuit,,Cookies and brownies,Global,vegan,1 cookie,7.0,406,7.0,70.5,10.6,3.5,21.2,370,28,0.5,4.9,0.7,high_sugar,USDA FoodData Central - FNDDS 2021-2023,2707971
usda-fndds-2707703,Anisette toast,,Cookies and brownies,Global,vegan,1 piece,10.0,373,7.6,67.0,8.4,1.4,28.4,262,37,0.8,6.7,0.8,high_sugar,USDA FoodData Central - FNDDS 2021-2023,2707703
usda-fndds-2708133,Graham crackers,,Cookies and brownies,Global,vegetarian,1 small or medium single serving bag,45.0,430,6.7,77.7,10.6,3.4,24.9,516,194,3.0,34.9,4.8,high_sugar,USDA FoodData Central - FNDDS 2021-2023,2708133
usda-fndds-2707899,"Cookie, NFS",,Cookies and brownies,Global,vegan,1 small,20.0,492,5.1,65.4,24.7,2.0,32.9,311,98,1.0,13.1,4.9,high_sugar,USDA FoodData Central - FNDDS 2021-2023,2707899
usda-fndds-2707900,"Cookie, almond",,Cookies and brownies,Global,vegan,1 small,20.0,514,5.4,63.8,26.2,1.3,21.6,353,103,1.1,12.8,5.2,high_sugar,USDA FoodData Central - FNDDS 2021-2023,2707900
usda-fndds-2707808,Scone,,"Biscuits, muffins, quick breads",Global,eggetarian,1 regular,70.0,382,6.7,48.1,18.4,1.2,13.4,446,267,4.7,33.6,12.8,,USDA FoodData Central - FNDDS 2021-2023,2707808
usda-fndds-2707846,Popover,,"Biscuits, muffins, quick breads",Global,eggetarian,1 popover,31.0,268,11.1,35.3,9.2,1.1,4.0,284,83,3.4,10.9,2.9,,USDA FoodData Central - FNDDS 2021-2023,2707846
usda-fndds-2707819,Hush puppy,,"Biscuits, muffins, quick breads",Global,vegan,1 hush puppy,22.0,296,6.2,40.2,13.2,2.9,3.8,813,65,1.4,8.8,2.9,high_sodium,USDA FoodData Central - FNDDS 2021-2023,2707819
usda-fndds-2707820,Johnnycake,,"Biscuits, muffins, quick breads",Global,eggetarian,1 piece,49.0,277,8.0,43.8,7.5,1.8,9.1,871,136,3.9,21.5,3.7,high_sodium,USDA FoodData Central - FNDDS 2021-2023,2707820
usda-fndds-2707821,Spoonbread,,"Biscuits, muffins, quick breads",Global,eggetarian,1 cup,187.0,166,6.7,18.6,7.1,0.7,4.8,382,310,12.5,34.7,13.2,,USDA FoodData Central - FNDDS 2021-2023,2707821
usda-fndds-2707807,Biscuit with fruit,,"Biscuits, muffins, quick breads",Global,vegan,1 biscuit,45.0,363,6.7,46.5,17.1,2.7,10.0,884,163,3.0,20.9,7.7,high_sodium,USDA FoodData Central - FNDDS 2021-2023,2707807
usda-fndds-2707822,"Tortilla, NFS",,Tortillas,Global,vegan,1 medium,28.0,262,7.0,47.0,5.4,4.9,2.3,372,73,1.9,13.2,1.5,,USDA FoodData Central - FNDDS 2021-2023,2707822
usda-fndds-2707823,"Tortilla, corn",,Tortillas,Global,vegan,1 medium,28.0,218,5.7,44.6,2.9,6.3,0.9,45,61,1.6,12.5,0.8,high_fiber|low_fat|diet_friendly,USDA FoodData Central - FNDDS 2021-2023,2707823
usda-fndds-2707824,"Tortilla, flour",,Tortillas,Global,vegan,1 small,33.0,306,8.2,49.4,8.0,3.5,3.7,700,101,2.7,16.3,2.6,high_sodium,USDA FoodData Central - FNDDS 2021-2023,2707824
usda-fndds-2707826,"Taco shell, corn",,Tortillas,Global,vegan,1 medium,28.0,476,6.4,63.5,21.8,6.7,1.5,324,133,1.8,17.8,6.1,high_fiber,USDA FoodData Central - FNDDS 2021-2023,2707826
usda-fndds-2707827,"Taco shell, flour",,Tortillas,Global,vegan,1 small,33.0,511,8.8,53.2,29.1,3.8,4.0,755,169,2.9,17.6,9.6,high_sodium,USDA FoodData Central - FNDDS 2021-2023,2707827
usda-fndds-2708343,Chinese pancake,,"Pancakes, waffles, French toast",Global,vegan,1 pancake,28.0,207,4.0,45.4,0.4,0.7,0.1,5,58,1.1,12.7,0.1,low_fat,USDA FoodData Central - FNDDS 2021-2023,2708343
usda-fndds-2708338,French toast sticks,,"Pancakes, waffles, French toast",Global,eggetarian,1 stick,45.0,278,7.5,40.6,9.2,1.3,12.9,535,125,3.4,18.3,4.1,,USDA FoodData Central - FNDDS 2021-2023,2708338
usda-fndds-2708341,"Crepe, NFS",,"Pancakes, waffles, French toast",Global,vegan,"1 crepe, any size",80.0,224,8.8,22.0,11.3,0.6,4.5,278,179,7.1,17.6,9.0,,USDA FoodData Central - FNDDS 2021-2023,2708341
usda-fndds-2708312,"Waffle, NFS",,"Pancakes, waffles, French toast",Global,vegan,1 small waffle,40.0,309,7.4,48.4,9.5,2.6,4.4,460,124,3.0,19.4,3.8,,USDA FoodData Central - FNDDS 2021-2023,2708312
usda-fndds-2708342,"Crepe, plain",,"Pancakes, waffles, French toast",Global,eggetarian,"1 crepe, any size",65.0,224,8.8,22.0,11.3,0.6,4.5,278,146,5.8,14.3,7.3,,USDA FoodData Central - FNDDS 2021-2023,2708342
usda-fndds-2708294,"Pancakes, NFS",,"Pancakes, waffles, French toast",Global,vegan,1 silver dollar pancake,20.0,282,7.4,35.3,12.1,2.1,7.0,508,56,1.5,7.1,2.4,,USDA FoodData Central - FNDDS 2021-2023,2708294
usda-fndds-2708086,Milk 'n Cereal bar,,Cereal bars,Global,vegetarian,1 bar,40.0,413,6.5,72.0,11.0,0.4,46.0,319,165,2.6,28.8,4.4,,USDA FoodData Central - FNDDS 2021-2023,2708086
usda-fndds-2708100,"Snack bar, oatmeal",,Cereal bars,Global,vegan,1 bar,60.0,389,6.7,75.5,6.7,4.6,31.5,367,233,4.0,45.3,4.0,high_sugar,USDA FoodData Central - FNDDS 2021-2023,2708100
usda-fndds-2708114,"Breakfast bar, NFS",,Cereal bars,Global,vegan,1 bar,43.0,376,4.4,72.8,7.5,2.1,35.1,337,162,1.9,31.3,3.2,high_sugar,USDA FoodData Central - FNDDS 2021-2023,2708114
usda-fndds-2708101,"Cereal or Granola bar, NFS",,Cereal bars,Global,vegan,1 bar,43.0,471,10.1,64.4,19.8,5.3,28.6,294,203,4.3,27.7,8.5,high_sugar,USDA FoodData Central - FNDDS 2021-2023,2708101
usda-fndds-2708103,"Cereal or granola bar, nonfat",,Cereal bars,Global,vegan,1 bar,43.0,342,5.9,77.6,0.9,7.4,45.2,16,147,2.5,33.4,0.4,high_fiber|low_fat|high_sugar,USDA FoodData Central - FNDDS 2021-2023,2708103
usda-fndds-2708105,"Cereal or granola bar, fruit and nut",,Cereal bars,Global,vegetarian,1 bar,40.0,502,13.9,43.7,32.3,5.8,22.6,45,201,5.6,17.5,12.9,,USDA FoodData Central - FNDDS 2021-2023,2708105
usda-fndds-2708127,"Nutrition bar or meal replacement bar, NFS",,Nutrition bars,Global,vegan,1 bar,34.0,386,22.4,55.2,9.9,4.7,29.3,320,131,7.6,18.8,3.4,high_sugar,USDA FoodData Central - FNDDS 2021-2023,2708127
usda-fndds-2708160,"Crackers, oyster",,Saltine crackers,Global,non_vegetarian,"1 cup, NFS",50.0,418,9.5,74.0,8.6,2.8,1.3,941,209,4.7,37.0,4.3,high_sodium,USDA FoodData Central - FNDDS 2021-2023,2708160
usda-fndds-2708167,"Crackers, saltine",,Saltine crackers,Global,vegan,"1 cup, NFS",50.0,418,9.5,74.0,8.6,2.8,1.3,941,209,4.7,37.0,4.3,high_sodium,USDA FoodData Central - FNDDS 2021-2023,2708167
usda-fndds-2708169,"Crackers, saltine, multigrain",,Saltine crackers,Global,vegan,"1 cup, NFS",50.0,398,7.1,68.2,10.7,6.7,0.0,1214,199,3.6,34.1,5.4,high_fiber|high_sodium,USDA FoodData Central - FNDDS 2021-2023,2708169
usda-fndds-2708168,"Crackers, saltine, reduced fat",,Saltine crackers,Global,vegan,"1 cup, NFS",50.0,393,10.5,82.3,1.6,2.7,0.4,849,196,5.2,41.1,0.8,low_fat|high_sodium,USDA FoodData Central - FNDDS 2021-2023,2708168
usda-fndds-2708213,Snack mix,,Pretzels/snack mix,Global,vegetarian,1 cup,60.0,504,6.9,63.1,25.8,3.1,1.9,729,302,4.1,37.9,15.5,high_sodium,USDA FoodData Central - FNDDS 2021-2023,2708213
usda-fndds-2708247,"Pretzels, NFS",,Pretzels/snack mix,Global,vegan,1 small single serving bag,28.0,384,10.0,80.4,2.9,3.4,2.2,1120,108,2.8,22.5,0.8,low_fat|high_sodium,USDA FoodData Central - FNDDS 2021-2023,2708247
usda-fndds-2708248,"Pretzels, hard, NFS",,Pretzels/snack mix,Global,vegan,1 small single serving bag,28.0,384,10.0,80.4,2.9,3.4,2.2,1120,108,2.8,22.5,0.8,low_fat|high_sodium,USDA FoodData Central - FNDDS 2021-2023,2708248
usda-fndds-2708267,"Pretzels, soft, NFS",,Pretzels/snack mix,Global,vegan,1 small,62.0,345,8.0,69.4,4.0,1.7,0.2,775,214,5.0,43.0,2.5,high_sodium,USDA FoodData Central - FNDDS 2021-2023,2708267
usda-fndds-2709421,"Potato chips, NFS",,Potato chips,Global,vegan,1 small single serving bag,28.0,532,6.4,53.8,34.0,3.1,0.3,527,149,1.8,15.1,9.5,,USDA FoodData Central - FNDDS 2021-2023,2709421
usda-fndds-2709422,"Potato chips, plain",,Potato chips,Global,vegan,1 small single serving bag,28.0,532,6.4,53.8,34.0,3.1,0.3,527,149,1.8,15.1,9.5,,USDA FoodData Central - FNDDS 2021-2023,2709422
usda-fndds-2709444,"Potato sticks, plain",,Potato chips,Global,vegan,1 small single serving bag,28.0,522,6.7,53.3,34.4,3.4,0.2,633,146,1.9,14.9,9.6,high_sodium,USDA FoodData Central - FNDDS 2021-2023,2709444
usda-fndds-2709438,"Potato chips, unsalted",,Potato chips,Global,vegan,1 small single serving bag,28.0,537,6.2,59.7,30.3,5.4,0.2,7,150,1.8,16.7,8.5,,USDA FoodData Central - FNDDS 2021-2023,2709438
usda-fndds-2708216,"Popcorn, NFS",,Popcorn,Global,vegetarian,1 regular microwave bag,85.0,518,9.1,55.0,30.6,10.2,0.6,764,440,7.8,46.7,26.0,high_fiber|high_sodium,USDA FoodData Central - FNDDS 2021-2023,2708216
usda-fndds-2708239,"Popcorn, caramel coated",,Popcorn,Global,vegan,1 cup,35.0,428,3.8,78.5,12.7,5.2,52.8,512,150,1.3,27.5,4.4,high_sugar,USDA FoodData Central - FNDDS 2021-2023,2708239
usda-fndds-2708241,"Popcorn, chocolate coated",,Popcorn,Global,vegan,1 cup,35.0,407,5.3,76.4,12.8,8.3,47.7,493,142,1.9,26.7,4.5,high_fiber|high_sugar,USDA FoodData Central - FNDDS 2021-2023,2708241
usda-fndds-2708223,"Popcorn, microwave, NFS",,Popcorn,Global,vegetarian,1 regular microwave bag,85.0,518,9.1,55.0,30.6,10.2,0.6,764,440,7.8,46.7,26.0,high_fiber|high_sodium,USDA FoodData Central - FNDDS 2021-2023,2708223
usda-fndds-2708224,"Popcorn, microwave, plain",,Popcorn,Global,vegan,1 regular microwave bag,85.0,518,9.1,55.0,30.6,10.2,0.6,764,440,7.8,46.7,26.0,high_fiber|high_sodium,USDA FoodData Central - FNDDS 2021-2023,2708224
usda-fndds-2708361,Barley,,"Pasta, noodles, cooked grains",Global,vegan,"1 cup, cooked",170.0,139,2.2,27.2,2.7,3.7,0.3,199,236,3.7,46.3,4.7,high_fiber|low_fat|diet_friendly,USDA FoodData Central - FNDDS 2021-2023,2708361
usda-fndds-2708377,Millet,,"Pasta, noodles, cooked grains",Global,vegan,"1 cup, cooked",170.0,118,3.5,23.6,1.0,1.3,0.1,168,201,6.0,40.1,1.7,low_fat,USDA FoodData Central - FNDDS 2021-2023,2708377
usda-fndds-2708362,Buckwheat groats,,"Pasta, noodles, cooked grains",Global,vegan,"1 cup, cooked",170.0,118,3.2,19.0,4.0,2.6,0.9,170,201,5.5,32.3,6.7,,USDA FoodData Central - FNDDS 2021-2023,2708362
usda-fndds-2708357,"Pasta, cooked",,"Pasta, noodles, cooked grains",Global,vegan,"1 cup, cooked",140.0,157,5.8,30.7,0.9,1.8,0.6,232,220,8.1,43.0,1.3,low_fat,USDA FoodData Central - FNDDS 2021-2023,2708357
usda-fndds-2708352,"Noodles, cooked",,"Pasta, noodles, cooked grains",Global,eggetarian,"1 cup, cooked",160.0,137,4.5,25.0,2.1,1.2,0.4,236,219,7.2,40.0,3.3,low_fat,USDA FoodData Central - FNDDS 2021-2023,2708352
usda-fndds-2708359,"Pasta, gluten free",,"Pasta, noodles, cooked grains",Global,vegan,"1 cup, cooked",140.0,179,3.2,38.0,1.0,1.4,0.0,4,251,4.5,53.3,1.4,low_fat,USDA FoodData Central - FNDDS 2021-2023,2708359
usda-fndds-2708356,"Rice noodles, cooked",,"Pasta, noodles, cooked grains",Global,vegan,"1 cup, cooked",175.0,107,1.8,23.9,0.2,1.0,0.0,250,187,3.1,41.8,0.3,low_fat,USDA FoodData Central - FNDDS 2021-2023,2708356
usda-fndds-2708400,"Quinoa, no added fat",,"Pasta, noodles, cooked grains",Global,vegan,"1 cup, cooked",170.0,120,4.4,21.2,1.9,2.8,0.9,163,204,7.4,36.1,3.2,low_fat,USDA FoodData Central - FNDDS 2021-2023,2708400
usda-fndds-2708438,"Bulgur, no added fat",,"Pasta, noodles, cooked grains",Global,vegan,"1 cup, cooked",140.0,83,3.1,18.5,0.2,4.5,0.1,219,116,4.3,25.9,0.3,low_calorie|high_fiber|low_fat|diet_friendly,USDA FoodData Central - FNDDS 2021-2023,2708438
usda-fndds-2708441,"Couscous, plain, cooked",,"Pasta, noodles, cooked grains",Global,vegan,"1 cup, cooked",160.0,111,3.8,23.1,0.2,1.4,0.1,189,178,6.0,37.0,0.3,low_fat,USDA FoodData Central - FNDDS 2021-2023,2708441
usda-fndds-2708351,"Pasta, vegetable, cooked",,"Pasta, noodles, cooked grains",Global,vegan,"1 cup, cooked",140.0,128,4.5,26.6,0.1,4.3,1.1,99,179,6.3,37.2,0.2,high_fiber|low_fat|diet_friendly,USDA FoodData Central - FNDDS 2021-2023,2708351
usda-fndds-2708358,"Pasta, whole grain, cooked",,"Pasta, noodles, cooked grains",Global,vegan,"1 cup, cooked",140.0,148,6.0,29.9,1.7,3.9,0.8,235,207,8.3,41.8,2.4,high_fiber|low_fat|diet_friendly,USDA FoodData Central - FNDDS 2021-2023,2708358
usda-fndds-2708353,"Noodles, whole grain, cooked",,"Pasta, noodles, cooked grains",Global,vegan,"1 cup, cooked",160.0,148,6.0,29.9,1.7,3.9,0.8,210,237,9.5,47.9,2.7,high_fiber|low_fat|diet_friendly,USDA FoodData Central - FNDDS 2021-2023,2708353
usda-fndds-2708355,"Long rice noodles, made from mung beans, cooked",,"Pasta, noodles, cooked grains",Global,vegan,"1 cup, cooked",190.0,84,0.0,20.7,0.0,0.1,0.0,5,160,0.1,39.3,0.0,low_fat,USDA FoodData Central - FNDDS 2021-2023,2708355
usda-fndds-2708415,Cream of rice,,Grits and other cooked cereals,Global,vegetarian,"1 cup, cooked",240.0,69,1.2,15.3,0.1,0.1,0.1,69,166,2.8,36.7,0.2,low_calorie|low_fat,USDA FoodData Central - FNDDS 2021-2023,2708415
usda-fndds-2708363,"Grits, NFS",,Grits and other cooked cereals,Global,vegan,"1 cup, cooked",240.0,71,1.2,12.2,1.8,0.7,0.1,81,170,2.9,29.3,4.4,low_calorie|low_fat|diet_friendly,USDA FoodData Central - FNDDS 2021-2023,2708363
usda-fndds-2709933,"Hominy, cooked",,Grits and other cooked cereals,Global,vegan,1 cup,170.0,88,1.4,13.8,2.9,2.4,1.5,501,150,2.5,23.5,4.9,low_fat,USDA FoodData Central - FNDDS 2021-2023,2709933
usda-fndds-2708376,"Masa harina, cooked",,Grits and other cooked cereals,Global,vegan,"1 cup, cooked",240.0,97,2.3,20.5,1.0,1.7,0.4,283,233,5.4,49.2,2.4,low_fat,USDA FoodData Central - FNDDS 2021-2023,2708376
usda-fndds-2708433,"Cream of wheat, NFS",,Grits and other cooked cereals,Global,vegetarian,"1 cup, cooked",240.0,65,1.4,10.4,1.8,0.5,0.0,83,156,3.5,24.9,4.3,low_calorie|low_fat,USDA FoodData Central - FNDDS 2021-2023,2708433
usda-fndds-2708444,"Oat bran cereal, cooked",,Grits and other cooked cereals,Global,vegan,"1 cup, cooked",240.0,46,3.2,12.3,1.3,2.9,0.3,69,110,7.7,29.5,3.1,low_calorie|high_fiber|low_fat|diet_friendly,USDA FoodData Central - FNDDS 2021-2023,2708444
usda-fndds-2708442,"Whole wheat cereal, cooked",,Grits and other cooked cereals,Global,vegan,"1 cup, cooked",240.0,47,1.6,10.4,0.3,1.3,0.1,71,113,3.7,24.9,0.7,low_calorie|low_fat|diet_friendly,USDA FoodData Central - FNDDS 2021-2023,2708442
usda-fndds-2708374,"Cornmeal mush, no added fat",,Grits and other cooked cereals,Global,vegan,"1 cup, cooked",240.0,58,1.1,12.5,0.3,0.6,0.2,71,139,2.7,29.9,0.7,low_calorie|low_fat|diet_friendly,USDA FoodData Central - FNDDS 2021-2023,2708374
usda-fndds-2708360,"Cereal, cooked, NFS",,Grits and other cooked cereals,Global,vegan,"1 cup, cooked",240.0,64,2.2,11.4,1.1,1.7,0.2,70,154,5.3,27.3,2.6,low_calorie|low_fat|diet_friendly,USDA FoodData Central - FNDDS 2021-2023,2708360
usda-fndds-2708368,"Grits, with cheese, no added fat",,Grits and other cooked cereals,Global,vegetarian,"1 cup, cooked",240.0,97,3.6,11.5,3.9,0.7,0.1,134,233,8.6,27.7,9.4,,USDA FoodData Central - FNDDS 2021-2023,2708368
usda-fndds-2708380,"Oatmeal, NFS",,Oatmeal,Global,vegan,"1 cup, cooked",240.0,76,2.2,11.2,2.6,1.7,0.2,81,182,5.2,26.8,6.3,low_calorie|low_fat|diet_friendly,USDA FoodData Central - FNDDS 2021-2023,2708380
usda-fndds-2708398,"Oatmeal, multigrain",,Oatmeal,Global,vegan,"1 cup, cooked",240.0,56,2.1,12.2,0.5,2.0,0.4,70,134,5.1,29.3,1.1,low_calorie|low_fat|diet_friendly,USDA FoodData Central - FNDDS 2021-2023,2708398
usda-fndds-2708397,"Oatmeal, reduced sugar",,Oatmeal,Global,vegan,"1 cup, cooked",240.0,85,2.4,16.6,1.3,1.9,4.0,90,204,5.6,39.9,3.1,low_fat,USDA FoodData Central - FNDDS 2021-2023,2708397
usda-fndds-2708393,"Oatmeal, instant, maple flavored, no added fat",,Oatmeal,Global,vegan,"1 cup, cooked",240.0,102,2.4,20.2,1.2,1.9,8.0,136,245,5.9,48.6,3.0,low_fat,USDA FoodData Central - FNDDS 2021-2023,2708393
usda-fndds-2708395,"Oatmeal, instant, fruit flavored, no added fat",,Oatmeal,Global,vegan,"1 cup, cooked",240.0,100,2.3,20.1,1.2,1.9,8.3,131,240,5.6,48.2,2.9,low_fat,USDA FoodData Central - FNDDS 2021-2023,2708395
usda-fndds-2708383,"Oatmeal, regular or quick, made with milk, no added fat",,Oatmeal,Global,vegetarian,"1 cup, cooked",240.0,116,5.6,16.2,3.2,1.7,5.1,105,278,13.3,39.0,7.8,,USDA FoodData Central - FNDDS 2021-2023,2708383
usda-fndds-2708418,Congee,,Rice,Global,vegan,1 cup,255.0,39,0.8,8.4,0.1,0.1,0.0,234,99,2.0,21.4,0.2,low_calorie|low_fat|diet_friendly,USDA FoodData Central - FNDDS 2021-2023,2708418
usda-fndds-2708402,"Rice, cooked, NFS",,Rice,Global,vegan,"1 cup, cooked",158.0,129,2.7,28.0,0.3,0.4,0.1,245,204,4.2,44.2,0.4,low_fat,USDA FoodData Central - FNDDS 2021-2023,2708402
usda-fndds-2708416,"Rice, cooked, with milk",,Rice,Global,vegetarian,"1 cup, cooked",200.0,144,5.1,25.0,2.3,0.3,4.9,357,288,10.3,50.0,4.6,low_fat,USDA FoodData Central - FNDDS 2021-2023,2708416
usda-fndds-2708417,"Rice, sweet, cooked with honey",,Rice,Global,vegetarian,"1 cup, cooked",175.0,139,2.5,31.1,0.3,0.4,4.9,344,243,4.4,54.5,0.5,low_fat,USDA FoodData Central - FNDDS 2021-2023,2708417
usda-fndds-2708420,"Yellow rice, cooked, no added fat",,Rice,Global,vegan,"1 cup, cooked",158.0,88,1.8,19.1,0.5,0.5,0.5,340,139,2.8,30.2,0.7,low_fat,USDA FoodData Central - FNDDS 2021-2023,2708420
usda-fndds-2708422,"Rice, white, cooked, glutinous",,Rice,Global,vegan,"1 cup, cooked",174.0,96,2.0,21.0,0.2,1.0,0.1,227,167,3.5,36.5,0.3,low_fat,USDA FoodData Central - FNDDS 2021-2023,2708422
usda-fndds-2708408,"Rice, white, cooked, no added fat",,Rice,Global,vegan,"1 cup, cooked",158.0,129,2.7,28.0,0.3,0.4,0.1,245,204,4.2,44.2,0.4,low_fat,USDA FoodData Central - FNDDS 2021-2023,2708408
usda-fndds-2708414,"Rice, brown, cooked, no added fat",,Rice,Global,vegan,"1 cup, cooked",195.0,123,2.4,25.8,1.1,1.0,0.2,201,240,4.7,50.2,2.2,low_fat,USDA FoodData Central - FNDDS 2021-2023,2708414
usda-fndds-2708404,"Rice, white, cooked, made with oil",,Rice,Global,vegan,"1 cup, cooked",163.0,151,2.6,27.2,3.1,0.4,0.1,238,246,4.2,44.3,5.1,,USDA FoodData Central - FNDDS 2021-2023,2708404
usda-fndds-2708405,"Rice, white, cooked, made with butter",,Rice,Global,vegetarian,"1 cup, cooked",163.0,147,2.6,27.2,2.6,0.4,0.1,253,240,4.3,44.3,4.3,low_fat,USDA FoodData Central - FNDDS 2021-2023,2708405
usda-fndds-2708411,"Rice, brown, cooked, made with butter",,Rice,Global,vegetarian,"1 cup, cooked",196.0,137,2.4,25.2,3.0,1.0,0.2,209,269,4.7,49.3,5.9,low_fat,USDA FoodData Central - FNDDS 2021-2023,2708411
usda-fndds-2708406,"Rice, white, cooked, made with margarine",,Rice,Global,vegan,"1 cup, cooked",163.0,142,2.6,27.2,2.1,0.4,0.1,258,231,4.2,44.4,3.5,low_fat,USDA FoodData Central - FNDDS 2021-2023,2708406
usda-fndds-2708412,"Rice, brown, cooked, made with margarine",,Rice,Global,vegan,"1 cup, cooked",196.0,134,2.4,25.2,2.6,1.0,0.2,213,263,4.7,49.4,5.1,low_fat,USDA FoodData Central - FNDDS 2021-2023,2708412
usda-fndds-2708426,"Rice, white and wild, cooked, no added fat",,Rice,Global,vegan,"1 cup, cooked",166.0,79,1.8,17.2,0.2,0.5,0.1,401,131,3.0,28.6,0.3,low_calorie|low_fat|diet_friendly,USDA FoodData Central - FNDDS 2021-2023,2708426
usda-fndds-2708427,"Rice, brown and wild, cooked, no added fat",,Rice,Global,vegan,"1 cup, cooked",151.0,120,2.9,24.9,0.9,1.6,0.3,206,181,4.4,37.6,1.3,low_fat,USDA FoodData Central - FNDDS 2021-2023,2708427
usda-fndds-2708447,"Cereal, crunch",,"Ready-to-eat cereal, higher sugar (>21.2g/100g)",Global,vegan,1 prepackaged single serving,30.0,398,4.3,82.1,5.5,2.7,42.8,701,119,1.3,24.6,1.7,high_sugar|high_sodium,USDA FoodData Central - FNDDS 2021-2023,2708447
usda-fndds-2708461,"Cereal, granola",,"Ready-to-eat cereal, higher sugar (>21.2g/100g)",Global,vegan,1 prepackaged single serving,30.0,420,9.8,67.3,13.0,7.4,22.2,161,126,2.9,20.2,3.9,high_fiber|high_sugar,USDA FoodData Central - FNDDS 2021-2023,2708461
usda-fndds-2708459,"Cereal, fruit rings",,"Ready-to-eat cereal, higher sugar (>21.2g/100g)",Global,vegan,1 cup,30.0,383,5.1,82.2,3.2,5.4,31.6,504,115,1.5,24.7,1.0,,USDA FoodData Central - FNDDS 2021-2023,2708459
usda-fndds-2708460,"Cereal, fruit crispy",,"Ready-to-eat cereal, higher sugar (>21.2g/100g)",Global,vegan,1 prepackaged single serving,30.0,384,4.3,82.9,3.9,0.3,33.8,542,115,1.3,24.9,1.2,,USDA FoodData Central - FNDDS 2021-2023,2708460
usda-fndds-2708450,"Cereal, cinnamon toast",,"Ready-to-eat cereal, higher sugar (>21.2g/100g)",Global,vegan,1 prepackaged single serving,30.0,414,5.9,75.2,9.9,5.1,29.8,539,124,1.8,22.6,3.0,high_sugar,USDA FoodData Central - FNDDS 2021-2023,2708450
usda-fndds-2708454,"Cereal, corn puffs",,"Ready-to-eat cereal, lower sugar (=<21.2g/100g)",Global,vegan,1 cup,25.0,371,7.7,77.8,2.6,7.3,12.2,525,93,1.9,19.5,0.6,high_fiber|low_fat,USDA FoodData Central - FNDDS 2021-2023,2708454
usda-fndds-2708465,"Cereal, multigrain",,"Ready-to-eat cereal, lower sugar (=<21.2g/100g)",Global,vegan,1 prepackaged single serving,30.0,373,11.6,74.0,3.6,14.6,20.1,233,112,3.5,22.2,1.1,high_fiber|high_sugar,USDA FoodData Central - FNDDS 2021-2023,2708465
usda-fndds-2708462,"Cereal, oat bunches",,"Ready-to-eat cereal, lower sugar (=<21.2g/100g)",Global,vegan,1 prepackaged single serving,30.0,392,7.4,76.2,6.1,4.6,20.7,428,118,2.2,22.9,1.8,high_sugar,USDA FoodData Central - FNDDS 2021-2023,2708462
usda-fndds-2708466,"Cereal, oat squares",,"Ready-to-eat cereal, lower sugar (=<21.2g/100g)",Global,vegan,1 prepackaged single serving,30.0,379,10.4,73.3,5.2,8.0,20.5,388,114,3.1,22.0,1.6,high_fiber|high_sugar,USDA FoodData Central - FNDDS 2021-2023,2708466
usda-fndds-2708478,"Cereal, plain puffs",,"Ready-to-eat cereal, lower sugar (=<21.2g/100g)",Global,vegan,1 cup,15.0,357,9.5,77.2,1.7,8.7,0.2,4,54,1.4,11.6,0.2,high_fiber|low_fat,USDA FoodData Central - FNDDS 2021-2023,2708478
usda-fndds-2708452,"Cereal, corn squares",,"Ready-to-eat cereal, lower sugar (=<21.2g/100g)",Global,vegan,1 cup,30.0,369,7.9,77.1,2.6,5.4,10.4,729,111,2.4,23.1,0.8,low_fat|high_sodium,USDA FoodData Central - FNDDS 2021-2023,2708452
usda-fndds-2708470,"Cereal, rice squares",,"Ready-to-eat cereal, lower sugar (=<21.2g/100g)",Global,vegan,1 cup,30.0,357,7.0,77.4,2.2,5.4,7.0,813,107,2.1,23.2,0.7,low_fat|high_sodium,USDA FoodData Central - FNDDS 2021-2023,2708470
usda-fndds-2708480,"Cereal, wheat flakes",,"Ready-to-eat cereal, lower sugar (=<21.2g/100g)",Global,vegan,1 prepackaged single serving,30.0,359,10.1,76.3,1.5,10.4,14.0,574,108,3.0,22.9,0.4,high_fiber|low_fat,USDA FoodData Central - FNDDS 2021-2023,2708480
usda-fndds-2708506,Frito pie,,Other Mexican mixed dishes,Global,non_vegetarian,100 g,100.0,328,10.0,26.3,21.0,2.9,0.9,572,328,10.0,26.3,21.0,,USDA FoodData Central - FNDDS 2021-2023,2708506
usda-fndds-2708505,Chilaquiles,,Other Mexican mixed dishes,Global,eggetarian,1 cup,170.0,195,10.6,14.9,10.7,2.1,1.1,366,332,18.1,25.3,18.1,,USDA FoodData Central - FNDDS 2021-2023,2708505
usda-fndds-2708507,Mexican pizza,,Other Mexican mixed dishes,Global,non_vegetarian,1 pizza,100.0,249,15.5,15.3,13.9,2.1,0.3,375,249,15.5,15.3,13.9,,USDA FoodData Central - FNDDS 2021-2023,2708507
usda-fndds-2708575,Tamale casserole with meat,,Other Mexican mixed dishes,Global,non_vegetarian,1 cup,250.0,174,7.4,15.8,9.0,2.4,0.5,473,435,18.4,39.5,22.6,high_fiber,USDA FoodData Central - FNDDS 2021-2023,2708575
usda-fndds-2708576,"Nachos, NFS",,Nachos,Global,non_vegetarian,1 cup,135.0,265,7.6,23.9,15.8,1.7,0.4,488,358,10.3,32.2,21.4,,USDA FoodData Central - FNDDS 2021-2023,2708576
usda-fndds-2708580,"Nachos, chicken",,Nachos,Global,non_vegetarian,1 cup,135.0,242,11.2,19.9,13.3,1.4,0.3,430,327,15.1,26.8,18.0,,USDA FoodData Central - FNDDS 2021-2023,2708580
usda-fndds-2708582,"Nachos, with beans",,Nachos,Global,vegetarian,1 cup,135.0,210,4.6,23.3,11.4,2.5,0.5,434,284,6.2,31.4,15.3,,USDA FoodData Central - FNDDS 2021-2023,2708582
usda-fndds-2708577,"Nachos, cheese only",,Nachos,Global,vegetarian,1 cup,135.0,266,4.5,27.8,15.7,2.0,0.5,547,359,6.0,37.6,21.2,,USDA FoodData Central - FNDDS 2021-2023,2708577
usda-fndds-2708724,Bao bun,,"Egg rolls, dumplings, sushi",Global,non_vegetarian,"1 item, any size",100.0,273,11.2,39.8,7.6,1.2,5.9,354,273,11.2,39.8,7.6,,USDA FoodData Central - FNDDS 2021-2023,2708724
usda-fndds-2708965,Sushi roll tuna,,"Egg rolls, dumplings, sushi",Global,non_vegetarian,1 piece,30.0,97,7.4,15.3,0.3,0.7,0.9,342,29,2.2,4.6,0.1,low_calorie|low_fat|diet_friendly,USDA FoodData Central - FNDDS 2021-2023,2708965
usda-fndds-2708959,"Sushi, NFS",,"Egg rolls, dumplings, sushi",Global,vegan,1 piece,30.0,94,2.9,18.4,0.7,1.0,2.1,428,28,0.9,5.5,0.2,low_calorie|low_fat|diet_friendly,USDA FoodData Central - FNDDS 2021-2023,2708959
usda-fndds-2708962,"Sushi roll, eel",,"Egg rolls, dumplings, sushi",Global,non_vegetarian,1 piece,30.0,116,6.0,15.3,3.0,0.7,0.9,343,35,1.8,4.6,0.9,low_calorie|low_fat|diet_friendly,USDA FoodData Central - FNDDS 2021-2023,2708962
usda-fndds-2708725,"Bao bun, no meat",,"Egg rolls, dumplings, sushi",Global,non_vegetarian,"1 item, any size",100.0,268,6.7,54.3,2.9,3.4,22.3,268,268,6.7,54.3,2.9,low_fat|high_sugar,USDA FoodData Central - FNDDS 2021-2023,2708725
usda-fndds-2708963,"Sushi roll, salmon",,"Egg rolls, dumplings, sushi",Global,non_vegetarian,1 piece,30.0,103,6.9,15.3,1.3,0.7,0.9,350,31,2.1,4.6,0.4,low_calorie|low_fat|diet_friendly,USDA FoodData Central - FNDDS 2021-2023,2708963
usda-fndds-2708930,Flavored pasta,,"Pasta mixed dishes, excludes macaroni and cheese",Global,non_vegetarian,1 cup,185.0,87,2.5,14.4,2.2,0.4,1.0,174,161,4.6,26.7,4.1,low_fat,USDA FoodData Central - FNDDS 2021-2023,2708930
usda-fndds-2708949,Noodle pudding,,"Pasta mixed dishes, excludes macaroni and cheese",Global,eggetarian,1 cup,200.0,209,5.9,31.0,7.4,1.6,11.1,68,418,11.9,62.0,14.8,,USDA FoodData Central - FNDDS 2021-2023,2708949
usda-fndds-2708750,Lasagna with meat,,"Pasta mixed dishes, excludes macaroni and cheese",Global,non_vegetarian,"1 piece (1/6 of 8"" square, approx 2-1/2"" x 4"")",206.0,139,7.5,16.2,5.0,1.6,3.3,390,286,15.3,33.3,10.2,,USDA FoodData Central - FNDDS 2021-2023,2708750
usda-fndds-2708755,Lasagna with meat and spinach,,"Pasta mixed dishes, excludes macaroni and cheese",Global,non_vegetarian,"1 piece (1/6 of 8"" square, approx 2-1/2"" x 4"")",206.0,207,13.3,13.8,10.8,1.1,2.2,412,426,27.5,28.3,22.2,high_protein,USDA FoodData Central - FNDDS 2021-2023,2708755
usda-fndds-2708756,Lasagna with chicken or turkey,,"Pasta mixed dishes, excludes macaroni and cheese",Global,non_vegetarian,"1 piece (1/6 of 8"" square, approx 2-1/2"" x 4"")",206.0,205,13.7,14.0,10.4,1.0,2.2,387,422,28.3,28.9,21.4,high_protein,USDA FoodData Central - FNDDS 2021-2023,2708756
usda-fndds-2708941,Macaroni or pasta salad with egg,,"Pasta mixed dishes, excludes macaroni and cheese",Global,eggetarian,1 cup,204.0,215,5.2,22.5,11.4,1.3,1.8,197,439,10.6,46.0,23.3,,USDA FoodData Central - FNDDS 2021-2023,2708941
usda-fndds-2708942,Macaroni or pasta salad with tuna,,"Pasta mixed dishes, excludes macaroni and cheese",Global,non_vegetarian,1 cup,204.0,200,6.7,20.9,9.9,1.2,1.6,206,408,13.6,42.6,20.2,,USDA FoodData Central - FNDDS 2021-2023,2708942
usda-fndds-2708948,Macaroni or pasta salad with meat,,"Pasta mixed dishes, excludes macaroni and cheese",Global,non_vegetarian,1 cup,204.0,211,7.7,20.8,10.6,1.2,1.6,378,430,15.6,42.5,21.6,,USDA FoodData Central - FNDDS 2021-2023,2708948
usda-fndds-2708811,Macaroni or noodles with cheese,,Macaroni and cheese,Global,vegetarian,100 g,100.0,223,8.7,23.1,10.5,1.2,2.4,358,223,8.7,23.1,10.5,,USDA FoodData Central - FNDDS 2021-2023,2708811
usda-fndds-2708822,Macaroni or noodles with cheese and egg,,Macaroni and cheese,Global,eggetarian,1 cup,230.0,185,5.9,19.0,9.5,0.8,3.0,176,426,13.6,43.7,21.9,,USDA FoodData Central - FNDDS 2021-2023,2708822
usda-fndds-2708817,Macaroni or noodles with cheese and tuna,,Macaroni and cheese,Global,non_vegetarian,1 cup,230.0,164,7.6,18.2,6.8,0.8,2.8,176,377,17.5,41.9,15.6,,USDA FoodData Central - FNDDS 2021-2023,2708817
usda-fndds-2708818,Macaroni or noodles with cheese and meat,,Macaroni and cheese,Global,non_vegetarian,100 g,100.0,210,11.8,15.1,11.2,0.7,2.4,238,210,11.8,15.1,11.2,,USDA FoodData Central - FNDDS 2021-2023,2708818
usda-fndds-2709170,"Lime, raw",,Citrus fruits,Global,vegan,1 fruit,65.0,30,0.7,10.5,0.2,2.8,1.7,2,20,0.5,6.9,0.1,low_calorie|low_fat|diet_friendly,USDA FoodData Central - FNDDS 2021-2023,2709170
usda-fndds-2709168,"Lemon, raw",,Citrus fruits,Global,vegan,1 fruit,65.0,29,1.1,9.3,0.3,2.8,2.5,2,19,0.7,6.1,0.2,low_calorie|low_fat|diet_friendly,USDA FoodData Central - FNDDS 2021-2023,2709168
usda-fndds-2709171,"Orange, raw",,Citrus fruits,Global,vegan,1 fruit,154.0,50,0.9,11.8,0.1,2.2,9.0,4,77,1.4,18.1,0.2,low_calorie|low_fat|diet_friendly,USDA FoodData Central - FNDDS 2021-2023,2709171
usda-fndds-2709167,"Kumquat, raw",,Citrus fruits,Global,vegan,1 cup,185.0,71,1.9,15.9,0.9,6.5,9.4,10,131,3.5,29.4,1.6,low_calorie|high_fiber|low_fat|diet_friendly,USDA FoodData Central - FNDDS 2021-2023,2709167
usda-fndds-2709175,"Tangerine, raw",,Citrus fruits,Global,vegan,1 fruit,109.0,53,0.8,13.3,0.3,1.8,10.6,2,58,0.9,14.5,0.3,low_calorie|low_fat|diet_friendly,USDA FoodData Central - FNDDS 2021-2023,2709175
usda-fndds-2709164,"Clementine, raw",,Citrus fruits,Global,vegan,1 fruit,85.0,53,0.8,13.3,0.3,1.8,10.6,2,45,0.7,11.3,0.3,low_calorie|low_fat|diet_friendly,USDA FoodData Central - FNDDS 2021-2023,2709164
usda-fndds-2710301,Jam,,"Jams, syrups, toppings",Global,vegan,1 tablespoon,20.0,278,0.4,68.9,0.1,1.1,48.5,32,56,0.1,13.8,0.0,low_fat|high_sugar,USDA FoodData Central - FNDDS 2021-2023,2710301
usda-fndds-2710300,Jelly,,"Jams, syrups, toppings",Global,vegan,1 tablespoon,20.0,266,0.1,70.0,0.0,1.0,51.2,30,53,0.0,14.0,0.0,low_fat|high_sugar,USDA FoodData Central - FNDDS 2021-2023,2710300
usda-fndds-2710303,Marmalade,,"Jams, syrups, toppings",Global,vegan,1 tablespoon,20.0,246,0.3,66.3,0.0,0.7,60.0,56,49,0.1,13.3,0.0,low_fat|high_sugar,USDA FoodData Central - FNDDS 2021-2023,2710303
usda-fndds-2710274,Corn syrup,,"Jams, syrups, toppings",Global,vegan,1 tablespoon,20.0,283,0.0,76.8,0.2,0.0,76.8,62,57,0.0,15.4,0.0,low_fat|high_sugar,USDA FoodData Central - FNDDS 2021-2023,2710274
usda-fndds-2710295,Dessert dip,,"Jams, syrups, toppings",Global,vegetarian,1 tablespoon,15.0,249,6.0,22.5,15.1,0.0,22.2,170,37,0.9,3.4,2.3,high_sugar,USDA FoodData Central - FNDDS 2021-2023,2710295
usda-fndds-2710307,Guava paste,,"Jams, syrups, toppings",Global,vegan,1 tablespoon,20.0,292,0.1,72.6,0.3,1.1,71.6,2,58,0.0,14.5,0.1,low_fat|high_sugar,USDA FoodData Central - FNDDS 2021-2023,2710307
usda-fndds-2709193,"Tangerine juice, 100%",,Citrus juice,Global,vegan,1 fl oz (no ice),31.0,43,0.5,10.1,0.2,0.2,9.9,1,13,0.2,3.1,0.1,low_calorie|low_fat|diet_friendly,USDA FoodData Central - FNDDS 2021-2023,2709193
usda-fndds-2709186,"Orange juice, 100%, NFS",,Citrus juice,Global,vegan,1 fl oz (no ice),31.0,47,0.8,10.2,0.3,0.3,8.2,2,15,0.2,3.2,0.1,low_calorie|low_fat|diet_friendly,USDA FoodData Central - FNDDS 2021-2023,2709186
usda-fndds-2709187,"Orange juice, 100%, freshly squeezed",,Citrus juice,Global,vegan,1 fl oz (no ice),31.0,47,0.8,10.0,0.4,0.3,8.1,0,15,0.3,3.1,0.1,low_calorie|low_fat|diet_friendly,USDA FoodData Central - FNDDS 2021-2023,2709187
usda-fndds-2709176,"Grapefruit juice, 100%, freshly squeezed",,Citrus juice,Global,vegan,1 fl oz (no ice),31.0,39,0.5,9.2,0.1,0.1,9.1,1,12,0.2,2.9,0.0,low_calorie|low_fat|diet_friendly,USDA FoodData Central - FNDDS 2021-2023,2709176
usda-fndds-2709323,Blueberry juice,,Other fruit juice,Global,vegan,1 fl oz (no ice),31.0,42,0.5,9.5,0.2,1.6,6.1,1,13,0.1,2.9,0.1,low_calorie|low_fat|diet_friendly,USDA FoodData Central - FNDDS 2021-2023,2709323
usda-fndds-2709833,Aloe vera juice drink,,Other fruit juice,Global,vegan,1 fl oz (no ice),31.0,15,0.0,3.8,0.0,0.0,3.8,8,5,0.0,1.2,0.0,low_calorie|low_fat|diet_friendly,USDA FoodData Central - FNDDS 2021-2023,2709833
usda-fndds-2709315,"Fruit juice, NFS",,Other fruit juice,Global,vegan,1 fl oz (no ice),31.0,51,0.3,12.1,0.3,0.2,10.4,5,16,0.1,3.8,0.1,low_calorie|low_fat|diet_friendly,USDA FoodData Central - FNDDS 2021-2023,2709315
usda-fndds-2709325,"Grape juice, 100%",,Other fruit juice,Global,vegan,1 fl oz (no ice),31.0,66,0.2,15.7,0.3,0.2,14.2,6,20,0.1,4.9,0.1,low_calorie|low_fat|diet_friendly,USDA FoodData Central - FNDDS 2021-2023,2709325
usda-fndds-2709331,"Prune juice, 100%",,Other fruit juice,Global,vegan,1 fl oz (no ice),31.0,71,0.6,17.4,0.0,1.0,16.4,4,22,0.2,5.4,0.0,low_calorie|low_fat|diet_friendly,USDA FoodData Central - FNDDS 2021-2023,2709331
usda-fndds-2709327,"Papaya juice, 100%",,Other fruit juice,Global,vegan,1 fl oz (no ice),31.0,57,0.2,14.5,0.1,0.6,13.9,5,18,0.1,4.5,0.0,low_calorie|low_fat|diet_friendly,USDA FoodData Central - FNDDS 2021-2023,2709327
usda-fndds-2709203,Date,,Dried fruits,Global,vegan,100 g,100.0,282,2.5,75.0,0.4,8.0,63.4,2,282,2.5,75.0,0.4,high_fiber|low_fat|diet_friendly,USDA FoodData Central - FNDDS 2021-2023,2709203
usda-fndds-2709212,Raisins,,Dried fruits,Global,vegan,1 small box (1.5 oz),43.0,299,3.3,79.3,0.2,4.5,65.2,26,129,1.4,34.1,0.1,low_fat,USDA FoodData Central - FNDDS 2021-2023,2709212
usda-fndds-2709200,Banana chips,,Dried fruits,Global,vegan,1 cup,72.0,519,2.3,58.4,33.6,7.7,35.3,6,374,1.7,42.0,24.2,high_fiber,USDA FoodData Central - FNDDS 2021-2023,2709200
usda-fndds-2709204,"Fig, dried",,Dried fruits,Global,vegan,1 cup,160.0,277,3.3,63.9,0.9,9.8,47.9,10,443,5.3,102.2,1.5,high_fiber|low_fat|diet_friendly,USDA FoodData Central - FNDDS 2021-2023,2709204
usda-fndds-2709208,"Pear, dried",,Dried fruits,Global,vegan,1 cup,160.0,262,1.9,69.7,0.6,7.5,62.2,6,419,3.0,111.5,1.0,high_fiber|low_fat|diet_friendly,USDA FoodData Central - FNDDS 2021-2023,2709208
usda-fndds-2709196,"Apple, dried",,Dried fruits,Global,vegan,1 cup,90.0,243,0.9,65.9,0.3,8.7,57.2,87,219,0.8,59.3,0.3,high_fiber|low_fat|diet_friendly,USDA FoodData Central - FNDDS 2021-2023,2709196
usda-fndds-2709205,"Mango, dried",,Dried fruits,Global,vegan,100 g,100.0,319,2.5,78.6,1.2,2.4,66.3,162,319,2.5,78.6,1.2,low_fat,USDA FoodData Central - FNDDS 2021-2023,2709205
usda-fndds-2709207,"Peach, dried",,Dried fruits,Global,vegan,1 cup,160.0,239,3.6,61.3,0.8,8.2,41.7,7,382,5.8,98.1,1.2,high_fiber|low_fat|diet_friendly,USDA FoodData Central - FNDDS 2021-2023,2709207
usda-fndds-2709211,"Prune, dried",,Dried fruits,Global,vegan,1 cup,160.0,240,2.2,63.9,0.4,7.1,38.1,2,384,3.5,102.2,0.6,high_fiber|low_fat|diet_friendly,USDA FoodData Central - FNDDS 2021-2023,2709211
usda-fndds-2709206,"Papaya, dried",,Dried fruits,Global,vegan,100 g,100.0,302,1.2,75.4,0.8,4.5,67.5,22,302,1.2,75.4,0.8,low_fat,USDA FoodData Central - FNDDS 2021-2023,2709206
usda-fndds-2709240,Lychee,,Other fruits and fruit salads,Global,vegan,1 cup,190.0,66,0.8,16.5,0.4,1.3,15.2,1,125,1.6,31.4,0.8,low_calorie|low_fat|diet_friendly,USDA FoodData Central - FNDDS 2021-2023,2709240
usda-fndds-2709268,Rhubarb,,Other fruits and fruit salads,Global,vegan,1 cup,240.0,73,0.8,17.4,0.2,1.6,14.4,4,175,1.9,41.9,0.5,low_calorie|low_fat|diet_friendly,USDA FoodData Central - FNDDS 2021-2023,2709268
usda-fndds-2709269,Tamarind,,Other fruits and fruit salads,Global,vegan,1 tamarind,2.0,239,2.8,62.5,0.6,5.1,38.8,28,5,0.1,1.2,0.0,low_fat,USDA FoodData Central - FNDDS 2021-2023,2709269
usda-fndds-2709286,Ambrosia,,Other fruits and fruit salads,Global,vegan,1 cup,193.0,75,0.8,16.4,1.0,2.0,12.8,1,145,1.6,31.7,1.9,low_calorie|low_fat|diet_friendly,USDA FoodData Central - FNDDS 2021-2023,2709286
usda-fndds-2709234,Dragon fruit,,Other fruits and fruit salads,Global,vegan,1 fruit,75.0,68,0.7,16.2,0.2,1.8,12.0,1,51,0.5,12.2,0.2,low_calorie|low_fat|diet_friendly,USDA FoodData Central - FNDDS 2021-2023,2709234
usda-fndds-2709293,Apple salad with dressing,,Other fruits and fruit salads,Global,eggetarian,1 cup,137.0,180,1.4,12.2,14.2,2.0,9.1,87,247,2.0,16.7,19.5,,USDA FoodData Central - FNDDS 2021-2023,2709293
usda-fndds-2709310,Pineapple salad with dressing,,Other fruits and fruit salads,Global,eggetarian,"1 serving (lettuce, 1 cup diced pineapple, dressing)",184.0,105,0.5,12.8,5.8,0.8,10.3,48,193,0.9,23.5,10.7,,USDA FoodData Central - FNDDS 2021-2023,2709310
usda-fndds-2709235,"Fig, raw",,Other fruits and fruit salads,Global,vegan,1 fig,50.0,74,0.8,19.2,0.3,2.9,16.3,1,37,0.4,9.6,0.1,low_calorie|low_fat|diet_friendly,USDA FoodData Central - FNDDS 2021-2023,2709235
usda-fndds-2709265,"Plum, raw",,Other fruits and fruit salads,Global,vegan,1 fruit,75.0,46,0.7,11.4,0.3,1.4,9.9,0,34,0.5,8.6,0.2,low_calorie|low_fat|diet_friendly,USDA FoodData Central - FNDDS 2021-2023,2709265
usda-fndds-2709213,"Fruit, NFS",,Other fruits and fruit salads,Global,vegan,1 fruit,185.0,68,0.7,16.2,0.2,1.8,12.0,1,126,1.3,30.0,0.4,low_calorie|low_fat|diet_friendly,USDA FoodData Central - FNDDS 2021-2023,2709213
usda-fndds-2709238,"Guava, raw",,Other fruits and fruit salads,Global,vegan,1 fruit,55.0,68,2.5,14.3,0.9,5.4,8.9,2,37,1.4,7.9,0.5,low_calorie|low_fat|diet_friendly,USDA FoodData Central - FNDDS 2021-2023,2709238
usda-fndds-2709221,"Apricot, raw",,Other fruits and fruit salads,Global,vegan,1 apricot,35.0,48,1.4,11.1,0.4,2.0,9.2,1,17,0.5,3.9,0.1,low_calorie|low_fat|diet_friendly,USDA FoodData Central - FNDDS 2021-2023,2709221
usda-fndds-2709231,"Cherries, raw",,Other fruits and fruit salads,Global,vegan,1 cup,150.0,71,1.0,16.2,0.2,2.1,13.9,0,106,1.6,24.2,0.3,low_calorie|low_fat|diet_friendly,USDA FoodData Central - FNDDS 2021-2023,2709231
usda-fndds-2709228,"Starfruit, raw",,Other fruits and fruit salads,Global,vegan,1 fruit,90.0,31,1.0,6.7,0.3,2.8,4.0,2,28,0.9,6.1,0.3,low_calorie|low_fat|diet_friendly,USDA FoodData Central - FNDDS 2021-2023,2709228
usda-fndds-2709259,"Persimmon, raw",,Other fruits and fruit salads,Global,vegan,1 fruit,170.0,70,0.6,18.6,0.2,3.6,12.5,1,119,1.0,31.6,0.3,low_calorie|high_fiber|low_fat|diet_friendly,USDA FoodData Central - FNDDS 2021-2023,2709259
usda-fndds-2709239,"Kiwi fruit, raw",,Other fruits and fruit salads,Global,vegan,1 fruit,75.0,64,1.1,14.0,0.4,3.0,9.0,5,48,0.8,10.5,0.3,low_calorie|low_fat|diet_friendly,USDA FoodData Central - FNDDS 2021-2023,2709239
usda-fndds-2709267,"Pomegranate, raw",,Other fruits and fruit salads,Global,vegan,1 fruit,250.0,83,1.7,18.7,1.2,4.0,13.7,3,208,4.2,46.8,2.9,high_fiber|low_fat|diet_friendly,USDA FoodData Central - FNDDS 2021-2023,2709267
usda-fndds-2709248,"Passion fruit, raw",,Other fruits and fruit salads,Global,vegan,1 cup,236.0,97,2.2,23.4,0.7,10.4,11.2,28,229,5.2,55.2,1.7,high_fiber|low_fat|diet_friendly,USDA FoodData Central - FNDDS 2021-2023,2709248
usda-fndds-2709229,"Cherries, maraschino",,Other fruits and fruit salads,Global,vegan,1 cup,160.0,165,0.2,42.0,0.2,3.2,38.8,4,264,0.4,67.2,0.3,high_fiber|low_fat|diet_friendly,USDA FoodData Central - FNDDS 2021-2023,2709229
usda-fndds-2709295,"Fruit, chocolate covered",,Other fruits and fruit salads,Global,vegan,1 fruit,40.0,133,1.4,20.1,6.7,2.7,15.7,2,53,0.6,8.0,2.7,low_calorie,USDA FoodData Central - FNDDS 2021-2023,2709295
usda-fndds-2709219,Apple pie filling,,Apples,Global,vegan,1 cup,260.0,100,0.1,26.1,0.1,1.0,13.8,47,260,0.3,67.9,0.3,low_fat,USDA FoodData Central - FNDDS 2021-2023,2709219
usda-fndds-2709215,"Apple, raw",,Apples,Global,vegan,1 small,165.0,61,0.2,14.8,0.1,2.1,12.1,0,101,0.3,24.4,0.2,low_calorie|low_fat|diet_friendly,USDA FoodData Central - FNDDS 2021-2023,2709215
usda-fndds-2709220,"Apple, baked",,Apples,Global,vegetarian,"1 apple, any size",210.0,113,0.3,22.7,3.1,2.5,19.0,4,237,0.7,47.7,6.5,high_fiber|high_sugar,USDA FoodData Central - FNDDS 2021-2023,2709220
usda-fndds-2709294,"Apple, candied",,Apples,Global,vegan,"1 apple, any size",320.0,134,1.3,29.6,2.1,1.8,24.2,62,429,4.3,94.8,6.9,high_fiber|low_fat|high_sugar,USDA FoodData Central - FNDDS 2021-2023,2709294
usda-fndds-2709803,Radish,,Other vegetables and combinations,Global,vegan,1 cup,115.0,16,0.7,3.4,0.1,1.6,1.9,39,18,0.8,3.9,0.1,low_calorie|low_fat|diet_friendly,USDA FoodData Central - FNDDS 2021-2023,2709803
usda-fndds-2709766,Artichoke,,Other vegetables and combinations,Global,vegan,1 cup,150.0,53,2.9,11.9,0.3,5.7,1.0,60,80,4.3,17.9,0.5,low_calorie|high_fiber|low_fat|diet_friendly,USDA FoodData Central - FNDDS 2021-2023,2709766
usda-fndds-2709770,"Beets, raw",,Other vegetables and combinations,Global,vegan,1 cup,135.0,43,1.6,9.6,0.2,2.8,6.8,78,58,2.2,12.9,0.2,low_calorie|low_fat|diet_friendly,USDA FoodData Central - FNDDS 2021-2023,2709770
usda-fndds-2709776,"Cactus, raw",,Other vegetables and combinations,Global,vegan,1 cup,150.0,16,1.3,3.3,0.1,2.2,1.1,21,24,2.0,5.0,0.1,low_calorie|low_fat|diet_friendly,USDA FoodData Central - FNDDS 2021-2023,2709776
usda-fndds-2709778,"Celery, raw",,Other vegetables and combinations,Global,vegan,1 stalk,40.0,17,0.5,3.3,0.2,1.6,1.3,97,7,0.2,1.3,0.1,low_calorie|low_fat|diet_friendly,USDA FoodData Central - FNDDS 2021-2023,2709778
usda-fndds-2709787,"Jicama, raw",,Other vegetables and combinations,Global,vegan,1 cup,130.0,38,0.7,8.8,0.1,4.9,1.8,4,49,0.9,11.5,0.1,low_calorie|high_fiber|low_fat|diet_friendly,USDA FoodData Central - FNDDS 2021-2023,2709787
usda-fndds-2709809,"Turnip, raw",,Other vegetables and combinations,Global,vegan,1 whole,120.0,28,0.9,6.4,0.1,1.8,3.8,67,34,1.1,7.7,0.1,low_calorie|low_fat|diet_friendly,USDA FoodData Central - FNDDS 2021-2023,2709809
usda-fndds-2709223,"Avocado, raw",,Other vegetables and combinations,Global,vegan,1 fruit,150.0,160,2.0,8.5,14.7,6.7,0.7,7,240,3.0,12.8,22.0,high_fiber,USDA FoodData Central - FNDDS 2021-2023,2709223
usda-fndds-2709764,"Sprouts, NFS",,Other vegetables and combinations,Global,vegan,1 cup,56.0,30,3.0,5.9,0.2,1.8,4.1,6,17,1.7,3.3,0.1,low_calorie|low_fat|diet_friendly,USDA FoodData Central - FNDDS 2021-2023,2709764
usda-fndds-2709805,"Seaweed, raw",,Other vegetables and combinations,Global,vegan,1 cup,80.0,41,3.5,7.9,0.5,0.7,0.6,384,33,2.8,6.4,0.4,low_calorie|low_fat|diet_friendly,USDA FoodData Central - FNDDS 2021-2023,2709805
usda-fndds-2709784,"Cucumber, raw",,Other vegetables and combinations,Global,vegan,1 regular,200.0,16,0.6,3.0,0.2,0.5,1.7,2,32,1.2,5.9,0.4,low_calorie|low_fat|diet_friendly,USDA FoodData Central - FNDDS 2021-2023,2709784
usda-fndds-2709785,"Eggplant, raw",,Other vegetables and combinations,Global,vegan,1 cup,80.0,25,1.0,5.9,0.2,3.0,3.5,2,20,0.8,4.7,0.1,low_calorie|low_fat|diet_friendly,USDA FoodData Central - FNDDS 2021-2023,2709785
usda-fndds-2709788,"Kohlrabi, raw",,Other vegetables and combinations,Global,vegan,1 cup,135.0,27,1.7,6.2,0.1,3.6,2.6,20,36,2.3,8.4,0.1,low_calorie|low_fat|diet_friendly,USDA FoodData Central - FNDDS 2021-2023,2709788
usda-fndds-2709804,"Rutabaga, raw",,Other vegetables and combinations,Global,vegan,1 cup,140.0,37,1.1,8.6,0.2,2.3,4.5,12,52,1.5,12.1,0.2,low_calorie|low_fat|diet_friendly,USDA FoodData Central - FNDDS 2021-2023,2709804
usda-fndds-2709806,"Snowpeas, raw",,Other vegetables and combinations,Global,vegan,1 cup,65.0,42,2.8,7.5,0.2,2.6,4.0,4,27,1.8,4.9,0.1,low_calorie|low_fat|diet_friendly,USDA FoodData Central - FNDDS 2021-2023,2709806
usda-fndds-2709767,"Asparagus, raw",,Other vegetables and combinations,Global,vegan,1 cup,135.0,20,2.2,3.9,0.1,2.1,1.9,2,27,3.0,5.2,0.2,low_calorie|low_fat|diet_friendly,USDA FoodData Central - FNDDS 2021-2023,2709767
usda-fndds-2709793,"Mushrooms, raw",,Other vegetables and combinations,Global,vegan,1 cup,70.0,31,2.9,4.1,0.3,1.7,2.0,6,22,2.0,2.9,0.2,low_calorie|low_fat|diet_friendly,USDA FoodData Central - FNDDS 2021-2023,2709793
usda-fndds-2709906,"Celery, cooked",,Other vegetables and combinations,Global,vegan,1 stalk,42.0,42,0.5,3.5,2.9,1.7,1.4,231,18,0.2,1.5,1.2,low_calorie|low_fat,USDA FoodData Central - FNDDS 2021-2023,2709906
usda-fndds-2710002,"Turnip, cooked",,Other vegetables and combinations,Global,vegan,1 whole,120.0,54,0.9,6.7,2.8,1.9,4.0,200,65,1.1,8.0,3.4,low_calorie|low_fat,USDA FoodData Central - FNDDS 2021-2023,2710002
usda-fndds-2709886,"Burdock, cooked",,Other vegetables and combinations,Global,vegan,1 cup,130.0,100,1.6,18.1,2.9,3.4,3.0,135,130,2.1,23.5,3.8,low_fat,USDA FoodData Central - FNDDS 2021-2023,2709886
usda-fndds-2709981,"Salsify, cooked",,Other vegetables and combinations,Global,vegan,1 cup,140.0,89,2.6,14.9,2.7,3.0,2.8,136,125,3.7,20.8,3.8,low_fat,USDA FoodData Central - FNDDS 2021-2023,2709981
usda-fndds-2709777,"Cauliflower, raw",,Other vegetables and combinations,Global,vegan,1 cup,110.0,25,1.9,5.0,0.3,2.0,1.9,30,28,2.1,5.5,0.3,low_calorie|low_fat|diet_friendly,USDA FoodData Central - FNDDS 2021-2023,2709777
usda-fndds-2709779,"Fennel bulb, raw",,Other vegetables and combinations,Global,vegan,1 fennel bulb,235.0,31,1.2,7.3,0.2,3.1,3.9,52,73,2.9,17.2,0.5,low_calorie|high_fiber|low_fat|diet_friendly,USDA FoodData Central - FNDDS 2021-2023,2709779
usda-fndds-2709928,"Cucumber, cooked",,Other vegetables and combinations,Global,vegan,1 cup,185.0,45,0.7,3.4,3.2,0.6,1.9,145,83,1.3,6.2,5.9,low_calorie,USDA FoodData Central - FNDDS 2021-2023,2709928
usda-fndds-2709934,"Kohlrabi, cooked",,Other vegetables and combinations,Global,vegan,1 cup,170.0,51,1.7,6.3,2.8,3.6,2.6,146,87,2.9,10.6,4.7,low_calorie|high_fiber|low_fat,USDA FoodData Central - FNDDS 2021-2023,2709934
usda-fndds-2709955,"Parsnips, cooked",,Other vegetables and combinations,Global,vegan,1 cup,160.0,92,1.3,16.5,2.8,3.5,4.7,131,147,2.1,26.4,4.5,high_fiber|low_fat|diet_friendly,USDA FoodData Central - FNDDS 2021-2023,2709955
usda-fndds-2709980,"Rutabaga, cooked",,Other vegetables and combinations,Global,vegan,1 cup,175.0,63,1.1,9.0,2.9,2.4,4.7,143,110,2.0,15.7,5.1,low_calorie|low_fat|diet_friendly,USDA FoodData Central - FNDDS 2021-2023,2709980
usda-fndds-2710037,"Jai, Monk's Food",,Other vegetables and combinations,Global,vegan,1 cup,188.0,60,4.2,7.7,1.9,1.7,1.1,28,113,8.0,14.5,3.5,low_calorie|low_fat|diet_friendly,USDA FoodData Central - FNDDS 2021-2023,2710037
usda-fndds-2709768,"Bean sprouts, raw",,Other vegetables and combinations,Global,vegan,1 cup,90.0,30,3.0,5.9,0.2,1.8,4.1,6,27,2.7,5.3,0.2,low_calorie|low_fat|diet_friendly,USDA FoodData Central - FNDDS 2021-2023,2709768
usda-fndds-2709771,"Broccoflower, raw",,Other vegetables and combinations,Global,vegan,1 cup,64.0,31,3.0,6.1,0.3,3.2,3.0,23,20,1.9,3.9,0.2,low_calorie|low_fat|diet_friendly,USDA FoodData Central - FNDDS 2021-2023,2709771
usda-fndds-2709224,"Banana, raw",,Bananas,Global,vegan,1 banana,126.0,97,0.7,22.7,0.3,1.7,15.8,0,122,0.9,28.6,0.4,low_fat|high_sugar,USDA FoodData Central - FNDDS 2021-2023,2709224
usda-fndds-2709225,"Banana, baked",,Bananas,Global,vegetarian,1 banana,140.0,161,0.8,32.4,3.2,1.8,24.7,3,225,1.1,45.4,4.5,high_sugar,USDA FoodData Central - FNDDS 2021-2023,2709225
usda-fndds-2709226,"Cantaloupe, raw",,Melons,Global,vegan,1 cup,155.0,38,0.8,8.2,0.2,0.8,7.9,30,59,1.3,12.6,0.3,low_calorie|low_fat|diet_friendly,USDA FoodData Central - FNDDS 2021-2023,2709226
usda-fndds-2709270,"Watermelon, raw",,Melons,Global,vegan,1 cup,155.0,30,0.6,7.5,0.1,0.4,6.2,1,46,0.9,11.7,0.2,low_calorie|low_fat|diet_friendly,USDA FoodData Central - FNDDS 2021-2023,2709270
usda-fndds-2709241,"Honeydew melon, raw",,Melons,Global,vegan,1 cup,155.0,36,0.5,9.1,0.1,0.8,8.1,18,56,0.8,14.1,0.2,low_calorie|low_fat|diet_friendly,USDA FoodData Central - FNDDS 2021-2023,2709241
usda-fndds-2709237,"Grapes, raw",,Grapes,Global,vegan,1 cup,150.0,83,0.9,19.4,0.2,0.9,16.7,5,124,1.4,29.1,0.3,low_fat|high_sugar,USDA FoodData Central - FNDDS 2021-2023,2709237
usda-fndds-2709242,"Mango, raw",,Mango and papaya,Global,vegan,1 slice/chunk,25.0,60,0.8,15.0,0.4,1.6,13.7,1,15,0.2,3.7,0.1,low_calorie|low_fat|diet_friendly,USDA FoodData Central - FNDDS 2021-2023,2709242
usda-fndds-2709246,"Papaya, raw",,Mango and papaya,Global,vegan,1 slice/chunk,40.0,43,0.5,10.8,0.3,1.7,7.8,8,17,0.2,4.3,0.1,low_calorie|low_fat|diet_friendly,USDA FoodData Central - FNDDS 2021-2023,2709246
usda-fndds-2709249,"Peach, raw",,Peaches and nectarines,Global,vegan,1 fruit,150.0,46,0.9,10.1,0.3,1.5,8.4,13,69,1.4,15.2,0.4,low_calorie|low_fat|diet_friendly,USDA FoodData Central - FNDDS 2021-2023,2709249
usda-fndds-2709245,"Nectarine, raw",,Peaches and nectarines,Global,vegan,1 fruit,140.0,43,1.1,9.2,0.3,1.5,7.9,13,60,1.5,12.9,0.4,low_calorie|low_fat|diet_friendly,USDA FoodData Central - FNDDS 2021-2023,2709245
usda-fndds-2709254,"Pear, raw",,Pears,Global,vegan,1 fruit,180.0,59,0.4,15.2,0.1,3.1,9.7,3,106,0.7,27.3,0.3,low_calorie|high_fiber|low_fat|diet_friendly,USDA FoodData Central - FNDDS 2021-2023,2709254
usda-fndds-2709255,"Pear, Asian, raw",,Pears,Global,vegan,1 fruit,275.0,42,0.5,10.7,0.2,3.6,7.0,0,116,1.4,29.3,0.6,low_calorie|high_fiber|low_fat|diet_friendly,USDA FoodData Central - FNDDS 2021-2023,2709255
usda-fndds-2709260,"Pineapple, raw",,Pineapple,Global,vegan,1 slice,56.0,60,0.5,14.1,0.2,0.9,11.4,0,34,0.3,7.9,0.1,low_calorie|low_fat|diet_friendly,USDA FoodData Central - FNDDS 2021-2023,2709260
usda-fndds-2709280,Cranberry sauce,,Blueberries and other berries,Global,vegan,1 slice,50.0,159,0.9,40.4,0.1,1.1,31.8,5,80,0.5,20.2,0.1,low_fat|high_sugar,USDA FoodData Central - FNDDS 2021-2023,2709280
usda-fndds-2709271,"Berries, NFS",,Blueberries and other berries,Global,vegan,1 cup,150.0,44,0.7,9.9,0.2,2.0,6.2,0,66,1.0,14.9,0.4,low_calorie|low_fat|diet_friendly,USDA FoodData Central - FNDDS 2021-2023,2709271
usda-fndds-2709275,"Blueberries, raw",,Blueberries and other berries,Global,vegan,1 cup,150.0,64,0.7,14.6,0.3,2.4,9.4,0,96,1.1,21.9,0.5,low_calorie|low_fat|diet_friendly,USDA FoodData Central - FNDDS 2021-2023,2709275
usda-fndds-2709279,"Cranberries, raw",,Blueberries and other berries,Global,vegan,1 cup,100.0,46,0.5,12.0,0.1,3.6,4.3,2,46,0.5,12.0,0.1,low_calorie|low_fat|diet_friendly,USDA FoodData Central - FNDDS 2021-2023,2709279
usda-fndds-2709283,"Strawberries, raw",,Strawberries,Global,vegan,1 cup,150.0,36,0.6,8.0,0.2,1.8,4.9,0,54,1.0,11.9,0.3,low_calorie|low_fat|diet_friendly,USDA FoodData Central - FNDDS 2021-2023,2709283
usda-fndds-2710315,Yokan,,"Gelatins, ices, sorbets",Global,vegan,1 oz,28.4,133,2.4,30.6,0.2,2.0,24.7,119,38,0.7,8.7,0.1,low_calorie|low_fat|high_sugar,USDA FoodData Central - FNDDS 2021-2023,2710315
usda-fndds-2709314,Sorbet,,"Gelatins, ices, sorbets",Global,vegan,1 cup,200.0,110,0.8,27.1,0.1,0.5,25.8,13,220,1.6,54.2,0.1,low_fat|high_sugar,USDA FoodData Central - FNDDS 2021-2023,2709314
usda-fndds-2710320,Popsicle,,"Gelatins, ices, sorbets",Global,vegan,1 single stick,50.0,79,0.0,19.2,0.2,0.0,13.7,7,40,0.0,9.6,0.1,low_calorie|low_fat|diet_friendly,USDA FoodData Central - FNDDS 2021-2023,2710320
usda-fndds-2710323,Snow cone,,"Gelatins, ices, sorbets",Global,vegan,1 cup,130.0,128,0.4,32.6,0.0,0.0,32.6,22,166,0.5,42.4,0.0,low_fat|high_sugar,USDA FoodData Central - FNDDS 2021-2023,2710323
usda-fndds-2709319,Apple cider,,Apple juice,Global,vegan,1 fl oz (no ice),31.0,46,0.1,11.3,0.1,0.2,9.6,4,14,0.0,3.5,0.0,low_calorie|low_fat|diet_friendly,USDA FoodData Central - FNDDS 2021-2023,2709319
usda-fndds-2709320,"Apple juice, 100%",,Apple juice,Global,vegan,1 bottle (10 fl oz),310.0,48,0.1,11.3,0.2,0.2,10.1,5,149,0.3,35.2,0.8,low_calorie|low_fat|diet_friendly,USDA FoodData Central - FNDDS 2021-2023,2709320
usda-fndds-2709321,"Apple juice, 100%, with calcium added",,Apple juice,Global,vegan,1 fl oz (no ice),31.0,48,0.1,11.5,0.2,0.3,9.5,5,15,0.0,3.6,0.1,low_calorie|low_fat|diet_friendly,USDA FoodData Central - FNDDS 2021-2023,2709321
usda-fndds-2709382,"Potato, NFS",,"White potatoes, baked or boiled",Global,vegan,1 baby potato,60.0,126,1.9,20.4,4.2,1.4,1.6,166,76,1.1,12.3,2.5,low_calorie,USDA FoodData Central - FNDDS 2021-2023,2709382
usda-fndds-2709383,"Potato, baked, NFS",,"White potatoes, baked or boiled",Global,vegan,1 small,230.0,93,1.9,21.4,0.1,1.5,1.7,181,214,4.5,49.3,0.2,low_fat,USDA FoodData Central - FNDDS 2021-2023,2709383
usda-fndds-2709385,"Potato, boiled, NFS",,"White potatoes, baked or boiled",Global,vegan,1 baby potato,60.0,126,1.9,20.4,4.2,1.4,1.6,166,76,1.1,12.3,2.5,low_calorie,USDA FoodData Central - FNDDS 2021-2023,2709385
usda-fndds-2709402,"Potato, roasted, NFS",,"White potatoes, baked or boiled",Global,vegan,1 baby potato,60.0,126,1.9,20.4,4.2,1.4,1.6,166,76,1.1,12.3,2.5,low_calorie,USDA FoodData Central - FNDDS 2021-2023,2709402
usda-fndds-2709524,"Potato, baked, peel eaten",,"White potatoes, baked or boiled",Global,vegan,1 small,230.0,93,2.5,21.1,0.1,2.2,1.2,186,214,5.7,48.4,0.3,high_fiber|low_fat,USDA FoodData Central - FNDDS 2021-2023,2709524
usda-fndds-2709384,"Potato, baked, peel not eaten",,"White potatoes, baked or boiled",Global,vegan,1 small,230.0,93,1.9,21.4,0.1,1.5,1.7,181,214,4.5,49.3,0.2,low_fat,USDA FoodData Central - FNDDS 2021-2023,2709384
usda-fndds-2709386,"Potato, boiled, ready-to-heat",,"White potatoes, baked or boiled",Global,vegan,1 baby potato,60.0,126,1.9,20.4,4.2,1.4,1.6,166,76,1.1,12.3,2.5,low_calorie,USDA FoodData Central - FNDDS 2021-2023,2709386
usda-fndds-2709415,"Potato, roasted, ready-to-heat",,"White potatoes, baked or boiled",Global,vegan,1 baby potato,60.0,126,1.9,20.4,4.2,1.4,1.6,166,76,1.1,12.3,2.5,low_calorie,USDA FoodData Central - FNDDS 2021-2023,2709415
usda-fndds-2709553,Lefse,,Mashed potatoes and white potato mixtures,Global,vegetarian,1 item,80.0,218,4.4,36.4,6.3,2.0,2.3,172,174,3.5,29.1,5.1,,USDA FoodData Central - FNDDS 2021-2023,2709553
usda-fndds-2709552,Potato pancake,,Mashed potatoes and white potato mixtures,Global,eggetarian,1 small pancake,25.0,196,4.5,20.6,10.8,2.2,1.1,402,49,1.1,5.2,2.7,,USDA FoodData Central - FNDDS 2021-2023,2709552
usda-fndds-2709554,Stewed potatoes,,Mashed potatoes and white potato mixtures,Global,vegan,1 cup,250.0,103,2.0,16.3,3.4,2.1,1.0,147,258,5.0,40.7,8.5,high_fiber|diet_friendly,USDA FoodData Central - FNDDS 2021-2023,2709554
usda-fndds-2709555,Stewed potatoes with tomatoes,,Mashed potatoes and white potato mixtures,Global,vegan,1 cup,250.0,87,1.7,12.9,3.3,1.9,1.7,146,218,4.3,32.2,8.2,,USDA FoodData Central - FNDDS 2021-2023,2709555
usda-fndds-2709541,"Potato salad, German style",,Mashed potatoes and white potato mixtures,Global,non_vegetarian,1 cup,175.0,108,2.9,17.2,3.2,1.9,1.5,181,189,5.1,30.0,5.6,,USDA FoodData Central - FNDDS 2021-2023,2709541
usda-fndds-2709543,"Potato salad, made with mayonnaise",,Mashed potatoes and white potato mixtures,Global,eggetarian,100 g,100.0,168,1.5,15.8,11.1,1.5,1.3,179,168,1.5,15.8,11.1,,USDA FoodData Central - FNDDS 2021-2023,2709543
usda-fndds-2709510,Potato patty,,French fries and other fried white potatoes,Global,eggetarian,1 patty,55.0,171,3.9,13.5,11.3,1.5,1.5,219,94,2.1,7.4,6.2,,USDA FoodData Central - FNDDS 2021-2023,2709510
usda-fndds-2709488,Potato skins without topping,,French fries and other fried white potatoes,Global,vegan,Skin from 1 small,25.0,151,2.1,19.5,7.5,1.8,1.2,363,38,0.5,4.9,1.9,,USDA FoodData Central - FNDDS 2021-2023,2709488
usda-fndds-2709511,"Potato tots, NFS",,French fries and other fried white potatoes,Global,vegan,1 cup,130.0,237,1.9,24.4,15.5,2.3,0.3,421,308,2.5,31.7,20.1,,USDA FoodData Central - FNDDS 2021-2023,2709511
usda-fndds-2709491,"Potato skins, NFS",,French fries and other fried white potatoes,Global,vegetarian,Skin from 1 small,25.0,199,6.1,16.3,12.4,1.5,1.1,417,50,1.5,4.1,3.1,,USDA FoodData Central - FNDDS 2021-2023,2709491
usda-fndds-2709568,Fufu,,Other starchy vegetables,Global,vegan,"1 cup, cooked",240.0,166,1.5,33.6,3.0,3.1,1.1,143,398,3.6,80.6,7.2,high_fiber|low_fat|diet_friendly,USDA FoodData Central - FNDDS 2021-2023,2709568
usda-fndds-2710003,Water Chesnut,,Other starchy vegetables,Global,vegan,1 cup,158.0,78,1.4,19.2,0.1,3.9,3.8,12,123,2.2,30.4,0.1,low_calorie|high_fiber|low_fat|diet_friendly,USDA FoodData Central - FNDDS 2021-2023,2710003
usda-fndds-2709567,"Taro, cooked",,Other starchy vegetables,Global,vegan,1 cup,160.0,141,1.6,27.6,3.0,4.3,0.4,142,226,2.5,44.1,4.7,high_fiber|low_fat|diet_friendly,USDA FoodData Central - FNDDS 2021-2023,2709567
usda-fndds-2709560,"Plantain, raw",,Other starchy vegetables,Global,vegan,1 whole,180.0,122,1.3,31.9,0.3,1.7,17.5,4,220,2.3,57.4,0.6,low_fat|high_sugar,USDA FoodData Central - FNDDS 2021-2023,2709560
usda-fndds-2709564,"Cassava, cooked",,Other starchy vegetables,Global,vegan,1 cup,160.0,191,1.4,39.6,3.0,1.9,1.8,145,306,2.3,63.4,4.8,,USDA FoodData Central - FNDDS 2021-2023,2709564
usda-fndds-2709797,"Green peas, raw",,Other starchy vegetables,Global,vegan,1 cup,145.0,81,5.4,14.4,0.4,5.7,5.7,5,117,7.9,21.0,0.6,low_calorie|high_fiber|low_fat|diet_friendly,USDA FoodData Central - FNDDS 2021-2023,2709797
usda-fndds-2709879,"Breadfruit, cooked",,Other starchy vegetables,Global,vegan,1 piece,35.0,123,1.0,26.3,2.8,4.7,10.7,123,43,0.4,9.2,1.0,low_calorie|low_fat|diet_friendly,USDA FoodData Central - FNDDS 2021-2023,2709879
usda-fndds-2709559,"Plantain, cooked with oil",,Other starchy vegetables,Global,vegan,1 slice,25.0,144,1.3,30.9,3.2,1.6,16.9,116,36,0.3,7.7,0.8,low_calorie|high_sugar,USDA FoodData Central - FNDDS 2021-2023,2709559
usda-fndds-2709562,"Plantain, cooked with butter or margarine",,Other starchy vegetables,Global,vegetarian,1 slice,25.0,138,1.3,30.9,2.5,1.6,17.0,133,34,0.3,7.7,0.6,low_calorie|low_fat|high_sugar,USDA FoodData Central - FNDDS 2021-2023,2709562
usda-fndds-2709558,"Plantain, cooked, no added fat",,Other starchy vegetables,Global,vegan,1 slice,25.0,122,1.3,31.8,0.3,1.7,17.5,120,30,0.3,8.0,0.1,low_calorie|low_fat|high_sugar,USDA FoodData Central - FNDDS 2021-2023,2709558
usda-fndds-2709966,"Green peas, fresh, cooked with oil",,Other starchy vegetables,Global,vegan,1 cup,165.0,109,5.5,14.6,3.4,5.7,5.7,122,180,9.0,24.0,5.7,high_fiber|diet_friendly,USDA FoodData Central - FNDDS 2021-2023,2709966
usda-fndds-2710026,"Peas and corn, cooked, no added fat",,Other starchy vegetables,Global,vegan,1 cup,160.0,79,3.8,16.7,0.5,3.4,3.7,152,126,6.1,26.8,0.8,low_calorie|high_fiber|low_fat|diet_friendly,USDA FoodData Central - FNDDS 2021-2023,2710026
usda-fndds-2709565,Yuca fries,,Fried vegetables,Global,vegan,1 cup,140.0,269,1.2,34.7,13.9,1.6,1.6,154,377,1.7,48.6,19.5,,USDA FoodData Central - FNDDS 2021-2023,2709565
usda-fndds-2710054,Fried okra,,Fried vegetables,Global,vegan,1 cup,90.0,219,3.9,22.4,12.8,1.6,1.4,316,197,3.5,20.1,11.6,,USDA FoodData Central - FNDDS 2021-2023,2710054
usda-fndds-2709656,Fried broccoli,,Fried vegetables,Global,vegan,1 cup,85.0,223,4.3,22.4,12.9,1.7,0.9,329,190,3.6,19.0,10.9,,USDA FoodData Central - FNDDS 2021-2023,2709656
usda-fndds-2710048,Fried eggplant,,Fried vegetables,Global,vegan,100 g,100.0,218,3.7,22.3,12.8,2.0,1.8,315,218,3.7,22.3,12.8,,USDA FoodData Central - FNDDS 2021-2023,2710048
usda-fndds-2710053,Fried mushrooms,,Fried vegetables,Global,vegan,1 whole,20.0,222,4.6,21.9,12.9,1.6,1.3,317,44,0.9,4.4,2.6,,USDA FoodData Central - FNDDS 2021-2023,2710053
usda-fndds-2709715,Sweet potato tots,,Fried vegetables,Global,vegan,1 cup,130.0,191,2.3,37.3,9.3,6.0,13.5,315,248,2.9,48.5,12.2,high_fiber|diet_friendly,USDA FoodData Central - FNDDS 2021-2023,2709715
usda-fndds-2709643,"Broccoli, raw",,Broccoli,Global,vegan,1 cup,90.0,39,2.6,6.3,0.3,2.4,1.4,36,35,2.3,5.6,0.3,low_calorie|low_fat|diet_friendly,USDA FoodData Central - FNDDS 2021-2023,2709643
usda-fndds-2709572,"Broccoli raab, raw",,Broccoli,Global,vegan,1 cup,40.0,22,3.2,2.9,0.5,2.7,0.4,33,9,1.3,1.1,0.2,low_calorie|low_fat|diet_friendly,USDA FoodData Central - FNDDS 2021-2023,2709572
usda-fndds-2709573,"Broccoli raab, cooked",,Broccoli,Global,vegan,1 cup,170.0,46,3.2,2.9,3.1,2.7,0.4,159,78,5.4,4.9,5.4,low_calorie,USDA FoodData Central - FNDDS 2021-2023,2709573
usda-fndds-2709657,"Broccoli, chinese, raw",,Broccoli,Global,vegan,1 cup,36.0,26,1.2,4.7,0.8,2.6,0.9,7,9,0.4,1.7,0.3,low_calorie|low_fat|diet_friendly,USDA FoodData Central - FNDDS 2021-2023,2709657
usda-fndds-2709658,"Broccoli, Chinese, cooked",,Broccoli,Global,vegan,1 cup,88.0,50,1.2,4.7,3.4,2.6,0.9,133,44,1.1,4.2,3.0,low_calorie,USDA FoodData Central - FNDDS 2021-2023,2709658
usda-fndds-2709650,"Broccoli, fresh, cooked with oil",,Broccoli,Global,vegan,1 cup,160.0,67,2.6,6.3,3.4,2.4,1.4,153,107,4.1,10.1,5.4,low_calorie,USDA FoodData Central - FNDDS 2021-2023,2709650
usda-fndds-2709789,"Lettuce, raw",,Lettuce and lettuce salads,Global,vegan,1 cup,35.0,20,0.9,3.7,0.1,1.3,1.1,23,7,0.3,1.3,0.0,low_calorie|low_fat|diet_friendly,USDA FoodData Central - FNDDS 2021-2023,2709789
usda-fndds-2709613,"Radicchio, raw",,Lettuce and lettuce salads,Global,vegan,1 cup,40.0,23,1.4,4.5,0.2,0.9,0.6,22,9,0.6,1.8,0.1,low_calorie|low_fat|diet_friendly,USDA FoodData Central - FNDDS 2021-2023,2709613
usda-fndds-2709949,"Lettuce, cooked",,Lettuce and lettuce salads,Global,vegan,1 cup,86.0,49,1.1,4.2,3.1,1.5,1.3,169,42,0.9,3.6,2.7,low_calorie,USDA FoodData Central - FNDDS 2021-2023,2709949
usda-fndds-2709590,"Romaine lettuce, raw",,Lettuce and lettuce salads,Global,vegan,1 cup,35.0,21,1.0,4.1,0.1,1.8,1.2,23,7,0.3,1.4,0.0,low_calorie|low_fat|diet_friendly,USDA FoodData Central - FNDDS 2021-2023,2709590
usda-fndds-2709792,"Mixed salad greens, raw",,Lettuce and lettuce salads,Global,vegan,1 cup,35.0,21,1.3,3.4,0.2,1.4,1.0,41,7,0.5,1.2,0.1,low_calorie|low_fat|diet_friendly,USDA FoodData Central - FNDDS 2021-2023,2709792
usda-fndds-2709790,"Lettuce, Boston, raw",,Lettuce and lettuce salads,Global,vegan,1 head,163.0,18,0.9,3.3,0.1,0.9,0.5,25,29,1.4,5.3,0.2,low_calorie|low_fat|diet_friendly,USDA FoodData Central - FNDDS 2021-2023,2709790
usda-fndds-2709614,"Spinach, raw",,Spinach,Global,vegan,1 cup,25.0,27,2.9,2.4,0.6,1.6,0.4,111,7,0.7,0.6,0.2,low_calorie|low_fat|diet_friendly,USDA FoodData Central - FNDDS 2021-2023,2709614
usda-fndds-2709628,"Spinach, creamed",,Spinach,Global,vegetarian,1 cup,200.0,90,2.4,6.1,6.1,1.2,0.8,450,180,4.8,12.2,12.2,,USDA FoodData Central - FNDDS 2021-2023,2709628
usda-fndds-2709618,"Spinach, fresh, cooked with oil",,Spinach,Global,vegan,1 cup,185.0,63,3.3,3.0,4.1,1.8,0.5,254,117,6.1,5.6,7.6,low_calorie,USDA FoodData Central - FNDDS 2021-2023,2709618
usda-fndds-2709619,"Spinach, fresh, cooked with butter or margarine",,Spinach,Global,vegetarian,1 cup,185.0,55,3.3,3.0,3.3,1.8,0.5,274,102,6.2,5.6,6.0,low_calorie,USDA FoodData Central - FNDDS 2021-2023,2709619
usda-fndds-2709615,"Spinach, fresh, cooked, no added fat",,Spinach,Global,vegan,1 cup,180.0,33,3.4,3.1,0.7,1.9,0.5,262,59,6.1,5.6,1.3,low_calorie|low_fat|diet_friendly,USDA FoodData Central - FNDDS 2021-2023,2709615
usda-fndds-2709660,"Carrots, raw",,Carrots,Global,vegan,1 cup,120.0,44,0.9,9.7,0.2,2.9,4.8,75,53,1.0,11.6,0.3,low_calorie|low_fat|diet_friendly,USDA FoodData Central - FNDDS 2021-2023,2709660
usda-fndds-2709677,"Carrots, glazed, cooked",,Carrots,Global,vegetarian,1 cup,160.0,97,0.9,17.3,2.8,2.9,12.1,214,155,1.4,27.7,4.4,low_fat,USDA FoodData Central - FNDDS 2021-2023,2709677
usda-fndds-2709667,"Carrots, fresh, cooked with oil",,Carrots,Global,vegan,1 cup,160.0,76,0.9,10.4,3.4,3.1,4.8,205,122,1.5,16.6,5.4,low_calorie|diet_friendly,USDA FoodData Central - FNDDS 2021-2023,2709667
usda-fndds-2709668,"Carrots, fresh, cooked with butter or margarine",,Carrots,Global,vegetarian,1 cup,160.0,69,1.0,10.4,2.6,3.1,4.8,223,110,1.5,16.6,4.2,low_calorie|low_fat|diet_friendly,USDA FoodData Central - FNDDS 2021-2023,2709668
usda-fndds-2709664,"Carrots, fresh, cooked, no added fat",,Carrots,Global,vegan,1 cup,155.0,50,1.0,10.7,0.4,3.2,4.9,211,78,1.5,16.5,0.6,low_calorie|low_fat|diet_friendly,USDA FoodData Central - FNDDS 2021-2023,2709664
usda-fndds-2709682,Beet juice,,Vegetable juice,Global,vegan,1 fl oz (no ice),31.0,25,0.7,5.9,0.1,1.1,4.8,19,8,0.2,1.8,0.0,low_calorie|low_fat|diet_friendly,USDA FoodData Central - FNDDS 2021-2023,2709682
usda-fndds-2709811,Celery juice,,Vegetable juice,Global,vegan,1 cup,236.0,17,0.5,3.3,0.2,1.6,1.3,97,40,1.2,7.8,0.4,low_calorie|low_fat|diet_friendly,USDA FoodData Central - FNDDS 2021-2023,2709811
usda-fndds-2709730,Tomato juice cocktail,,Vegetable juice,Global,vegan,1 fl oz (no ice),31.0,22,0.9,3.9,0.3,0.5,2.8,169,7,0.3,1.2,0.1,low_calorie|low_fat,USDA FoodData Central - FNDDS 2021-2023,2709730
usda-fndds-2709692,"Pumpkin, cooked",,Other red and orange vegetables,Global,vegan,1 cup,230.0,52,1.1,6.8,2.8,0.5,2.9,131,120,2.4,15.6,6.5,low_calorie|low_fat,USDA FoodData Central - FNDDS 2021-2023,2709692
usda-fndds-2709697,"Sweet potato, NFS",,Other red and orange vegetables,Global,vegan,1 small,80.0,115,1.6,17.1,4.5,3.0,6.0,161,92,1.3,13.7,3.6,low_calorie|diet_friendly,USDA FoodData Central - FNDDS 2021-2023,2709697
usda-fndds-2709693,"Winter squash, raw",,Other red and orange vegetables,Global,vegan,1 cup,140.0,26,1.0,6.5,0.1,0.5,2.8,1,36,1.4,9.1,0.1,low_calorie|low_fat|diet_friendly,USDA FoodData Central - FNDDS 2021-2023,2709693
usda-fndds-2709704,"Sweet potato, candied",,Other red and orange vegetables,Global,vegan,1 piece,45.0,187,1.2,37.7,3.5,2.2,29.4,121,84,0.5,17.0,1.6,high_sugar,USDA FoodData Central - FNDDS 2021-2023,2709704
usda-fndds-2710001,"Spaghetti squash, cooked",,Other red and orange vegetables,Global,vegan,1 cup,155.0,49,0.7,6.3,2.8,1.4,2.5,138,76,1.0,9.7,4.3,low_calorie|low_fat,USDA FoodData Central - FNDDS 2021-2023,2710001
usda-fndds-2709708,"Sweet potato, casserole or mashed",,Other red and orange vegetables,Global,vegetarian,1 cup,250.0,99,1.9,17.2,2.6,2.4,8.1,132,248,4.7,43.0,6.4,high_fiber|low_fat|diet_friendly,USDA FoodData Central - FNDDS 2021-2023,2709708
usda-fndds-2709977,"Peppers, red, cooked",,Other red and orange vegetables,Global,vegan,1 miniature,30.0,55,0.9,6.7,2.8,1.2,4.2,126,16,0.3,2.0,0.8,low_calorie|low_fat,USDA FoodData Central - FNDDS 2021-2023,2709977
usda-fndds-2709699,"Sweet potato, baked, no added fat",,Other red and orange vegetables,Global,vegan,1 small,80.0,82,1.6,18.0,0.4,3.1,6.3,154,66,1.3,14.4,0.3,low_calorie|low_fat|diet_friendly,USDA FoodData Central - FNDDS 2021-2023,2709699
usda-fndds-2709727,Sun-dried tomatoes,,Tomatoes,Global,vegan,1 cup,55.0,258,14.1,55.8,3.0,12.3,37.6,107,142,7.8,30.7,1.6,high_fiber|low_fat|high_sugar,USDA FoodData Central - FNDDS 2021-2023,2709727
usda-fndds-2709719,"Tomatoes, raw",,Tomatoes,Global,vegan,1 slice,20.0,20,0.8,4.0,0.3,1.2,2.6,4,4,0.2,0.8,0.1,low_calorie|low_fat|diet_friendly,USDA FoodData Central - FNDDS 2021-2023,2709719
usda-fndds-2709721,"Tomatoes, fresh, cooked",,Tomatoes,Global,vegan,1 whole,110.0,50,1.1,4.7,3.4,1.5,3.2,157,55,1.2,5.2,3.8,low_calorie,USDA FoodData Central - FNDDS 2021-2023,2709721
usda-fndds-2709769,"Green beans, raw",,String beans,Global,vegan,1 cup,100.0,40,2.0,7.4,0.3,3.0,2.3,0,40,2.0,7.4,0.3,low_calorie|low_fat|diet_friendly,USDA FoodData Central - FNDDS 2021-2023,2709769
usda-fndds-2709870,"Yellow string beans, cooked",,String beans,Global,vegan,1 cup,145.0,50,1.4,6.2,2.7,2.9,1.8,130,72,2.1,9.1,3.9,low_calorie|low_fat,USDA FoodData Central - FNDDS 2021-2023,2709870
usda-fndds-2709859,"Green beans, fresh, cooked with oil",,String beans,Global,vegan,1 cup,145.0,68,2.0,7.5,3.3,3.0,2.4,117,99,2.9,10.8,4.8,low_calorie|diet_friendly,USDA FoodData Central - FNDDS 2021-2023,2709859
usda-fndds-2709860,"Green beans, fresh, cooked with butter or margarine",,String beans,Global,vegetarian,1 cup,145.0,61,2.0,7.5,2.6,3.0,2.4,135,88,2.9,10.8,3.7,low_calorie|low_fat|diet_friendly,USDA FoodData Central - FNDDS 2021-2023,2709860
usda-fndds-2709852,"Green beans, fresh, cooked, no added fat",,String beans,Global,vegan,1 cup,140.0,42,2.0,7.7,0.3,3.1,2.4,121,59,2.9,10.8,0.4,low_calorie|low_fat|diet_friendly,USDA FoodData Central - FNDDS 2021-2023,2709852
usda-fndds-2709775,"Cabbage, red, raw",,Cabbage,Global,vegan,1 cup,90.0,34,1.2,6.8,0.2,2.1,3.8,12,31,1.1,6.1,0.2,low_calorie|low_fat|diet_friendly,USDA FoodData Central - FNDDS 2021-2023,2709775
usda-fndds-2709773,"Cabbage, green, raw",,Cabbage,Global,vegan,1 cup,90.0,31,1.0,6.4,0.2,2.5,3.2,16,28,0.9,5.7,0.2,low_calorie|low_fat|diet_friendly,USDA FoodData Central - FNDDS 2021-2023,2709773
usda-fndds-2709893,"Cabbage, red, cooked",,Cabbage,Global,vegan,1 cup,155.0,58,1.3,6.8,2.9,2.1,3.9,138,90,2.0,10.6,4.4,low_calorie|low_fat|diet_friendly,USDA FoodData Central - FNDDS 2021-2023,2709893
usda-fndds-2709774,"Cabbage, Chinese, raw",,Cabbage,Global,vegan,1 cup,90.0,13,1.5,2.2,0.2,1.0,1.2,65,12,1.4,2.0,0.2,low_calorie|low_fat|diet_friendly,USDA FoodData Central - FNDDS 2021-2023,2709774
usda-fndds-2709894,"Cabbage, savoy, cooked",,Cabbage,Global,vegan,1 cup,155.0,51,2.0,6.2,2.8,3.1,2.3,154,79,3.1,9.5,4.3,low_calorie|low_fat,USDA FoodData Central - FNDDS 2021-2023,2709894
usda-fndds-2709891,"Cabbage, green, cooked with oil",,Cabbage,Global,vegan,1 cup,155.0,58,1.0,6.4,3.3,2.5,3.2,133,90,1.5,10.0,5.1,low_calorie,USDA FoodData Central - FNDDS 2021-2023,2709891
usda-fndds-2709783,"Corn, raw",,Corn,Global,vegan,1 cup,150.0,86,3.3,18.7,1.4,2.0,6.3,15,129,4.9,28.1,2.0,low_fat,USDA FoodData Central - FNDDS 2021-2023,2709783
usda-fndds-2709923,"Corn, creamed",,Corn,Global,vegetarian,1 cup,250.0,72,1.7,18.1,0.4,1.2,3.2,261,180,4.3,45.3,1.1,low_calorie|low_fat,USDA FoodData Central - FNDDS 2021-2023,2709923
usda-fndds-2709917,"Corn, fresh, cooked with oil",,Corn,Global,vegan,1 cup,170.0,109,3.2,18.1,4.2,1.9,6.1,127,185,5.4,30.8,7.2,,USDA FoodData Central - FNDDS 2021-2023,2709917
usda-fndds-2709918,"Corn, fresh, cooked with butter or margarine",,Corn,Global,vegetarian,1 cup,170.0,103,3.2,18.1,3.5,1.9,6.1,144,175,5.4,30.8,6.0,,USDA FoodData Central - FNDDS 2021-2023,2709918
usda-fndds-2709910,"Corn, fresh, cooked, no added fat",,Corn,Global,vegan,1 cup,165.0,86,3.3,18.6,1.4,2.0,6.2,131,142,5.4,30.8,2.2,low_fat,USDA FoodData Central - FNDDS 2021-2023,2709910
usda-fndds-2709935,Leeks,,Onions,Global,vegan,1 whole,85.0,88,1.6,14.7,3.0,1.9,4.1,151,75,1.3,12.5,2.6,low_calorie|diet_friendly,USDA FoodData Central - FNDDS 2021-2023,2709935
usda-fndds-2709795,"Onions, raw",,Onions,Global,vegan,1 cup,160.0,38,0.9,8.5,0.1,1.7,5.8,1,61,1.4,13.5,0.1,low_calorie|low_fat|diet_friendly,USDA FoodData Central - FNDDS 2021-2023,2709795
usda-fndds-2709794,"Onions, green, raw",,Onions,Global,vegan,1 cup,100.0,32,1.8,7.3,0.2,2.6,2.3,16,32,1.8,7.3,0.2,low_calorie|low_fat|diet_friendly,USDA FoodData Central - FNDDS 2021-2023,2709794
usda-fndds-2709952,"Onions, pearl, cooked",,Onions,Global,vegan,1 cup,185.0,50,0.7,6.5,2.6,1.4,2.8,129,92,1.3,12.0,4.8,low_calorie|low_fat,USDA FoodData Central - FNDDS 2021-2023,2709952
usda-fndds-2710077,Kimchi,,"Olives, pickles, pickled vegetables",Global,vegan,1 cup,150.0,15,1.1,2.4,0.5,1.6,1.1,498,22,1.6,3.6,0.8,low_calorie|low_fat|diet_friendly,USDA FoodData Central - FNDDS 2021-2023,2710077
usda-fndds-2709982,Sauerkraut,,"Olives, pickles, pickled vegetables",Global,vegan,1 cup,140.0,40,0.9,4.2,2.5,2.8,1.7,659,56,1.3,5.8,3.5,low_calorie|low_fat|high_sodium,USDA FoodData Central - FNDDS 2021-2023,2709982
usda-fndds-2710092,Olive tapenade,,"Olives, pickles, pickled vegetables",Global,vegan,1 tablespoon,16.0,282,0.7,4.2,30.1,1.8,0.2,835,45,0.1,0.7,4.8,high_sodium,USDA FoodData Central - FNDDS 2021-2023,2710092
usda-fndds-2710088,"Olives, NFS",,"Olives, pickles, pickled vegetables",Global,vegan,1 cup,135.0,116,0.8,6.0,10.9,1.6,0.0,735,157,1.1,8.2,14.7,high_sodium,USDA FoodData Central - FNDDS 2021-2023,2710088
usda-fndds-2710073,"Relish, corn",,"Olives, pickles, pickled vegetables",Global,vegan,1 tablespoon,15.0,111,1.7,25.7,0.9,1.5,18.4,336,17,0.3,3.9,0.1,low_calorie|low_fat|high_sugar,USDA FoodData Central - FNDDS 2021-2023,2710073
usda-fndds-2710097,"Pickles, NFS",,"Olives, pickles, pickled vegetables",Global,vegan,1 regular,80.0,14,0.5,2.0,0.4,1.0,1.3,808,11,0.4,1.6,0.3,low_calorie|low_fat|high_sodium,USDA FoodData Central - FNDDS 2021-2023,2710097
usda-fndds-2710078,"Pickles, dill",,"Olives, pickles, pickled vegetables",Global,vegan,1 regular,80.0,14,0.5,2.0,0.4,1.0,1.3,808,11,0.4,1.6,0.3,low_calorie|low_fat|high_sodium,USDA FoodData Central - FNDDS 2021-2023,2710078
usda-fndds-2710089,"Olives, green",,"Olives, pickles, pickled vegetables",Global,vegan,1 cup,135.0,145,1.0,3.8,15.3,3.3,0.5,1556,196,1.4,5.2,20.7,high_sodium,USDA FoodData Central - FNDDS 2021-2023,2710089
usda-fndds-2710183,Corn oil,,Salad dressings and vegetable oils,Global,vegan,1 tablespoon,14.0,900,0.0,0.0,100.0,0.0,0.0,0,126,0.0,0.0,14.0,,USDA FoodData Central - FNDDS 2021-2023,2710183
usda-fndds-2710186,Olive oil,,Salad dressings and vegetable oils,Global,vegan,1 tablespoon,14.0,900,0.0,0.0,100.0,0.0,0.0,2,126,0.0,0.0,14.0,,USDA FoodData Central - FNDDS 2021-2023,2710186
usda-fndds-2710181,Almond oil,,Salad dressings and vegetable oils,Global,vegan,1 tablespoon,14.0,884,0.0,0.0,100.0,0.0,0.0,0,124,0.0,0.0,14.0,,USDA FoodData Central - FNDDS 2021-2023,2710181
usda-fndds-2710187,Peanut oil,,Salad dressings and vegetable oils,Global,vegan,1 tablespoon,14.0,900,0.0,0.0,100.0,0.0,0.0,0,126,0.0,0.0,14.0,,USDA FoodData Central - FNDDS 2021-2023,2710187
usda-fndds-2710188,Canola oil,,Salad dressings and vegetable oils,Global,vegan,1 tablespoon,14.0,900,0.0,0.0,100.0,0.0,0.0,0,126,0.0,0.0,14.0,,USDA FoodData Central - FNDDS 2021-2023,2710188
usda-fndds-2710190,Sesame oil,,Salad dressings and vegetable oils,Global,vegan,1 tablespoon,14.0,884,0.0,0.0,100.0,0.0,0.0,0,124,0.0,0.0,14.0,,USDA FoodData Central - FNDDS 2021-2023,2710190
usda-fndds-2710193,Walnut oil,,Salad dressings and vegetable oils,Global,vegan,1 tablespoon,14.0,884,0.0,0.0,100.0,0.0,0.0,0,124,0.0,0.0,14.0,,USDA FoodData Central - FNDDS 2021-2023,2710193
usda-fndds-2710182,Coconut oil,,Salad dressings and vegetable oils,Global,vegan,1 tablespoon,14.0,895,0.0,0.8,99.1,0.0,0.0,0,125,0.0,0.1,13.9,,USDA FoodData Central - FNDDS 2021-2023,2710182
usda-fndds-2710191,Soybean oil,,Salad dressings and vegetable oils,Global,vegan,1 tablespoon,14.0,900,0.0,0.0,100.0,0.0,0.0,0,126,0.0,0.0,14.0,,USDA FoodData Central - FNDDS 2021-2023,2710191
usda-fndds-2710185,Flaxseed oil,,Salad dressings and vegetable oils,Global,vegan,1 tablespoon,14.0,884,0.1,0.0,100.0,0.0,0.0,0,124,0.0,0.0,14.0,,USDA FoodData Central - FNDDS 2021-2023,2710185
usda-fndds-2710281,Honey,,Sugars and honey,Global,vegetarian,1 tablespoon,20.0,304,0.3,82.4,0.0,0.2,82.1,4,61,0.1,16.5,0.0,low_fat|high_sugar,USDA FoodData Central - FNDDS 2021-2023,2710281
usda-fndds-2710283,Molasses,,Sugars and honey,Global,vegan,1 tablespoon,20.0,290,0.0,74.7,0.1,0.0,74.7,37,58,0.0,14.9,0.0,low_fat|high_sugar,USDA FoodData Central - FNDDS 2021-2023,2710283
usda-fndds-2710282,Agave liquid sweetener,,Sugars and honey,Global,vegan,1 tablespoon,20.0,310,0.1,76.4,0.5,0.2,68.0,4,62,0.0,15.3,0.1,low_fat|high_sugar,USDA FoodData Central - FNDDS 2021-2023,2710282
usda-fndds-2710257,"Sugar, NFS",,Sugars and honey,Global,vegan,1 teaspoon,4.2,401,0.0,99.6,0.3,0.0,99.8,1,17,0.0,4.2,0.0,low_fat|high_sugar,USDA FoodData Central - FNDDS 2021-2023,2710257
usda-fndds-2710260,"Sugar, brown",,Sugars and honey,Global,vegan,"1 teaspoon, NFS",4.6,380,0.1,98.1,0.0,0.0,97.0,28,17,0.0,4.5,0.0,low_fat|high_sugar,USDA FoodData Central - FNDDS 2021-2023,2710260
usda-fndds-2710262,Sugar substitute and sugar blend,,Sugar substitutes,Global,vegan,1 teaspoon,2.0,399,0.0,99.3,0.3,0.0,99.2,1,8,0.0,2.0,0.0,low_fat|high_sugar,USDA FoodData Central - FNDDS 2021-2023,2710262
usda-fndds-2710267,"Sugar substitute, powder, NFS",,Sugar substitutes,Global,vegan,1 individual packet,0.8,349,0.7,90.1,0.0,0.0,82.1,150,3,0.0,0.7,0.0,low_fat|high_sugar,USDA FoodData Central - FNDDS 2021-2023,2710267
usda-fndds-2710268,"Sugar substitute, liquid, NFS",,Sugar substitutes,Global,vegan,1 teaspoon,5.0,51,0.8,12.0,0.0,0.7,0.0,210,3,0.0,0.6,0.0,low_calorie|low_fat,USDA FoodData Central - FNDDS 2021-2023,2710268
usda-fndds-2710264,"Sugar substitute, stevia, powder",,Sugar substitutes,Global,vegan,1 individual packet,1.0,0,0.0,100.0,0.0,0.0,0.0,0,0,0.0,1.0,0.0,low_calorie|low_fat,USDA FoodData Central - FNDDS 2021-2023,2710264
usda-fndds-2710487,Chicory beverage,,Coffee,Global,vegan,1 cup (8 fl oz),240.0,7,0.2,1.4,0.0,0.0,0.0,4,17,0.5,3.4,0.0,low_calorie|low_fat|diet_friendly,USDA FoodData Central - FNDDS 2021-2023,2710487
usda-fndds-2710486,Coffee substitute,,Coffee,Global,vegan,1 cup (8 fl oz),240.0,6,0.1,1.3,0.0,0.4,0.1,5,14,0.2,3.1,0.1,low_calorie|low_fat|diet_friendly,USDA FoodData Central - FNDDS 2021-2023,2710486
usda-fndds-2710386,"Coffee, Latte",,Coffee,Global,vegetarian,1 cup (8 fl oz),240.0,43,2.8,4.3,1.6,0.0,4.1,35,103,6.7,10.4,3.9,low_calorie|low_fat|diet_friendly,USDA FoodData Central - FNDDS 2021-2023,2710386
usda-fndds-2710375,"Coffee, brewed",,Coffee,Global,vegan,1 cup (8 fl oz),240.0,1,0.1,0.0,0.0,0.0,0.0,2,2,0.3,0.0,0.0,low_calorie|low_fat|diet_friendly,USDA FoodData Central - FNDDS 2021-2023,2710375
usda-fndds-2710377,"Coffee, Turkish",,Coffee,Global,vegan,1 cup (8 fl oz),248.0,27,0.1,6.5,0.0,0.0,6.5,2,67,0.3,16.0,0.1,low_calorie|low_fat|diet_friendly,USDA FoodData Central - FNDDS 2021-2023,2710377
usda-fndds-2710378,"Coffee, espresso",,Coffee,Global,vegan,1 fl oz,30.0,9,0.1,1.7,0.2,0.0,0.0,14,3,0.0,0.5,0.1,low_calorie|low_fat|diet_friendly,USDA FoodData Central - FNDDS 2021-2023,2710378
usda-fndds-2710382,"Coffee, macchiato",,Coffee,Global,vegetarian,1 fl oz,30.0,23,1.2,2.7,0.8,0.0,1.6,22,7,0.4,0.8,0.2,low_calorie|low_fat|diet_friendly,USDA FoodData Central - FNDDS 2021-2023,2710382
usda-fndds-2710410,"Coffee, Cafe Mocha",,Coffee,Global,vegetarian,1 cup (8 fl oz),248.0,64,2.6,10.2,1.5,0.0,9.3,46,159,6.3,25.3,3.6,low_calorie|low_fat|diet_friendly,USDA FoodData Central - FNDDS 2021-2023,2710410
usda-fndds-2710431,"Coffee, Iced Latte",,Coffee,Global,vegetarian,1 cup (8 fl oz),240.0,27,1.8,2.8,1.0,0.0,2.5,23,65,4.2,6.7,2.4,low_calorie|low_fat|diet_friendly,USDA FoodData Central - FNDDS 2021-2023,2710431
usda-fndds-2710472,"Coffee, Cappuccino",,Coffee,Global,vegetarian,1 cup (8 fl oz),240.0,27,1.7,2.8,1.0,0.0,2.5,23,65,4.1,6.6,2.4,low_calorie|low_fat|diet_friendly,USDA FoodData Central - FNDDS 2021-2023,2710472
usda-fndds-2710428,"Iced Coffee, brewed",,Coffee,Global,vegan,1 cup (8 fl oz),240.0,1,0.1,0.0,0.0,0.0,0.0,2,2,0.2,0.0,0.0,low_calorie|low_fat|diet_friendly,USDA FoodData Central - FNDDS 2021-2023,2710428
usda-fndds-2710464,"Coffee, pre-lightened",,Coffee,Global,vegetarian,1 cup (8 fl oz),240.0,14,0.1,1.9,0.7,0.0,0.2,7,34,0.4,4.5,1.7,low_calorie|low_fat,USDA FoodData Central - FNDDS 2021-2023,2710464
usda-fndds-2710512,Iced Tea / Lemonade juice drink,,Tea,Global,vegan,1 bottle (12 fl oz),360.0,34,0.2,9.2,0.1,0.3,7.2,12,122,0.7,32.9,0.2,low_calorie|low_fat|diet_friendly,USDA FoodData Central - FNDDS 2021-2023,2710512
usda-fndds-2710507,"Tea, ginger",,Tea,Global,vegan,1 cup,240.0,1,0.0,0.2,0.0,0.0,0.0,4,2,0.0,0.4,0.0,low_calorie|low_fat|diet_friendly,USDA FoodData Central - FNDDS 2021-2023,2710507
usda-fndds-2710508,"Tea, bubble",,Tea,Global,vegetarian,1 cup,240.0,55,0.4,10.3,1.4,0.1,3.5,9,132,0.9,24.8,3.3,low_calorie|low_fat|diet_friendly,USDA FoodData Central - FNDDS 2021-2023,2710508
usda-fndds-2710509,"Tea, kombucha",,Tea,Global,vegan,1 can or bottle (12 fl oz),372.0,16,0.1,4.0,0.0,0.0,4.0,2,60,0.4,14.8,0.0,low_calorie|low_fat|diet_friendly,USDA FoodData Central - FNDDS 2021-2023,2710509
usda-fndds-2710514,"Iced Tea / Lemonade juice drink, diet",,Tea,Global,vegan,1 fl oz (no ice),30.0,2,0.0,0.6,0.0,0.0,0.0,4,1,0.0,0.2,0.0,low_calorie|low_fat|diet_friendly,USDA FoodData Central - FNDDS 2021-2023,2710514
usda-fndds-2710513,"Iced Tea / Lemonade juice drink, light",,Tea,Global,vegan,1 bottle (12 fl oz),360.0,21,0.2,6.1,0.0,0.3,3.9,13,76,0.8,22.0,0.1,low_calorie|low_fat|diet_friendly,USDA FoodData Central - FNDDS 2021-2023,2710513
usda-fndds-2710502,"Tea, hot, herbal",,Tea,Global,vegan,1 cup,240.0,1,0.0,0.2,0.0,0.0,0.0,1,2,0.0,0.5,0.0,low_calorie|low_fat|diet_friendly,USDA FoodData Central - FNDDS 2021-2023,2710502
usda-fndds-2710503,"Tea, hot, hibiscus",,Tea,Global,vegan,1 cup,240.0,0,0.0,0.0,0.0,0.0,0.0,4,0,0.0,0.0,0.0,low_calorie|low_fat|diet_friendly,USDA FoodData Central - FNDDS 2021-2023,2710503
usda-fndds-2710505,"Tea, hot, chamomile",,Tea,Global,vegan,1 cup,240.0,1,0.0,0.2,0.0,0.0,0.0,1,2,0.0,0.5,0.0,low_calorie|low_fat|diet_friendly,USDA FoodData Central - FNDDS 2021-2023,2710505
usda-fndds-2710506,"Tea, hot, with milk",,Tea,Global,vegetarian,1 cup,240.0,51,1.6,8.9,1.1,0.1,8.7,20,122,3.8,21.5,2.5,low_calorie|low_fat|diet_friendly,USDA FoodData Central - FNDDS 2021-2023,2710506
usda-fndds-2710488,"Tea, hot, leaf, black",,Tea,Global,vegan,1 cup,240.0,1,0.0,0.3,0.0,0.0,0.0,3,2,0.0,0.7,0.0,low_calorie|low_fat|diet_friendly,USDA FoodData Central - FNDDS 2021-2023,2710488
usda-fndds-2710490,"Tea, hot, leaf, green",,Tea,Global,vegan,1 cup,240.0,1,0.2,0.0,0.0,0.0,0.0,1,2,0.5,0.0,0.0,low_calorie|low_fat|diet_friendly,USDA FoodData Central - FNDDS 2021-2023,2710490
usda-fndds-2710537,"Soft drink, NFS, diet",,Diet soft drinks,Global,vegan,1 can (12 fl oz),360.0,2,0.1,0.3,0.0,0.0,0.0,8,7,0.4,1.0,0.1,low_calorie|low_fat,USDA FoodData Central - FNDDS 2021-2023,2710537
usda-fndds-2710542,"Soft drink, cola, diet",,Diet soft drinks,Global,vegan,1 can (12 fl oz),360.0,2,0.1,0.3,0.0,0.0,0.0,8,7,0.4,1.0,0.1,low_calorie|low_fat,USDA FoodData Central - FNDDS 2021-2023,2710542
usda-fndds-2710558,"Soft drink, root beer, diet",,Diet soft drinks,Global,vegan,1 can (12 fl oz),360.0,0,0.1,0.0,0.0,0.0,0.0,6,0,0.4,0.0,0.0,low_calorie|low_fat,USDA FoodData Central - FNDDS 2021-2023,2710558
usda-fndds-2710538,"Water, tonic",,Flavored or carbonated water,Global,vegan,1 can (12 fl oz),360.0,34,0.0,8.8,0.0,0.0,8.8,12,122,0.0,31.7,0.0,low_calorie|low_fat|diet_friendly,USDA FoodData Central - FNDDS 2021-2023,2710538
usda-fndds-2710710,"Water beverage, fruit flavored",,Flavored or carbonated water,Global,vegan,1 cup,240.0,18,0.0,4.5,0.0,0.0,4.5,8,43,0.0,10.8,0.0,low_calorie|low_fat|diet_friendly,USDA FoodData Central - FNDDS 2021-2023,2710710
usda-fndds-2710616,Beer,,Beer,Global,vegan,1 can or bottle (12 fl oz),360.0,43,0.5,3.5,0.0,0.0,0.0,4,155,1.7,12.8,0.0,low_calorie|low_fat,USDA FoodData Central - FNDDS 2021-2023,2710616
usda-fndds-2710641,Michelada,,Beer,Global,vegan,1 fl oz,30.0,33,0.7,4.0,0.1,0.2,1.4,137,10,0.2,1.2,0.0,low_calorie|low_fat,USDA FoodData Central - FNDDS 2021-2023,2710641
usda-fndds-2710621,Hard cider,,Beer,Global,vegan,1 can or bottle (12 fl oz),360.0,56,0.0,5.9,0.0,0.0,5.9,4,202,0.0,21.3,0.0,low_calorie|low_fat,USDA FoodData Central - FNDDS 2021-2023,2710621
usda-fndds-2710702,Gin,,Liquor and cocktails,Global,vegan,1 fl oz (no ice),28.0,231,0.0,0.0,0.0,0.0,0.0,1,65,0.0,0.0,0.0,low_fat,USDA FoodData Central - FNDDS 2021-2023,2710702
usda-fndds-2710703,Rum,,Liquor and cocktails,Global,vegan,1 fl oz (no ice),28.0,231,0.0,0.0,0.0,0.0,0.0,1,65,0.0,0.0,0.0,low_fat,USDA FoodData Central - FNDDS 2021-2023,2710703
usda-fndds-2710698,Glug,,Liquor and cocktails,Global,vegetarian,1 fl oz,30.0,96,0.1,6.2,0.1,0.1,4.2,4,29,0.0,1.9,0.0,low_calorie|low_fat,USDA FoodData Central - FNDDS 2021-2023,2710698
usda-fndds-2710704,Vodka,,Liquor and cocktails,Global,vegan,1 fl oz (no ice),28.0,231,0.0,0.0,0.0,0.0,0.0,1,65,0.0,0.0,0.0,low_fat,USDA FoodData Central - FNDDS 2021-2023,2710704
usda-fndds-2710632,Gimlet,,Liquor and cocktails,Global,vegan,1 fl oz,30.0,188,0.1,5.1,0.0,0.1,3.5,1,56,0.0,1.5,0.0,low_fat,USDA FoodData Central - FNDDS 2021-2023,2710632
usda-fndds-2710644,Mojito,,Liquor and cocktails,Global,vegan,1 fl oz,30.0,61,0.1,2.5,0.0,0.2,1.8,15,18,0.0,0.7,0.0,low_calorie|low_fat,USDA FoodData Central - FNDDS 2021-2023,2710644
usda-fndds-2710642,Mimosa,,Wine,Global,vegan,1 fl oz,30.0,64,0.4,6.5,0.2,0.2,4.7,4,19,0.1,1.9,0.1,low_calorie|low_fat,USDA FoodData Central - FNDDS 2021-2023,2710642
usda-fndds-2710694,Wine cooler,,Wine,Global,vegan,1 bottle/can (11 fl oz),330.0,68,0.0,10.1,0.0,0.0,9.8,5,224,0.0,33.2,0.0,low_calorie|low_fat,USDA FoodData Central - FNDDS 2021-2023,2710694
usda-fndds-2710697,Wine spritzer,,Wine,Global,vegan,1 glass,180.0,49,0.0,1.6,0.0,0.0,0.5,11,88,0.1,2.9,0.0,low_calorie|low_fat,USDA FoodData Central - FNDDS 2021-2023,2710697
usda-fndds-2710675,Champagne punch,,Wine,Global,vegan,1 fl oz,30.0,120,0.2,11.5,0.1,0.1,9.5,4,36,0.0,3.5,0.0,low_calorie|low_fat,USDA FoodData Central - FNDDS 2021-2023,2710675
usda-fndds-2710706,"Water, NFS",,Tap water,Global,vegan,1 cup,240.0,0,0.0,0.0,0.0,0.0,0.0,3,0,0.0,0.0,0.0,low_calorie|low_fat|diet_friendly,USDA FoodData Central - FNDDS 2021-2023,2710706
usda-fndds-2710708,"Water, bottled, plain",,Bottled water,Global,vegan,1 cup,240.0,0,0.0,0.0,0.0,0.0,0.0,2,0,0.0,0.0,0.0,low_calorie|low_fat|diet_friendly,USDA FoodData Central - FNDDS 2021-2023,2710708
usda-fndds-2710728,"Nutritional drink or shake, liquid, soy-based",,Nutritional beverages,Global,vegan,1 cup,247.0,138,5.4,17.3,5.4,1.2,8.5,77,341,13.3,42.7,13.3,,USDA FoodData Central - FNDDS 2021-2023,2710728
usda-fndds-2710725,"Nutritional drink or shake, ready-to-drink, NFS",,Nutritional beverages,Global,vegan,1 cup,248.0,105,3.8,16.9,2.5,0.0,9.7,84,260,9.4,41.9,6.3,low_fat,USDA FoodData Central - FNDDS 2021-2023,2710725
usda-fndds-2710726,"Nutritional drink or shake, high protein, ready-to-drink, NFS",,Nutritional beverages,Global,vegan,1 cup,256.0,61,6.6,0.8,3.4,0.4,0.6,72,156,16.9,2.2,8.7,high_protein|low_calorie,USDA FoodData Central - FNDDS 2021-2023,2710726
usda-fndds-2710727,"Nutritional drink or shake, high protein, light, ready-to-drink, NFS",,Nutritional beverages,Global,vegan,1 cup,248.0,138,5.4,17.3,5.4,1.2,8.5,77,342,13.3,42.9,13.3,,USDA FoodData Central - FNDDS 2021-2023,2710727
usda-sr-170071,"Yam, raw",,Vegetables and Vegetable Products,Global,vegan,"1 cup, cubes",150.0,118,1.5,27.9,0.2,4.1,0.5,9,177,2.3,41.8,0.3,high_fiber|low_fat|diet_friendly,USDA FoodData Central - SR Legacy,170071
usda-sr-169260,"Okra, raw",,Vegetables and Vegetable Products,Global,vegan,1 cup,100.0,33,1.9,7.5,0.2,3.2,1.5,7,33,1.9,7.5,0.2,low_calorie|low_fat|diet_friendly,USDA FoodData Central - SR Legacy,169260
usda-sr-169308,"Taro, raw",,Vegetables and Vegetable Products,Global,vegan,"1 cup, sliced",104.0,112,1.5,26.5,0.2,4.1,0.4,11,116,1.6,27.5,0.2,low_calorie|low_fat|diet_friendly,USDA FoodData Central - SR Legacy,169308
usda-sr-170076,"Dock, raw",,Vegetables and Vegetable Products,Global,vegan,"1 cup, chopped",133.0,22,2.0,3.2,0.7,2.9,0.0,4,29,2.7,4.3,0.9,low_calorie|low_fat|diet_friendly,USDA FoodData Central - SR Legacy,170076
usda-sr-170078,"Eppaw, raw",,Vegetables and Vegetable Products,Global,vegan,1 cup,100.0,150,4.6,31.7,1.8,0.0,0.0,12,150,4.6,31.7,1.8,low_fat,USDA FoodData Central - SR Legacy,170078
usda-sr-168412,"Endive, raw",,Vegetables and Vegetable Products,Global,vegan,"0.5 cup, chopped",25.0,17,1.2,3.4,0.2,3.1,0.2,22,4,0.3,0.8,0.1,low_calorie|low_fat|diet_friendly,USDA FoodData Central - SR Legacy,168412
usda-sr-169230,"Garlic, raw",,Vegetables and Vegetable Products,Global,vegan,1 cup,136.0,149,6.4,33.1,0.5,2.1,1.0,17,203,8.6,45.0,0.7,low_fat,USDA FoodData Central - SR Legacy,169230
usda-sr-170481,"Borage, raw",,Vegetables and Vegetable Products,Global,vegan,"1 cup (1"" pieces)",89.0,21,1.8,3.1,0.7,0.0,0.0,80,19,1.6,2.7,0.6,low_calorie|low_fat|diet_friendly,USDA FoodData Central - SR Legacy,170481
usda-sr-168448,"Pumpkin, raw",,Vegetables and Vegetable Products,Global,vegan,"1 cup (1"" cubes)",116.0,26,1.0,6.5,0.1,0.5,2.8,1,30,1.2,7.5,0.1,low_calorie|low_fat|diet_friendly,USDA FoodData Central - SR Legacy,168448
usda-sr-168571,"Nopales, raw",,Vegetables and Vegetable Products,Global,vegan,"1 cup, sliced",86.0,16,1.3,3.3,0.1,2.2,1.1,21,14,1.1,2.9,0.1,low_calorie|low_fat|diet_friendly,USDA FoodData Central - SR Legacy,168571
usda-sr-169387,"Arugula, raw",,Vegetables and Vegetable Products,Global,vegan,1 leaf,2.0,25,2.6,3.6,0.7,1.6,2.0,27,0,0.1,0.1,0.0,low_calorie|low_fat|diet_friendly,USDA FoodData Central - SR Legacy,169387
usda-sr-169398,"Epazote, raw",,Vegetables and Vegetable Products,Global,vegan,1 tbsp,0.8,32,0.3,7.4,0.5,3.8,0.0,43,0,0.0,0.1,0.0,low_calorie|low_fat|diet_friendly,USDA FoodData Central - SR Legacy,169398
usda-sr-169975,"Cabbage, raw",,Vegetables and Vegetable Products,Global,vegan,"1 cup, chopped",89.0,25,1.3,5.8,0.1,2.5,3.2,18,22,1.1,5.2,0.1,low_calorie|low_fat|diet_friendly,USDA FoodData Central - SR Legacy,169975
usda-sr-169981,"Cardoon, raw",,Vegetables and Vegetable Products,Global,vegan,"1 cup, shredded",178.0,17,0.7,4.1,0.1,1.6,0.0,170,30,1.2,7.2,0.2,low_calorie|low_fat|diet_friendly,USDA FoodData Central - SR Legacy,169981
usda-sr-169985,"Cassava, raw",,Vegetables and Vegetable Products,Global,vegan,1 cup,206.0,160,1.4,38.1,0.3,1.8,1.7,14,330,2.8,78.4,0.6,low_fat,USDA FoodData Central - SR Legacy,169985
usda-sr-169990,"Celtuce, raw",,Vegetables and Vegetable Products,Global,vegan,1 leaf,8.0,18,0.8,3.6,0.3,1.7,0.0,11,1,0.1,0.3,0.0,low_calorie|low_fat|diet_friendly,USDA FoodData Central - SR Legacy,169990
usda-sr-170465,"Turnips, raw",,Vegetables and Vegetable Products,Global,vegan,"1 cup, cubes",130.0,28,0.9,6.4,0.1,1.8,3.8,67,36,1.2,8.4,0.1,low_calorie|low_fat|diet_friendly,USDA FoodData Central - SR Legacy,170465
usda-sr-168418,"Pepeao, dried",,Vegetables and Vegetable Products,Global,vegan,1 cup,24.0,298,4.8,81.0,0.4,0.0,0.0,70,72,1.2,19.4,0.1,low_fat,USDA FoodData Central - SR Legacy,168418
usda-sr-169274,"Purslane, raw",,Vegetables and Vegetable Products,Global,vegan,1 cup,43.0,20,2.0,3.4,0.4,0.0,0.0,45,9,0.9,1.5,0.2,low_calorie|low_fat|diet_friendly,USDA FoodData Central - SR Legacy,169274
usda-sr-169276,"Radishes, raw",,Vegetables and Vegetable Products,Global,vegan,1 cup slices,116.0,16,0.7,3.4,0.1,1.6,1.9,39,19,0.8,3.9,0.1,low_calorie|low_fat|diet_friendly,USDA FoodData Central - SR Legacy,169276
usda-sr-170400,"Celeriac, raw",,Vegetables and Vegetable Products,Global,vegan,1 cup,156.0,42,1.5,9.2,0.3,1.8,1.6,100,66,2.3,14.4,0.5,low_calorie|low_fat|diet_friendly,USDA FoodData Central - SR Legacy,170400
usda-sr-170417,"Parsnips, raw",,Vegetables and Vegetable Products,Global,vegan,1 cup slices,133.0,75,1.2,18.0,0.3,4.9,4.8,10,100,1.6,23.9,0.4,low_calorie|high_fiber|low_fat|diet_friendly,USDA FoodData Central - SR Legacy,170417
usda-sr-170499,"Shallots, raw",,Vegetables and Vegetable Products,Global,vegan,1 tbsp chopped,10.0,72,2.5,16.8,0.1,3.2,7.9,12,7,0.2,1.7,0.0,low_calorie|low_fat|diet_friendly,USDA FoodData Central - SR Legacy,170499
usda-sr-168454,"Rutabagas, raw",,Vegetables and Vegetable Products,Global,vegan,"1 cup, cubes",140.0,37,1.1,8.6,0.2,2.3,4.5,12,52,1.5,12.1,0.2,low_calorie|low_fat|diet_friendly,USDA FoodData Central - SR Legacy,168454
usda-sr-168490,"Arrowroot, raw",,Vegetables and Vegetable Products,Global,vegan,"1 cup, sliced",120.0,65,4.2,13.4,0.2,1.3,0.0,26,78,5.1,16.1,0.2,low_calorie|low_fat|diet_friendly,USDA FoodData Central - SR Legacy,168490
usda-sr-169203,"Arrowhead, raw",,Vegetables and Vegetable Products,Global,vegan,1 large,25.0,99,5.3,20.2,0.3,0.0,0.0,22,25,1.3,5.1,0.1,low_calorie|low_fat|diet_friendly,USDA FoodData Central - SR Legacy,169203
usda-sr-169219,"Cornsalad, raw",,Vegetables and Vegetable Products,Global,vegan,1 cup,56.0,21,2.0,3.6,0.4,0.0,0.0,4,12,1.1,2.0,0.2,low_calorie|low_fat|diet_friendly,USDA FoodData Central - SR Legacy,169219
usda-sr-168566,"Tomatillos, raw",,Vegetables and Vegetable Products,Global,vegan,1 medium,34.0,32,1.0,5.8,1.0,1.9,3.9,1,11,0.3,2.0,0.3,low_calorie|low_fat|diet_friendly,USDA FoodData Central - SR Legacy,168566
usda-sr-169250,"Lotus root, raw",,Vegetables and Vegetable Products,Global,vegan,"10 slices (2-1/2"" dia)",81.0,74,2.6,17.2,0.1,4.9,0.0,40,60,2.1,14.0,0.1,low_calorie|low_fat|diet_friendly,USDA FoodData Central - SR Legacy,169250
usda-sr-168487,"Taro leaves, raw",,Vegetables and Vegetable Products,Global,vegan,1 cup,28.0,42,5.0,6.7,0.7,3.7,3.0,3,12,1.4,1.9,0.2,low_calorie|low_fat|diet_friendly,USDA FoodData Central - SR Legacy,168487
usda-sr-168489,"Taro shoots, raw",,Vegetables and Vegetable Products,Global,vegan,0.5 cup slices,43.0,11,0.9,2.3,0.1,0.0,0.0,1,5,0.4,1.0,0.0,low_calorie|low_fat|diet_friendly,USDA FoodData Central - SR Legacy,168489
usda-sr-169231,"Ginger root, raw",,Vegetables and Vegetable Products,Global,vegan,"0.25 cup slices (1"" dia)",24.0,80,1.8,17.8,0.8,2.0,1.7,13,19,0.4,4.3,0.2,low_calorie|low_fat|diet_friendly,USDA FoodData Central - SR Legacy,169231
usda-sr-168575,"Grape leaves, raw",,Vegetables and Vegetable Products,Global,vegan,1 cup,14.0,93,5.6,17.3,2.1,11.0,6.3,9,13,0.8,2.4,0.3,low_calorie|high_fiber|low_fat|diet_friendly,USDA FoodData Central - SR Legacy,168575
usda-sr-169974,"Burdock root, raw",,Vegetables and Vegetable Products,Global,vegan,"1 cup (1"" pieces)",118.0,72,1.5,17.3,0.1,3.3,2.9,5,85,1.8,20.5,0.2,low_calorie|low_fat|diet_friendly,USDA FoodData Central - SR Legacy,169974
usda-sr-169210,"Bamboo shoots, raw",,Vegetables and Vegetable Products,Global,vegan,"1 cup (1/2"" slices)",151.0,27,2.6,5.2,0.3,2.2,3.0,4,41,3.9,7.9,0.5,low_calorie|low_fat|diet_friendly,USDA FoodData Central - SR Legacy,169210
usda-sr-169222,"Yardlong bean, raw",,Vegetables and Vegetable Products,Global,vegan,1 cup slices,91.0,47,2.8,8.3,0.4,0.0,0.0,4,43,2.5,7.6,0.4,low_calorie|low_fat|diet_friendly,USDA FoodData Central - SR Legacy,169222
usda-sr-169244,"Lambsquarters, raw",,Vegetables and Vegetable Products,Global,vegan,100 g,100.0,43,4.2,7.3,0.8,4.0,0.0,43,43,4.2,7.3,0.8,low_calorie|low_fat|diet_friendly,USDA FoodData Central - SR Legacy,169244
usda-sr-169993,"Chicory roots, raw",,Vegetables and Vegetable Products,Global,vegan,1 root,60.0,72,1.4,17.5,0.2,1.5,8.7,50,43,0.8,10.5,0.1,low_calorie|low_fat|diet_friendly,USDA FoodData Central - SR Legacy,169993
usda-sr-170061,"Turnip greens, raw",,Vegetables and Vegetable Products,Global,vegan,"1 cup, chopped",55.0,32,1.5,7.1,0.3,3.2,0.8,40,18,0.8,3.9,0.2,low_calorie|low_fat|diet_friendly,USDA FoodData Central - SR Legacy,170061
usda-sr-167714,"Hearts of palm, raw",,Vegetables and Vegetable Products,Global,vegan,100 g,100.0,115,2.7,25.6,0.2,1.5,17.2,14,115,2.7,25.6,0.2,low_calorie|low_fat|high_sugar,USDA FoodData Central - SR Legacy,167714
usda-sr-168567,"Tomatoes, sun-dried",,Vegetables and Vegetable Products,Global,vegan,1 cup,54.0,258,14.1,55.8,3.0,12.3,37.6,107,139,7.6,30.1,1.6,high_fiber|low_fat|high_sugar,USDA FoodData Central - SR Legacy,168567
usda-sr-169272,"Pumpkin leaves, raw",,Vegetables and Vegetable Products,Global,vegan,1 cup,39.0,19,3.1,2.3,0.4,0.0,0.0,11,7,1.2,0.9,0.2,low_calorie|low_fat|diet_friendly,USDA FoodData Central - SR Legacy,169272
usda-sr-169992,"Chicory greens, raw",,Vegetables and Vegetable Products,Global,vegan,"1 cup, chopped",29.0,23,1.7,4.7,0.3,4.0,0.7,45,7,0.5,1.4,0.1,low_calorie|low_fat|diet_friendly,USDA FoodData Central - SR Legacy,169992
usda-sr-170483,"Drumstick pods, raw",,Vegetables and Vegetable Products,Global,vegan,1 cup slices,100.0,37,2.1,8.5,0.2,3.2,0.0,42,37,2.1,8.5,0.2,low_calorie|low_fat|diet_friendly,USDA FoodData Central - SR Legacy,170483
usda-sr-168385,"Amaranth leaves, raw",,Vegetables and Vegetable Products,Global,vegan,1 cup,28.0,23,2.5,4.0,0.3,0.0,0.0,20,6,0.7,1.1,0.1,low_calorie|low_fat|diet_friendly,USDA FoodData Central - SR Legacy,168385
usda-sr-168459,"Sesbania flower, raw",,Vegetables and Vegetable Products,Global,vegan,1 cup flowers,20.0,27,1.3,6.7,0.0,0.0,0.0,15,5,0.3,1.3,0.0,low_calorie|low_fat|diet_friendly,USDA FoodData Central - SR Legacy,168459
usda-sr-169270,"Pumpkin flowers, raw",,Vegetables and Vegetable Products,Global,vegan,1 cup,33.0,15,1.0,3.3,0.1,0.0,0.0,5,5,0.3,1.1,0.0,low_calorie|low_fat|diet_friendly,USDA FoodData Central - SR Legacy,169270
usda-sr-168416,"Drumstick leaves, raw",,Vegetables and Vegetable Products,Global,vegan,"1 cup, chopped",21.0,64,9.4,8.3,1.4,2.0,0.0,9,13,2.0,1.7,0.3,low_calorie|low_fat|diet_friendly,USDA FoodData Central - SR Legacy,168416
usda-sr-169301,"Water convolvulus,raw",,Vegetables and Vegetable Products,Global,vegan,"1 cup, chopped",56.0,19,2.6,3.1,0.2,2.1,0.0,113,11,1.5,1.8,0.1,low_calorie|low_fat|diet_friendly,USDA FoodData Central - SR Legacy,169301
usda-sr-169401,"Yautia (tannier), raw",,Vegetables and Vegetable Products,Global,vegan,"1 cup, sliced",135.0,98,1.5,23.6,0.4,1.5,0.0,21,132,2.0,31.9,0.5,low_fat,USDA FoodData Central - SR Legacy,169401
usda-sr-169405,"Fiddlehead ferns, raw",,Vegetables and Vegetable Products,Global,vegan,100 g,100.0,34,4.5,5.5,0.4,0.0,0.0,1,34,4.5,5.5,0.4,low_calorie|low_fat|diet_friendly,USDA FoodData Central - SR Legacy,169405
usda-sr-170073,"Yambean (jicama), raw",,Vegetables and Vegetable Products,Global,vegan,1 cup slices,120.0,38,0.7,8.8,0.1,4.9,1.8,4,46,0.9,10.6,0.1,low_calorie|high_fiber|low_fat|diet_friendly,USDA FoodData Central - SR Legacy,170073
usda-sr-170383,"Brussels sprouts, raw",,Vegetables and Vegetable Products,Global,vegan,1 cup,88.0,43,3.4,8.9,0.3,3.8,2.2,25,38,3.0,7.9,0.3,low_calorie|low_fat|diet_friendly,USDA FoodData Central - SR Legacy,170383
usda-sr-170070,"Winged bean tuber, raw",,Vegetables and Vegetable Products,Global,vegan,100 g,100.0,148,11.6,28.1,0.9,0.0,0.0,35,148,11.6,28.1,0.9,high_protein|low_fat|diet_friendly,USDA FoodData Central - SR Legacy,170070
usda-sr-169400,"Malabar spinach, cooked",,Vegetables and Vegetable Products,Global,vegan,1 cup,44.0,23,3.0,2.7,0.8,2.1,0.0,55,10,1.3,1.2,0.3,low_calorie|low_fat|diet_friendly,USDA FoodData Central - SR Legacy,169400
usda-sr-170478,"Winged bean leaves, raw",,Vegetables and Vegetable Products,Global,vegan,100 g,100.0,74,5.8,14.1,1.1,0.0,0.0,9,74,5.8,14.1,1.1,low_calorie|low_fat|diet_friendly,USDA FoodData Central - SR Legacy,170478
usda-sr-168440,"New Zealand spinach, raw",,Vegetables and Vegetable Products,Global,vegan,"1 cup, chopped",56.0,14,1.5,2.5,0.2,1.5,0.3,130,8,0.8,1.4,0.1,low_calorie|low_fat|diet_friendly,USDA FoodData Central - SR Legacy,168440
usda-sr-169303,"Sweet potato leaves, raw",,Vegetables and Vegetable Products,Global,vegan,"1 cup, chopped",35.0,42,2.5,8.8,0.5,5.3,0.0,6,15,0.9,3.1,0.2,low_calorie|low_fat|diet_friendly,USDA FoodData Central - SR Legacy,169303
usda-sr-168491,"Chrysanthemum leaves, raw",,Vegetables and Vegetable Products,Global,vegan,"1 cup, chopped",51.0,24,3.4,3.0,0.6,3.0,0.0,118,12,1.7,1.5,0.3,low_calorie|low_fat|diet_friendly,USDA FoodData Central - SR Legacy,168491
usda-sr-169236,"Jerusalem-artichokes, raw",,Vegetables and Vegetable Products,Global,vegan,1 cup slices,150.0,73,2.0,17.4,0.0,1.6,9.6,4,110,3.0,26.2,0.0,low_calorie|low_fat|diet_friendly,USDA FoodData Central - SR Legacy,169236
usda-sr-169241,"Kanpyo, (dried gourd strips)",,Vegetables and Vegetable Products,Global,vegan,0.5 cup,27.0,258,8.6,65.0,0.6,9.8,0.0,15,70,2.3,17.6,0.2,high_fiber|low_fat|diet_friendly,USDA FoodData Central - SR Legacy,169241
usda-sr-168573,"Lemon grass (citronella), raw",,Vegetables and Vegetable Products,Global,vegan,1 cup,67.0,99,1.8,25.3,0.5,0.0,0.0,6,66,1.2,17.0,0.3,low_calorie|low_fat|diet_friendly,USDA FoodData Central - SR Legacy,168573
usda-sr-169997,"Coriander (cilantro) leaves, raw",,Vegetables and Vegetable Products,Global,vegan,9 sprigs,20.0,23,2.1,3.7,0.5,2.8,0.9,46,5,0.4,0.7,0.1,low_calorie|low_fat|diet_friendly,USDA FoodData Central - SR Legacy,169997
usda-sr-170419,"Peas, green, raw",,Vegetables and Vegetable Products,Global,vegan,1 cup,145.0,81,5.4,14.4,0.4,5.7,5.7,5,117,7.9,21.0,0.6,low_calorie|high_fiber|low_fat|diet_friendly,USDA FoodData Central - SR Legacy,170419
usda-sr-168583,"Wasabi, root, raw",,Vegetables and Vegetable Products,Global,vegan,"1 cup, sliced",130.0,109,4.8,23.5,0.6,7.8,0.0,17,142,6.2,30.6,0.8,high_fiber|low_fat|diet_friendly,USDA FoodData Central - SR Legacy,168583
usda-sr-169991,"Chard, swiss, raw",,Vegetables and Vegetable Products,Global,vegan,1 cup,36.0,19,1.8,3.7,0.2,1.6,1.1,213,7,0.6,1.3,0.1,low_calorie|low_fat|diet_friendly,USDA FoodData Central - SR Legacy,169991
usda-sr-168407,"Cress, garden, raw",,Vegetables and Vegetable Products,Global,vegan,1 cup,50.0,32,2.6,5.5,0.7,1.1,4.4,14,16,1.3,2.8,0.3,low_calorie|low_fat|diet_friendly,USDA FoodData Central - SR Legacy,168407
usda-sr-168419,"Jute, potherb, raw",,Vegetables and Vegetable Products,Global,vegan,1 cup,28.0,34,4.7,5.8,0.2,0.0,0.0,8,10,1.3,1.6,0.1,low_calorie|low_fat|diet_friendly,USDA FoodData Central - SR Legacy,168419
usda-sr-168457,"Seaweed, kelp, raw",,Vegetables and Vegetable Products,Global,vegan,2 tbsp (1/8 cup),10.0,43,1.7,9.6,0.6,1.3,0.6,233,4,0.2,1.0,0.1,low_calorie|low_fat|diet_friendly,USDA FoodData Central - SR Legacy,168457
usda-sr-168568,"Carrots, baby, raw",,Vegetables and Vegetable Products,Global,vegan,1 NLEA serving,85.0,35,0.6,8.2,0.1,2.9,4.8,78,30,0.5,7.0,0.1,low_calorie|low_fat|diet_friendly,USDA FoodData Central - SR Legacy,168568
usda-sr-169280,"Seaweed, agar, raw",,Vegetables and Vegetable Products,Global,vegan,2 tbsp (1/8 cup),10.0,26,0.5,6.8,0.0,0.5,0.3,9,3,0.1,0.7,0.0,low_calorie|low_fat|diet_friendly,USDA FoodData Central - SR Legacy,169280
usda-sr-170007,"Onions, welsh, raw",,Vegetables and Vegetable Products,Global,vegan,100 g,100.0,34,1.9,6.5,0.4,2.4,2.2,17,34,1.9,6.5,0.4,low_calorie|low_fat|diet_friendly,USDA FoodData Central - SR Legacy,170007
usda-sr-170008,"Onions, sweet, raw",,Vegetables and Vegetable Products,Global,vegan,1 NLEA serving,148.0,32,0.8,7.5,0.1,0.9,5.0,8,47,1.2,11.2,0.1,low_calorie|low_fat|diet_friendly,USDA FoodData Central - SR Legacy,170008
usda-sr-168458,"Seaweed, laver, raw",,Vegetables and Vegetable Products,Global,vegan,10 sheets,26.0,35,5.8,5.1,0.3,0.3,0.5,48,9,1.5,1.3,0.1,low_calorie|low_fat|diet_friendly,USDA FoodData Central - SR Legacy,168458
usda-sr-169310,"Taro, tahitian, raw",,Vegetables and Vegetable Products,Global,vegan,1 cup slices,125.0,44,2.8,6.9,1.0,0.0,0.0,50,55,3.5,8.6,1.2,low_calorie|low_fat|diet_friendly,USDA FoodData Central - SR Legacy,169310
usda-sr-169394,"Pepper, banana, raw",,Vegetables and Vegetable Products,Global,vegan,1 cup,124.0,27,1.7,5.3,0.5,3.4,1.9,13,33,2.1,6.6,0.6,low_calorie|low_fat|diet_friendly,USDA FoodData Central - SR Legacy,169394
usda-sr-170032,"Potatoes, raw, skin",,Vegetables and Vegetable Products,Global,vegan,1 skin,38.0,58,2.6,12.4,0.1,2.5,0.0,10,22,1.0,4.7,0.0,low_calorie|low_fat|diet_friendly,USDA FoodData Central - SR Legacy,170032
usda-sr-170388,"Cabbage, savoy, raw",,Vegetables and Vegetable Products,Global,vegan,"1 cup, shredded",70.0,27,2.0,6.1,0.1,3.1,2.3,28,19,1.4,4.3,0.1,low_calorie|low_fat|diet_friendly,USDA FoodData Central - SR Legacy,170388
usda-sr-170402,"Chayote, fruit, raw",,Vegetables and Vegetable Products,Global,vegan,"1 cup (1"" pieces)",132.0,19,0.8,4.5,0.1,1.7,1.7,2,25,1.1,6.0,0.2,low_calorie|low_fat|diet_friendly,USDA FoodData Central - SR Legacy,170402
usda-sr-169282,"Soybeans, green, raw",,Vegetables and Vegetable Products,Global,vegan,1 cup,256.0,147,12.9,11.1,6.8,4.2,0.0,15,376,33.2,28.3,17.4,high_protein|high_fiber|diet_friendly,USDA FoodData Central - SR Legacy,169282
usda-sr-170090,"Seaweed, agar, dried",,Vegetables and Vegetable Products,Global,vegan,100 g,100.0,306,6.2,80.9,0.3,7.7,3.0,102,306,6.2,80.9,0.3,high_fiber|low_fat|diet_friendly,USDA FoodData Central - SR Legacy,170090
usda-sr-170456,"Tomatoes, green, raw",,Vegetables and Vegetable Products,Global,vegan,1 cup,180.0,23,1.2,5.1,0.2,1.1,4.0,13,41,2.2,9.2,0.4,low_calorie|low_fat|diet_friendly,USDA FoodData Central - SR Legacy,170456
usda-sr-170496,"Seaweed, wakame, raw",,Vegetables and Vegetable Products,Global,vegan,2 tbsp (1/8 cup),10.0,45,3.0,9.1,0.6,0.5,0.7,872,4,0.3,0.9,0.1,low_calorie|low_fat|high_sodium,USDA FoodData Central - SR Legacy,170496
usda-sr-168423,"Mushrooms, morel, raw",,Vegetables and Vegetable Products,Global,vegan,1 cup,66.0,31,3.1,5.1,0.6,2.8,0.6,21,20,2.1,3.4,0.4,low_calorie|low_fat|diet_friendly,USDA FoodData Central - SR Legacy,168423
usda-sr-168572,"Cabbage, napa, cooked",,Vegetables and Vegetable Products,Global,vegan,1 cup,109.0,12,1.1,2.2,0.2,0.0,0.0,11,13,1.2,2.4,0.2,low_calorie|low_fat|diet_friendly,USDA FoodData Central - SR Legacy,168572
usda-sr-169225,"Cucumber, peeled, raw",,Vegetables and Vegetable Products,Global,vegan,"1 cup, pared, chopped",133.0,10,0.6,2.2,0.2,0.7,1.4,2,13,0.8,2.9,0.2,low_calorie|low_fat|diet_friendly,USDA FoodData Central - SR Legacy,169225
usda-sr-169251,"Mushrooms, white, raw",,Vegetables and Vegetable Products,Global,vegan,"1 cup, pieces or slices",70.0,22,3.1,3.3,0.3,1.0,2.0,5,15,2.2,2.3,0.2,low_calorie|low_fat|diet_friendly,USDA FoodData Central - SR Legacy,169251
usda-sr-169329,"Broccoli, leaves, raw",,Vegetables and Vegetable Products,Global,vegan,100 g,100.0,28,3.0,5.1,0.3,2.3,1.5,27,28,3.0,5.1,0.3,low_calorie|low_fat|diet_friendly,USDA FoodData Central - SR Legacy,169329
usda-sr-169331,"Broccoli, stalks, raw",,Vegetables and Vegetable Products,Global,vegan,1 stalk,114.0,28,3.0,5.2,0.3,0.0,0.0,27,32,3.4,6.0,0.4,low_calorie|low_fat|diet_friendly,USDA FoodData Central - SR Legacy,169331
usda-sr-169382,"Mushrooms, enoki, raw",,Vegetables and Vegetable Products,Global,vegan,1 cup whole,64.0,37,2.7,7.8,0.3,2.7,0.2,3,24,1.7,5.0,0.2,low_calorie|low_fat|diet_friendly,USDA FoodData Central - SR Legacy,169382
usda-sr-169395,"Peppers, serrano, raw",,Vegetables and Vegetable Products,Global,vegan,"1 cup, chopped",105.0,32,1.7,6.7,0.4,3.7,3.8,10,34,1.8,7.0,0.5,low_calorie|low_fat|diet_friendly,USDA FoodData Central - SR Legacy,169395
usda-sr-169396,"Peppers, ancho, dried",,Vegetables and Vegetable Products,Global,vegan,1 pepper,17.0,281,11.9,51.4,8.2,21.6,0.0,43,48,2.0,8.7,1.4,high_fiber|diet_friendly,USDA FoodData Central - SR Legacy,169396
usda-sr-169399,"Fireweed, leaves, raw",,Vegetables and Vegetable Products,Global,vegan,"1 cup, chopped",23.0,103,4.7,19.2,2.8,10.6,0.0,34,24,1.1,4.4,0.6,low_calorie|high_fiber|low_fat|diet_friendly,USDA FoodData Central - SR Legacy,169399
usda-sr-170096,"Tomatoes, yellow, raw",,Vegetables and Vegetable Products,Global,vegan,"1 cup, chopped",139.0,15,1.0,3.0,0.3,0.7,0.0,23,21,1.4,4.1,0.4,low_calorie|low_fat|diet_friendly,USDA FoodData Central - SR Legacy,170096
usda-sr-170404,"Chicory, witloof, raw",,Vegetables and Vegetable Products,Global,vegan,1 head,53.0,17,0.9,4.0,0.1,3.1,0.0,2,9,0.5,2.1,0.1,low_calorie|low_fat|diet_friendly,USDA FoodData Central - SR Legacy,170404
usda-sr-170502,"Tomatoes, orange, raw",,Vegetables and Vegetable Products,Global,vegan,"1 cup, chopped",158.0,16,1.2,3.2,0.2,0.9,0.0,42,25,1.8,5.0,0.3,low_calorie|low_fat|diet_friendly,USDA FoodData Central - SR Legacy,170502
usda-sr-168427,"Lentils, sprouted, raw",,Vegetables and Vegetable Products,Global,vegan,1 cup,77.0,106,9.0,22.1,0.6,0.0,0.0,11,82,6.9,17.0,0.4,low_calorie|low_fat|diet_friendly,USDA FoodData Central - SR Legacy,168427
usda-sr-168431,"Lettuce, red leaf, raw",,Vegetables and Vegetable Products,Global,vegan,1 cup shredded,28.0,13,1.3,2.3,0.2,0.9,0.5,25,4,0.4,0.6,0.1,low_calorie|low_fat|diet_friendly,USDA FoodData Central - SR Legacy,168431
usda-sr-168576,"Peppers, jalapeno, raw",,Vegetables and Vegetable Products,Global,vegan,"1 cup, sliced",90.0,29,0.9,6.5,0.4,2.8,4.1,3,26,0.8,5.8,0.3,low_calorie|low_fat|diet_friendly,USDA FoodData Central - SR Legacy,168576
usda-sr-168580,"Mushrooms, oyster, raw",,Vegetables and Vegetable Products,Global,non_vegetarian,1 large,148.0,33,3.3,6.1,0.4,2.3,1.1,18,49,4.9,9.0,0.6,low_calorie|low_fat|diet_friendly,USDA FoodData Central - SR Legacy,168580
usda-sr-170385,"Butterbur, (fuki), raw",,Vegetables and Vegetable Products,Global,vegan,1 cup,94.0,14,0.4,3.6,0.0,0.0,0.0,7,13,0.4,3.4,0.0,low_calorie|low_fat|diet_friendly,USDA FoodData Central - SR Legacy,170385
usda-sr-168451,"Radishes, oriental, raw",,Vegetables and Vegetable Products,Global,vegan,1 cup slices,116.0,18,0.6,4.1,0.1,1.6,2.5,21,21,0.7,4.8,0.1,low_calorie|low_fat|diet_friendly,USDA FoodData Central - SR Legacy,168451
usda-sr-168456,"Seaweed, irishmoss, raw",,Vegetables and Vegetable Products,Global,vegan,2 tbsp (1/8 cup),10.0,49,1.5,12.3,0.2,1.3,0.6,67,5,0.2,1.2,0.0,low_calorie|low_fat|diet_friendly,USDA FoodData Central - SR Legacy,168456
usda-sr-168578,"Peppers, hungarian, raw",,Vegetables and Vegetable Products,Global,vegan,1 pepper,27.0,29,0.8,6.7,0.4,1.0,3.5,1,8,0.2,1.8,0.1,low_calorie|low_fat|diet_friendly,USDA FoodData Central - SR Legacy,168578
usda-sr-168579,"Peppers, pasilla, dried",,Vegetables and Vegetable Products,Global,vegan,1 pepper,7.0,345,12.3,51.1,15.8,26.8,0.0,89,24,0.9,3.6,1.1,high_fiber|diet_friendly,USDA FoodData Central - SR Legacy,168579
usda-sr-169389,"Cauliflower, green, raw",,Vegetables and Vegetable Products,Global,vegan,1 cup,64.0,31,3.0,6.1,0.3,3.2,3.0,23,20,1.9,3.9,0.2,low_calorie|low_fat|diet_friendly,USDA FoodData Central - SR Legacy,169389
usda-sr-169403,"Mushrooms, maitake, raw",,Vegetables and Vegetable Products,Global,vegan,1 cup diced,70.0,31,1.9,7.0,0.2,2.7,2.1,1,22,1.4,4.9,0.1,low_calorie|low_fat|diet_friendly,USDA FoodData Central - SR Legacy,169403
usda-sr-170091,"Seaweed, spirulina, raw",,Vegetables and Vegetable Products,Global,vegan,100 g,100.0,26,5.9,2.4,0.4,0.4,0.3,98,26,5.9,2.4,0.4,low_calorie|low_fat|diet_friendly,USDA FoodData Central - SR Legacy,170091
usda-sr-168409,"Cucumber, with peel, raw",,Vegetables and Vegetable Products,Global,vegan,0.5 cup slices,52.0,15,0.7,3.6,0.1,0.5,1.7,2,8,0.3,1.9,0.1,low_calorie|low_fat|diet_friendly,USDA FoodData Central - SR Legacy,168409
usda-sr-168581,"Fungi, Cloud ears, dried",,Vegetables and Vegetable Products,Global,vegan,1 cup,28.0,284,9.2,73.0,0.7,70.1,0.0,35,80,2.6,20.4,0.2,high_fiber|low_fat|diet_friendly,USDA FoodData Central - SR Legacy,168581
usda-sr-169224,"Cowpeas, leafy tips, raw",,Vegetables and Vegetable Products,Global,vegan,"1 cup, chopped",36.0,29,4.1,4.8,0.2,0.0,0.0,7,10,1.5,1.7,0.1,low_calorie|low_fat|diet_friendly,USDA FoodData Central - SR Legacy,169224
usda-sr-169237,"Jew's ear, (pepeao), raw",,Vegetables and Vegetable Products,Global,vegan,1 cup slices,99.0,25,0.5,6.8,0.0,0.0,0.0,9,25,0.5,6.7,0.0,low_calorie|low_fat|diet_friendly,USDA FoodData Central - SR Legacy,169237
usda-sr-169242,"Mushrooms, shiitake, raw",,Vegetables and Vegetable Products,Global,vegan,1 piece whole,19.0,34,2.2,6.8,0.5,2.5,2.4,9,6,0.4,1.3,0.1,low_calorie|low_fat|diet_friendly,USDA FoodData Central - SR Legacy,169242
usda-sr-169249,"Lettuce, green leaf, raw",,Vegetables and Vegetable Products,Global,vegan,1 cup shredded,36.0,15,1.4,2.9,0.1,1.3,0.8,28,5,0.5,1.0,0.1,low_calorie|low_fat|diet_friendly,USDA FoodData Central - SR Legacy,169249
usda-sr-170010,"Peas, edible-podded, raw",,Vegetables and Vegetable Products,Global,vegan,"1 cup, chopped",98.0,42,2.8,7.5,0.2,2.6,4.0,4,41,2.7,7.4,0.2,low_calorie|low_fat|diet_friendly,USDA FoodData Central - SR Legacy,170010
usda-sr-168432,"Mountain yam, hawaii, raw",,Vegetables and Vegetable Products,Global,vegan,"0.5 cup, cubes",68.0,67,1.3,16.3,0.1,2.5,0.3,13,46,0.9,11.1,0.1,low_calorie|low_fat|diet_friendly,USDA FoodData Central - SR Legacy,168432
usda-sr-168453,"Radishes, oriental, dried",,Vegetables and Vegetable Products,Global,vegan,1 cup,116.0,271,7.9,63.4,0.7,23.9,37.3,278,314,9.2,73.5,0.8,high_fiber|low_fat|high_sugar,USDA FoodData Central - SR Legacy,168453
usda-sr-170495,"Seaweed, spirulina, dried",,Vegetables and Vegetable Products,Global,vegan,1 cup,112.0,290,57.5,23.9,7.7,3.6,3.1,1048,325,64.4,26.8,8.6,high_protein|high_sodium,USDA FoodData Central - SR Legacy,170495
usda-sr-168436,"Mushrooms, shiitake, dried",,Vegetables and Vegetable Products,Global,vegan,1 mushroom,3.6,296,9.6,75.4,1.0,11.5,2.2,13,11,0.3,2.7,0.0,high_fiber|low_fat|diet_friendly,USDA FoodData Central - SR Legacy,168436
usda-sr-169255,"Mushrooms, portabella, raw",,Vegetables and Vegetable Products,Global,vegan,1 cup diced,86.0,22,2.1,3.9,0.3,1.3,2.5,9,19,1.8,3.3,0.3,low_calorie|low_fat|diet_friendly,USDA FoodData Central - SR Legacy,169255
usda-sr-168422,"Mushrooms, Chanterelle, raw",,Vegetables and Vegetable Products,Global,vegan,1 cup,54.0,32,1.5,6.9,0.5,3.8,1.2,9,17,0.8,3.7,0.3,low_calorie|low_fat|diet_friendly,USDA FoodData Central - SR Legacy,168422
usda-sr-169995,"Chrysanthemum, garland, raw",,Vegetables and Vegetable Products,Global,vegan,"1 cup (1"" pieces)",25.0,24,3.4,3.0,0.6,3.0,0.0,118,6,0.8,0.8,0.1,low_calorie|low_fat|diet_friendly,USDA FoodData Central - SR Legacy,169995
usda-sr-170081,"Radishes, white icicle, raw",,Vegetables and Vegetable Products,Global,vegan,0.5 cup slices,50.0,14,1.1,2.6,0.1,1.4,0.0,16,7,0.6,1.3,0.1,low_calorie|low_fat|diet_friendly,USDA FoodData Central - SR Legacy,170081
usda-sr-170095,"Radish seeds, sprouted, raw",,Vegetables and Vegetable Products,Global,vegan,1 cup,38.0,43,3.8,3.6,2.5,0.0,0.0,6,16,1.4,1.4,1.0,low_calorie|low_fat,USDA FoodData Central - SR Legacy,170095
usda-sr-170474,"Vinespinach, (basella), raw",,Vegetables and Vegetable Products,Global,vegan,100 g,100.0,19,1.8,3.4,0.3,0.0,0.0,24,19,1.8,3.4,0.3,low_calorie|low_fat|diet_friendly,USDA FoodData Central - SR Legacy,170474
usda-sr-174118,"Beverages, chocolate syrup, prepared with whole milk",,Beverages,Global,vegetarian,1 cup (8 fl oz),282.0,90,3.1,12.8,3.0,0.3,11.3,47,254,8.7,36.0,8.3,low_fat,USDA FoodData Central - SR Legacy,174118
usda-sr-171905,"Beverages, Eggnog-flavor mix, powder, prepared with whole milk",,Beverages,Global,vegetarian,1 cup (8 fl oz),272.0,95,2.9,14.2,3.0,0.0,12.7,55,258,8.0,38.6,8.2,,USDA FoodData Central - SR Legacy,171905
usda-sr-174115,"Beverages, Carob-flavor beverage mix, powder, prepared with whole milk",,Beverages,Global,vegetarian,1 cup (8 fl oz),256.0,75,3.2,8.7,3.1,0.4,0.0,46,192,8.1,22.2,8.0,low_calorie|diet_friendly,USDA FoodData Central - SR Legacy,174115
usda-sr-171879,"Beverages, chocolate-flavor beverage mix, powder, prepared with whole milk",,Beverages,Global,vegetarian,1 cup (8 fl oz),266.0,85,3.2,12.0,3.2,0.4,0.0,58,226,8.6,31.8,8.6,,USDA FoodData Central - SR Legacy,171879
usda-sr-174870,"Beverages, Strawberry-flavor beverage mix, powder, prepared with whole milk",,Beverages,Global,vegetarian,1 cup (8 fl oz),266.0,88,3.0,12.3,3.1,0.0,0.0,48,234,8.0,32.7,8.2,,USDA FoodData Central - SR Legacy,174870
usda-sr-173221,"Beverages, Malted drink mix, natural, powder, prepared with whole milk",,Beverages,Global,vegetarian,1 cup (8 fl oz),265.0,88,3.9,10.2,3.6,0.1,9.6,79,233,10.2,27.1,9.6,,USDA FoodData Central - SR Legacy,173221
usda-sr-174867,"Beverages, Malted drink mix, chocolate, powder, prepared with whole milk",,Beverages,Global,vegetarian,1 cup (8 fl oz),265.0,85,3.4,11.2,3.3,0.5,6.7,60,225,8.9,29.7,8.7,,USDA FoodData Central - SR Legacy,174867
usda-sr-173648,"Beverages, coffee substitute, cereal grain beverage, powder, prepared with whole milk",,Beverages,Global,vegetarian,6 fl oz,185.0,65,3.3,5.6,3.3,0.1,0.0,49,120,6.1,10.4,6.1,low_calorie,USDA FoodData Central - SR Legacy,173648
usda-sr-174160,"Beverages, chocolate-flavor beverage mix for milk, powder, with added nutrients, prepared with whole milk",,Beverages,Global,vegetarian,1 serving,266.0,89,3.3,11.9,3.2,0.4,11.6,50,237,8.7,31.6,8.4,,USDA FoodData Central - SR Legacy,174160
usda-sr-173219,"Beverages, Malted drink mix, natural, with added nutrients, powder, prepared with whole milk",,Beverages,Global,vegetarian,1 cup (8 fl oz),265.0,86,3.7,10.7,3.2,0.0,8.4,72,228,9.7,28.3,8.5,,USDA FoodData Central - SR Legacy,173219
usda-sr-174865,"Beverages, Malted drink mix, chocolate, with added nutrients, powder, prepared with whole milk",,Beverages,Global,vegetarian,1 cup (8 fl oz),265.0,87,3.3,11.2,3.3,0.4,10.5,87,231,8.7,29.7,8.6,,USDA FoodData Central - SR Legacy,174865
usda-sr-174117,"Beverages, chocolate syrup",,Beverages,Global,vegan,1 serving 2 tbsp,39.0,279,2.1,65.1,1.1,2.6,49.6,72,109,0.8,25.4,0.4,low_fat|high_sugar,USDA FoodData Central - SR Legacy,174117
usda-sr-169044,"Beverages, Orange juice drink",,Beverages,Global,vegan,1 cup,249.0,54,0.2,13.4,0.0,0.2,9.4,2,134,0.5,33.4,0.0,low_calorie|low_fat|diet_friendly,USDA FoodData Central - SR Legacy,169044
usda-sr-167723,"Alcoholic beverage, rice (sake)",,Beverages,Global,vegan,1 fl oz,29.1,134,0.5,5.0,0.0,0.0,0.0,2,39,0.1,1.5,0.0,low_calorie|low_fat|diet_friendly,USDA FoodData Central - SR Legacy,167723
usda-sr-171907,"Beverages, Malt liquor beverage",,Beverages,Global,vegan,100 g,100.0,40,0.3,0.0,0.0,0.0,0.0,3,40,0.3,0.0,0.0,low_calorie|low_fat,USDA FoodData Central - SR Legacy,171907
usda-sr-173428,"Egg, yolk, dried",,Dairy and Egg Products,Global,eggetarian,"1 cup, sifted",67.0,669,33.6,0.7,59.1,0.0,0.2,149,448,22.5,0.4,39.6,,USDA FoodData Central - SR Legacy,173428
usda-sr-171281,"Whey, acid, dried",,Dairy and Egg Products,Global,vegetarian,1 cup,57.0,339,11.7,73.5,0.5,0.0,73.5,968,193,6.7,41.9,0.3,low_fat|high_sodium,USDA FoodData Central - SR Legacy,171281
usda-sr-172188,"Egg, whole, dried",,Dairy and Egg Products,Global,eggetarian,30 g,30.0,592,48.0,1.1,43.9,0.0,0.6,476,178,14.4,0.3,13.2,high_protein,USDA FoodData Central - SR Legacy,172188
usda-sr-172204,"Egg, white, dried",,Dairy and Egg Products,Global,eggetarian,1 oz,28.0,382,81.1,7.8,0.0,0.0,5.4,1280,107,22.7,2.2,0.0,high_protein|low_fat|high_sodium,USDA FoodData Central - SR Legacy,172204
usda-sr-171283,"Whey, sweet, dried",,Dairy and Egg Products,Global,vegetarian,100 g,100.0,353,12.9,74.5,1.1,0.0,74.5,1079,353,12.9,74.5,1.1,low_fat|high_sodium,USDA FoodData Central - SR Legacy,171283
usda-sr-170886,"Yogurt, plain, low fat",,Dairy and Egg Products,Global,vegetarian,1 container (6 oz),170.0,63,5.2,7.0,1.6,0.0,7.0,70,107,8.9,12.0,2.6,high_protein|low_calorie|low_fat|diet_friendly,USDA FoodData Central - SR Legacy,170886
usda-sr-171274,"Milk, buttermilk, dried",,Dairy and Egg Products,Global,vegetarian,0.25 cup,30.0,387,34.3,49.0,5.8,0.0,49.0,517,116,10.3,14.7,1.7,high_protein|diet_friendly,USDA FoodData Central - SR Legacy,171274
usda-sr-170887,"Yogurt, plain, skim milk",,Dairy and Egg Products,Global,vegetarian,1 container (6 oz),170.0,56,5.7,7.7,0.2,0.0,7.7,77,95,9.7,13.1,0.3,high_protein|low_calorie|low_fat|diet_friendly,USDA FoodData Central - SR Legacy,170887
usda-sr-171284,"Yogurt, plain, whole milk",,Dairy and Egg Products,Global,vegetarian,1 container (6 oz),170.0,61,3.5,4.7,3.2,0.0,4.7,46,104,5.9,7.9,5.5,low_calorie,USDA FoodData Central - SR Legacy,171284
usda-sr-170851,"Cheese, ricotta, whole milk",,Dairy and Egg Products,Global,vegetarian,0.5 cup,124.0,150,7.5,7.3,10.2,0.0,0.3,110,186,9.3,9.0,12.6,,USDA FoodData Central - SR Legacy,170851
usda-sr-170845,"Cheese, mozzarella, whole milk",,Dairy and Egg Products,Global,vegetarian,"1 cup, shredded",112.0,299,22.2,2.4,22.1,0.0,0.0,486,335,24.8,2.7,24.8,high_protein,USDA FoodData Central - SR Legacy,170845
usda-sr-172184,"Egg, yolk, raw, fresh",,Dairy and Egg Products,Global,eggetarian,1 large,17.0,322,15.9,3.6,26.5,0.0,0.6,48,55,2.7,0.6,4.5,,USDA FoodData Central - SR Legacy,172184
usda-sr-171287,"Egg, whole, raw, fresh",,Dairy and Egg Products,Global,eggetarian,1 large,50.0,143,12.6,0.7,9.5,0.0,0.4,142,72,6.3,0.4,4.8,low_calorie,USDA FoodData Central - SR Legacy,171287
usda-sr-172183,"Egg, white, raw, fresh",,Dairy and Egg Products,Global,eggetarian,1 large,33.0,52,10.9,0.7,0.2,0.0,0.7,166,17,3.6,0.2,0.1,low_calorie|low_fat|diet_friendly,USDA FoodData Central - SR Legacy,172183
usda-sr-173423,"Egg, whole, cooked, fried",,Dairy and Egg Products,Global,eggetarian,1 large,46.0,196,13.6,0.8,14.8,0.0,0.4,207,90,6.3,0.4,6.8,,USDA FoodData Central - SR Legacy,173423
usda-sr-172185,"Egg, whole, cooked, omelet",,Dairy and Egg Products,Global,eggetarian,1 large,61.0,154,10.6,0.6,11.7,0.0,0.3,155,94,6.4,0.4,7.1,,USDA FoodData Central - SR Legacy,172185
usda-sr-172186,"Egg, whole, cooked, poached",,Dairy and Egg Products,Global,eggetarian,1 large,50.0,143,12.5,0.7,9.5,0.0,0.4,297,72,6.3,0.4,4.7,low_calorie,USDA FoodData Central - SR Legacy,172186
usda-sr-170903,"Yogurt, Greek, plain, lowfat",,Dairy and Egg Products,Global,vegetarian,1 container (7 oz),200.0,73,9.9,3.9,1.9,0.0,3.6,34,146,19.9,7.9,3.8,high_protein|low_calorie|low_fat|diet_friendly,USDA FoodData Central - SR Legacy,170903
usda-sr-172187,"Egg, whole, cooked, scrambled",,Dairy and Egg Products,Global,eggetarian,1 large,61.0,149,10.0,1.6,11.0,0.0,1.4,145,91,6.1,1.0,6.7,low_calorie,USDA FoodData Central - SR Legacy,172187
usda-sr-172225,"Milk, buttermilk, fluid, whole",,Dairy and Egg Products,Global,vegetarian,1 cup,245.0,62,3.2,4.9,3.3,0.0,4.9,105,152,7.9,12.0,8.1,low_calorie,USDA FoodData Central - SR Legacy,172225
usda-sr-173424,"Egg, whole, cooked, hard-boiled",,Dairy and Egg Products,Global,eggetarian,"1 cup, chopped",136.0,155,12.6,1.1,10.6,0.0,1.1,124,211,17.1,1.5,14.4,high_protein,USDA FoodData Central - SR Legacy,173424
usda-sr-170905,"Yogurt, Greek, fruit, whole milk",,Dairy and Egg Products,Global,vegetarian,100 g,100.0,106,7.3,12.3,3.0,0.0,12.0,37,106,7.3,12.3,3.0,low_calorie|low_fat|diet_friendly,USDA FoodData Central - SR Legacy,170905
usda-sr-171304,"Yogurt, Greek, plain, whole milk",,Dairy and Egg Products,Global,vegetarian,100 g,100.0,97,9.0,4.0,5.0,0.0,4.0,35,97,9.0,4.0,5.0,high_protein|low_calorie,USDA FoodData Central - SR Legacy,171304
usda-sr-170876,"Milk, dry, whole, with added vitamin D",,Dairy and Egg Products,Global,vegetarian,0.25 cup,32.0,496,26.3,38.4,26.7,0.0,38.4,371,159,8.4,12.3,8.5,,USDA FoodData Central - SR Legacy,170876
usda-sr-173454,"Milk, dry, whole, without added vitamin D",,Dairy and Egg Products,Global,vegetarian,0.25 cup,32.0,496,26.3,38.4,26.7,0.0,38.4,371,159,8.4,12.3,8.5,,USDA FoodData Central - SR Legacy,173454
usda-sr-170846,"Cheese, mozzarella, whole milk, low moisture",,Dairy and Egg Products,Global,vegetarian,1 oz,28.4,318,21.6,2.5,24.6,0.0,1.0,710,90,6.1,0.7,7.0,high_sodium,USDA FoodData Central - SR Legacy,170846
usda-sr-171265,"Milk, whole, 3.25% milkfat, with added vitamin D",,Dairy and Egg Products,Global,vegetarian,1 cup,244.0,61,3.1,4.8,3.2,0.0,5.0,43,149,7.7,11.7,7.9,low_calorie,USDA FoodData Central - SR Legacy,171265
usda-sr-172217,"Milk, whole, 3.25% milkfat, without added vitamin A and vitamin D",,Dairy and Egg Products,Global,vegetarian,1 cup,244.0,61,3.1,4.8,3.3,0.0,5.0,43,149,7.7,11.7,8.0,low_calorie,USDA FoodData Central - SR Legacy,172217
usda-sr-172189,"Egg, duck, whole, fresh, raw",,Dairy and Egg Products,Global,eggetarian,1 egg,70.0,185,12.8,1.4,13.8,0.0,0.9,146,130,9.0,1.0,9.6,high_protein,USDA FoodData Central - SR Legacy,172189
usda-sr-172190,"Egg, goose, whole, fresh, raw",,Dairy and Egg Products,Global,eggetarian,1 egg,144.0,185,13.9,1.4,13.3,0.0,0.9,138,266,20.0,1.9,19.1,high_protein,USDA FoodData Central - SR Legacy,172190
usda-sr-172191,"Egg, quail, whole, fresh, raw",,Dairy and Egg Products,Global,eggetarian,1 egg,9.0,158,13.1,0.4,11.1,0.0,0.4,141,14,1.2,0.0,1.0,,USDA FoodData Central - SR Legacy,172191
usda-sr-172192,"Egg, turkey, whole, fresh, raw",,Dairy and Egg Products,Global,eggetarian,1 egg,79.0,171,13.7,1.1,11.9,0.0,0.0,151,135,10.8,0.9,9.4,high_protein,USDA FoodData Central - SR Legacy,172192
usda-sr-173421,"Egg, yolk, raw, frozen, pasteurized",,Dairy and Egg Products,Global,eggetarian,1 oz,28.4,296,15.5,0.8,25.6,0.0,0.2,67,84,4.4,0.2,7.3,,USDA FoodData Central - SR Legacy,173421
usda-sr-172203,"Egg, white, raw, frozen, pasteurized",,Dairy and Egg Products,Global,eggetarian,1 oz,28.0,48,10.2,1.0,0.0,0.0,0.2,169,13,2.9,0.3,0.0,low_calorie|low_fat|diet_friendly,USDA FoodData Central - SR Legacy,172203
usda-sr-170895,"Egg, white, dried, stabilized, glucose reduced",,Dairy and Egg Products,Global,eggetarian,"1 cup, sifted",107.0,357,84.1,4.5,0.3,0.0,0.0,1299,382,90.0,4.8,0.3,high_protein|low_fat|high_sodium,USDA FoodData Central - SR Legacy,170895
usda-sr-173425,"Egg, whole, dried, stabilized, glucose reduced",,Dairy and Egg Products,Global,eggetarian,30 g,30.0,615,48.2,2.4,44.0,0.0,0.0,548,184,14.5,0.7,13.2,high_protein,USDA FoodData Central - SR Legacy,173425
usda-sr-173436,"Egg, yolk, raw, frozen, salted, pasteurized",,Dairy and Egg Products,Global,eggetarian,1 oz,28.4,275,14.1,1.8,22.9,0.0,0.1,3487,78,4.0,0.5,6.5,high_sodium,USDA FoodData Central - SR Legacy,173436
usda-sr-170893,"Egg, whole, raw, frozen, salted, pasteurized",,Dairy and Egg Products,Global,eggetarian,1 oz,28.0,138,11.0,0.8,10.1,0.0,0.1,3663,39,3.1,0.2,2.8,low_calorie|high_sodium,USDA FoodData Central - SR Legacy,170893
usda-sr-173422,"Egg, yolk, raw, frozen, sugared, pasteurized",,Dairy and Egg Products,Global,eggetarian,1 oz,28.4,307,13.9,10.9,22.8,0.0,10.3,70,87,3.9,3.1,6.5,,USDA FoodData Central - SR Legacy,173422
usda-sr-173426,"Egg, white, dried, flakes, stabilized, glucose reduced",,Dairy and Egg Products,Global,eggetarian,1 oz,28.4,351,76.9,4.2,0.0,0.0,0.0,1156,100,21.8,1.2,0.0,high_protein|low_fat|high_sodium,USDA FoodData Central - SR Legacy,173426
usda-sr-173427,"Egg, white, dried, powder, stabilized, glucose reduced",,Dairy and Egg Products,Global,eggetarian,"1 cup, sifted",107.0,376,82.4,4.5,0.0,0.0,0.0,1238,402,88.2,4.8,0.0,high_protein|low_fat|high_sodium,USDA FoodData Central - SR Legacy,173427
usda-sr-170879,"Milk, chocolate, fluid, commercial, whole, with added vitamin A and vitamin D",,Dairy and Egg Products,Global,vegetarian,1 cup,250.0,83,3.2,10.3,3.4,0.8,9.5,60,208,7.9,25.9,8.5,,USDA FoodData Central - SR Legacy,170879
usda-sr-173461,Dulce de Leche,,Dairy and Egg Products,Global,vegetarian,1 tbsp,19.0,315,6.8,55.4,7.3,0.0,49.7,129,60,1.3,10.5,1.4,,USDA FoodData Central - SR Legacy,173461
usda-sr-172226,Ice cream sandwich,,Dairy and Egg Products,Global,vegetarian,1 serving,70.0,237,4.3,37.1,8.6,0.0,18.6,129,166,3.0,26.0,6.0,,USDA FoodData Central - SR Legacy,172226
usda-sr-169905,"Dove, cooked (includes squab)",,Poultry Products,Global,non_vegetarian,"1 cup, chopped or diced",140.0,213,23.9,0.0,13.0,0.0,0.0,57,298,33.5,0.0,18.2,high_protein,USDA FoodData Central - SR Legacy,169905
usda-sr-172832,"Emu, ground, raw",,Poultry Products,Global,non_vegetarian,1 patty,117.0,134,22.8,0.0,4.0,0.0,0.0,56,157,26.6,0.0,4.7,high_protein|diet_friendly,USDA FoodData Central - SR Legacy,172832
usda-sr-172838,"Emu, oyster, raw",,Poultry Products,Global,non_vegetarian,3 oz,85.0,141,22.8,0.0,4.9,0.0,0.0,150,120,19.4,0.0,4.1,high_protein|low_calorie|diet_friendly,USDA FoodData Central - SR Legacy,172838
usda-sr-172415,"Goose, liver, raw",,Poultry Products,Global,non_vegetarian,1 liver,94.0,133,16.4,6.3,4.3,0.0,0.0,140,125,15.4,5.9,4.0,high_protein|diet_friendly,USDA FoodData Central - SR Legacy,172415
usda-sr-174483,"Ostrich, fan, raw",,Poultry Products,Global,non_vegetarian,1 serving ( cooked from 4oz raw),85.0,117,21.8,0.0,2.6,0.0,0.0,75,99,18.5,0.0,2.3,high_protein|low_calorie|low_fat|diet_friendly,USDA FoodData Central - SR Legacy,174483
usda-sr-171505,"Turkey, Ground, raw",,Poultry Products,Global,non_vegetarian,4 oz,113.0,148,19.7,0.0,7.7,0.0,0.0,58,167,22.2,0.0,8.7,high_protein,USDA FoodData Central - SR Legacy,171505
usda-sr-172844,"Ostrich, round, raw",,Poultry Products,Global,non_vegetarian,1 serving (cooked from 4 oz raw),85.0,116,22.0,0.0,2.4,0.0,0.0,72,99,18.7,0.0,2.0,high_protein|low_calorie|low_fat|diet_friendly,USDA FoodData Central - SR Legacy,172844
usda-sr-174479,"Emu, full rump, raw",,Poultry Products,Global,non_vegetarian,3 oz,85.0,112,22.8,0.0,1.6,0.0,0.0,90,95,19.4,0.0,1.4,high_protein|low_calorie|low_fat|diet_friendly,USDA FoodData Central - SR Legacy,174479
usda-sr-171116,"Chicken, ground, raw",,Poultry Products,Global,non_vegetarian,4 oz crumbled,113.0,143,17.4,0.0,8.1,0.0,0.0,60,162,19.7,0.0,9.2,high_protein,USDA FoodData Central - SR Legacy,171116
usda-sr-174476,"Emu, fan fillet, raw",,Poultry Products,Global,non_vegetarian,1 serving ( 3 oz ),85.0,103,22.5,0.0,0.8,0.0,0.0,120,88,19.1,0.0,0.7,high_protein|low_calorie|low_fat|diet_friendly,USDA FoodData Central - SR Legacy,174476
usda-sr-174481,"Ostrich, ground, raw",,Poultry Products,Global,non_vegetarian,1 patty,109.0,165,20.2,0.0,8.7,0.0,0.0,72,180,22.0,0.0,9.5,high_protein,USDA FoodData Central - SR Legacy,174481
usda-sr-174487,"Ostrich, oyster, raw",,Poultry Products,Global,non_vegetarian,1 serving ( cooked from 4 oz raw),85.0,125,21.6,0.0,3.7,0.0,0.0,83,106,18.3,0.0,3.1,high_protein|low_calorie|diet_friendly,USDA FoodData Central - SR Legacy,174487
usda-sr-171119,"Chicken, feet, boiled",,Poultry Products,Global,non_vegetarian,3 oz,85.0,215,19.4,0.2,14.6,0.0,0.0,67,183,16.5,0.2,12.4,high_protein,USDA FoodData Central - SR Legacy,171119
usda-sr-172419,"Quail, meat only, raw",,Poultry Products,Global,non_vegetarian,1 quail,92.0,134,21.8,0.0,4.5,0.0,0.0,51,123,20.0,0.0,4.2,high_protein|diet_friendly,USDA FoodData Central - SR Legacy,172419
usda-sr-172835,"Emu, inside drum, raw",,Poultry Products,Global,non_vegetarian,3 oz,85.0,108,22.2,0.0,1.5,0.0,0.0,102,92,18.9,0.0,1.3,high_protein|low_calorie|low_fat|diet_friendly,USDA FoodData Central - SR Legacy,172835
usda-sr-174478,"Emu, flat fillet, raw",,Poultry Products,Global,non_vegetarian,3 oz,85.0,102,22.2,0.0,0.7,0.0,0.0,150,87,18.9,0.0,0.6,high_protein|low_calorie|low_fat|diet_friendly,USDA FoodData Central - SR Legacy,174478
usda-sr-171506,"Turkey, Ground, cooked",,Poultry Products,Global,non_vegetarian,3 oz,85.0,203,27.4,0.0,10.4,0.0,0.0,78,173,23.3,0.0,8.8,high_protein,USDA FoodData Central - SR Legacy,171506
usda-sr-172837,"Emu, outside drum, raw",,Poultry Products,Global,non_vegetarian,3 oz,85.0,103,23.1,0.0,0.5,0.0,0.0,100,88,19.6,0.0,0.4,high_protein|low_calorie|low_fat|diet_friendly,USDA FoodData Central - SR Legacy,172837
usda-sr-174489,"Ostrich, top loin, raw",,Poultry Products,Global,non_vegetarian,1 serving (cooked from 4 oz raw),85.0,119,21.7,0.0,3.0,0.0,0.0,81,101,18.4,0.0,2.5,high_protein|low_calorie|low_fat|diet_friendly,USDA FoodData Central - SR Legacy,174489
usda-sr-172843,"Ostrich, oyster, cooked",,Poultry Products,Global,non_vegetarian,1 serving ( 3 oz ),85.0,159,28.8,0.0,4.0,0.0,0.0,81,135,24.5,0.0,3.4,high_protein|diet_friendly,USDA FoodData Central - SR Legacy,172843
usda-sr-172839,"Ostrich, inside leg, raw",,Poultry Products,Global,non_vegetarian,1 serving ( cooked from 4 oz raw ),85.0,111,22.4,0.0,1.7,0.0,0.0,72,94,19.0,0.0,1.5,high_protein|low_calorie|low_fat|diet_friendly,USDA FoodData Central - SR Legacy,172839
usda-sr-172845,"Ostrich, tenderloin, raw",,Poultry Products,Global,non_vegetarian,1 serving (cooked from 4 oz raw),85.0,123,22.1,0.0,3.2,0.0,0.0,86,105,18.8,0.0,2.7,high_protein|low_calorie|diet_friendly,USDA FoodData Central - SR Legacy,172845
usda-sr-172420,"Lentils, raw",,Legumes and Legume Products,Global,vegan,100 g,100.0,352,24.6,63.4,1.1,10.7,2.0,6,352,24.6,63.4,1.1,high_protein|high_fiber|low_fat|diet_friendly,USDA FoodData Central - SR Legacy,172420
usda-sr-172467,"Tempeh, cooked",,Legumes and Legume Products,Global,vegan,100 g,100.0,195,19.9,7.6,11.4,0.0,0.0,14,195,19.9,7.6,11.4,high_protein,USDA FoodData Central - SR Legacy,172467
usda-sr-172450,"Tofu, dried-frozen (koyadofu)",,Legumes and Legume Products,Global,vegan,1 piece,17.0,477,52.5,10.0,30.3,7.2,0.0,6,81,8.9,1.7,5.2,high_protein|high_fiber,USDA FoodData Central - SR Legacy,172450
usda-sr-174263,"Peanuts, spanish, raw",,Legumes and Legume Products,Global,vegan,1 oz,28.4,570,26.1,15.8,49.6,9.5,0.0,22,162,7.4,4.5,14.1,high_fiber,USDA FoodData Central - SR Legacy,174263
usda-sr-172432,"Peanuts, valencia, raw",,Legumes and Legume Products,Global,vegan,1 oz,28.4,570,25.1,20.9,47.6,8.7,0.0,1,162,7.1,5.9,13.5,high_fiber,USDA FoodData Central - SR Legacy,172432
usda-sr-172434,"Peanuts, virginia, raw",,Legumes and Legume Products,Global,vegan,1 oz,28.4,563,25.2,16.5,48.8,8.5,4.0,10,160,7.1,4.7,13.8,high_fiber,USDA FoodData Central - SR Legacy,172434
usda-sr-172430,"Peanuts, all types, raw",,Legumes and Legume Products,Global,vegan,1 oz,28.4,567,25.8,16.1,49.2,8.5,4.7,18,161,7.3,4.6,14.0,high_fiber,USDA FoodData Central - SR Legacy,172430
usda-sr-172445,"Soy meal, defatted, raw",,Legumes and Legume Products,Global,vegan,1 cup,122.0,337,49.2,35.9,2.4,0.0,0.0,3,411,60.0,43.8,2.9,high_protein|low_fat|diet_friendly,USDA FoodData Central - SR Legacy,172445
usda-sr-174273,"Soy flour, full-fat, raw",,Legumes and Legume Products,Global,vegan,"1 cup, stirred",84.0,434,37.8,31.9,20.6,9.6,7.5,13,365,31.8,26.8,17.3,high_protein|high_fiber,USDA FoodData Central - SR Legacy,174273
usda-sr-172423,"Lupins, mature seeds, raw",,Legumes and Legume Products,Global,vegan,100 g,100.0,371,36.2,40.4,9.7,18.9,0.0,15,371,36.2,40.4,9.7,high_protein|high_fiber|diet_friendly,USDA FoodData Central - SR Legacy,172423
usda-sr-174284,"Lentils, pink or red, raw",,Legumes and Legume Products,Global,vegan,100 g,100.0,358,23.9,63.1,2.2,10.8,0.0,7,358,23.9,63.1,2.2,high_protein|high_fiber|low_fat|diet_friendly,USDA FoodData Central - SR Legacy,174284
usda-sr-174270,"Soybeans, mature seeds, raw",,Legumes and Legume Products,Global,vegan,100 g,100.0,446,36.5,30.2,19.9,9.3,7.3,2,446,36.5,30.2,19.9,high_protein|high_fiber,USDA FoodData Central - SR Legacy,174270
usda-sr-172425,"Mothbeans, mature seeds, raw",,Legumes and Legume Products,Global,vegan,100 g,100.0,343,22.9,61.5,1.6,0.0,0.0,30,343,22.9,61.5,1.6,high_protein|low_fat|diet_friendly,USDA FoodData Central - SR Legacy,172425
usda-sr-174274,"Soy flour, full-fat, roasted",,Legumes and Legume Products,Global,vegan,"1 cup, stirred",85.0,439,38.1,30.4,21.9,9.7,7.6,12,373,32.4,25.8,18.6,high_protein|high_fiber,USDA FoodData Central - SR Legacy,174274
usda-sr-174256,"Mung beans, mature seeds, raw",,Legumes and Legume Products,Global,vegan,100 g,100.0,347,23.9,62.6,1.1,16.3,6.6,15,347,23.9,62.6,1.1,high_protein|high_fiber|low_fat|diet_friendly,USDA FoodData Central - SR Legacy,174256
usda-sr-174259,"Mungo beans, mature seeds, raw",,Legumes and Legume Products,Global,vegan,100 g,100.0,341,25.2,59.0,1.6,18.3,0.0,38,341,25.2,59.0,1.6,high_protein|high_fiber|low_fat|diet_friendly,USDA FoodData Central - SR Legacy,174259
usda-sr-174283,"Winged beans, mature seeds, raw",,Legumes and Legume Products,Global,vegan,100 g,100.0,409,29.6,41.7,16.3,25.9,0.0,38,409,29.6,41.7,16.3,high_protein|high_fiber,USDA FoodData Central - SR Legacy,174283
usda-sr-174281,"Yardlong beans, mature seeds, raw",,Legumes and Legume Products,Global,vegan,100 g,100.0,347,24.3,61.9,1.3,11.0,0.0,17,347,24.3,61.9,1.3,high_protein|high_fiber|low_fat|diet_friendly,USDA FoodData Central - SR Legacy,174281
usda-sr-175210,"Hyacinth beans, mature seeds, raw",,Legumes and Legume Products,Global,vegan,100 g,100.0,344,23.9,60.7,1.7,25.6,0.0,21,344,23.9,60.7,1.7,high_protein|high_fiber|low_fat|diet_friendly,USDA FoodData Central - SR Legacy,175210
usda-sr-172441,"Soybeans, mature seeds, dry roasted",,Legumes and Legume Products,Global,vegan,1 cup,93.0,449,43.3,29.0,21.6,8.1,0.0,2,418,40.3,27.0,20.1,high_protein|high_fiber,USDA FoodData Central - SR Legacy,172441
usda-sr-172436,"Pigeon peas (red gram), mature seeds, raw",,Legumes and Legume Products,Global,vegan,100 g,100.0,343,21.7,62.8,1.5,15.0,0.0,17,343,21.7,62.8,1.5,high_protein|high_fiber|low_fat|diet_friendly,USDA FoodData Central - SR Legacy,172436
usda-sr-175205,"Broadbeans (fava beans), mature seeds, raw",,Legumes and Legume Products,Global,vegan,100 g,100.0,341,26.1,58.3,1.5,25.0,5.7,13,341,26.1,58.3,1.5,high_protein|high_fiber|low_fat|diet_friendly,USDA FoodData Central - SR Legacy,175205
usda-sr-174303,"Tofu, dried-frozen (koyadofu), prepared with calcium sulfate",,Legumes and Legume Products,Global,vegan,1 piece,17.0,470,52.4,8.3,30.3,1.2,0.0,6,80,8.9,1.4,5.2,high_protein,USDA FoodData Central - SR Legacy,174303
usda-sr-173745,"Beans, navy, mature seeds, raw",,Legumes and Legume Products,Global,vegan,100 g,100.0,337,22.3,60.8,1.5,15.3,3.9,5,337,22.3,60.8,1.5,high_protein|high_fiber|low_fat|diet_friendly,USDA FoodData Central - SR Legacy,173745
usda-sr-173748,"Beans, pink, mature seeds, raw",,Legumes and Legume Products,Global,vegan,100 g,100.0,343,21.0,64.2,1.1,12.7,2.1,8,343,21.0,64.2,1.1,high_fiber|low_fat|diet_friendly,USDA FoodData Central - SR Legacy,173748
usda-sr-173734,"Beans, black, mature seeds, raw",,Legumes and Legume Products,Global,vegan,100 g,100.0,341,21.6,62.4,1.4,15.5,2.1,5,341,21.6,62.4,1.4,high_protein|high_fiber|low_fat|diet_friendly,USDA FoodData Central - SR Legacy,173734
usda-sr-175202,"Beans, white, mature seeds, raw",,Legumes and Legume Products,Global,vegan,100 g,100.0,333,23.4,60.3,0.8,15.2,2.1,16,333,23.4,60.3,0.8,high_protein|high_fiber|low_fat|diet_friendly,USDA FoodData Central - SR Legacy,175202
usda-sr-173727,"Beans, adzuki, mature seeds, raw",,Legumes and Legume Products,Global,vegan,100 g,100.0,329,19.9,62.9,0.5,12.7,0.0,5,329,19.9,62.9,0.5,high_fiber|low_fat|diet_friendly,USDA FoodData Central - SR Legacy,173727
usda-sr-173738,"Beans, french, mature seeds, raw",,Legumes and Legume Products,Global,vegan,100 g,100.0,343,18.8,64.1,2.0,25.2,0.0,18,343,18.8,64.1,2.0,high_fiber|low_fat|diet_friendly,USDA FoodData Central - SR Legacy,173738
usda-sr-173751,"Beans, yellow, mature seeds, raw",,Legumes and Legume Products,Global,vegan,100 g,100.0,345,22.0,60.7,2.6,25.1,0.0,12,345,22.0,60.7,2.6,high_protein|high_fiber|low_fat|diet_friendly,USDA FoodData Central - SR Legacy,173751
usda-sr-175208,"Cowpeas, catjang, mature seeds, raw",,Legumes and Legume Products,Global,vegan,100 g,100.0,343,23.9,59.6,2.1,10.7,0.0,58,343,23.9,59.6,2.1,high_protein|high_fiber|low_fat|diet_friendly,USDA FoodData Central - SR Legacy,175208
usda-sr-174252,"Lima beans, large, mature seeds, raw",,Legumes and Legume Products,Global,vegan,100 g,100.0,338,21.5,63.4,0.7,19.0,8.5,18,338,21.5,63.4,0.7,high_protein|high_fiber|low_fat|diet_friendly,USDA FoodData Central - SR Legacy,174252
usda-sr-173749,"Beans, small white, mature seeds, raw",,Legumes and Legume Products,Global,vegan,100 g,100.0,336,21.1,62.2,1.2,24.9,0.0,12,336,21.1,62.2,1.2,high_protein|high_fiber|low_fat|diet_friendly,USDA FoodData Central - SR Legacy,173749
usda-sr-175186,"Beans, black turtle, mature seeds, raw",,Legumes and Legume Products,Global,vegan,100 g,100.0,339,21.2,63.2,0.9,15.5,2.1,9,339,21.2,63.2,0.9,high_protein|high_fiber|low_fat|diet_friendly,USDA FoodData Central - SR Legacy,175186
usda-sr-172440,"Soybeans, mature seeds, roasted, salted",,Legumes and Legume Products,Global,vegan,30 g,30.0,469,38.5,30.2,25.4,17.7,4.2,163,141,11.6,9.1,7.6,high_protein|high_fiber,USDA FoodData Central - SR Legacy,172440
usda-sr-175182,"Beans, baked, canned, plain or vegetarian",,Legumes and Legume Products,Global,vegan,1 cup,254.0,94,4.8,21.1,0.4,4.1,8.0,343,239,12.1,53.7,0.9,high_fiber|low_fat|diet_friendly,USDA FoodData Central - SR Legacy,175182
usda-sr-173807,"Peanuts, spanish, oil-roasted",,Legumes and Legume Products,Global,vegan,1 oz,28.4,579,28.0,17.4,49.0,8.9,0.0,6,164,7.9,4.9,13.9,high_fiber,USDA FoodData Central - SR Legacy,173807
usda-sr-175189,"Beans, cranberry (roman), mature seeds, raw",,Legumes and Legume Products,Global,vegan,100 g,100.0,335,23.0,60.0,1.2,24.7,0.0,6,335,23.0,60.0,1.2,high_protein|high_fiber|low_fat|diet_friendly,USDA FoodData Central - SR Legacy,175189
usda-sr-173808,"Peanuts, valencia, oil-roasted",,Legumes and Legume Products,Global,vegan,1 oz,28.4,589,27.0,16.3,51.2,8.9,0.0,6,167,7.7,4.6,14.5,high_fiber,USDA FoodData Central - SR Legacy,173808
usda-sr-173809,"Peanuts, virginia, oil-roasted",,Legumes and Legume Products,Global,vegan,1 oz,28.4,578,25.9,19.9,48.6,8.9,0.0,6,164,7.3,5.6,13.8,high_fiber,USDA FoodData Central - SR Legacy,173809
usda-sr-173806,"Peanuts, all types, dry-roasted",,Legumes and Legume Products,Global,vegan,1 oz,28.4,587,24.4,21.3,49.7,8.4,4.9,6,166,6.9,6.0,14.1,high_fiber,USDA FoodData Central - SR Legacy,173806
usda-sr-174271,"Soybeans, mature cooked, boiled",,Legumes and Legume Products,Global,vegan,1 cup,172.0,172,18.2,8.4,9.0,6.0,3.0,1,296,31.3,14.4,15.4,high_protein|high_fiber,USDA FoodData Central - SR Legacy,174271
usda-sr-175258,"Peanuts, all types, oil-roasted",,Legumes and Legume Products,Global,vegan,1 oz shelled (32 nuts),28.4,599,28.0,15.3,52.5,9.4,4.2,6,170,7.9,4.3,14.9,high_fiber,USDA FoodData Central - SR Legacy,175258
usda-sr-172475,"Tofu, raw, firm, prepared with calcium sulfate",,Legumes and Legume Products,Global,vegan,0.5 cup,126.0,144,17.3,2.8,8.7,2.3,0.0,14,181,21.8,3.5,11.0,high_protein,USDA FoodData Central - SR Legacy,172475
usda-sr-174300,"Soybeans, mature seeds, roasted, no salt added",,Legumes and Legume Products,Global,vegan,30 g,30.0,469,38.5,30.2,25.4,17.7,0.0,4,141,11.6,9.1,7.6,high_protein|high_fiber,USDA FoodData Central - SR Legacy,174300
usda-sr-172476,"Tofu, raw, regular, prepared with calcium sulfate",,Legumes and Legume Products,Global,vegan,0.5 cup,124.0,76,8.1,1.9,4.8,0.3,0.6,7,94,10.0,2.3,5.9,high_protein|low_calorie,USDA FoodData Central - SR Legacy,172476
usda-sr-174255,"Lima beans, thin seeded (baby), mature seeds, raw",,Legumes and Legume Products,Global,vegan,100 g,100.0,335,20.6,62.8,0.9,20.6,8.3,13,335,20.6,62.8,0.9,high_fiber|low_fat|diet_friendly,USDA FoodData Central - SR Legacy,174255
usda-sr-173756,"Chickpeas (garbanzo beans, bengal gram), mature seeds, raw",,Legumes and Legume Products,Global,vegan,100 g,100.0,378,20.5,63.0,6.0,12.2,10.7,24,378,20.5,63.0,6.0,high_fiber|diet_friendly,USDA FoodData Central - SR Legacy,173756
usda-sr-172428,"Peas, green, split, mature seeds, raw",,Legumes and Legume Products,Global,vegan,100 g,100.0,364,23.1,61.6,3.9,22.2,3.1,5,364,23.1,61.6,3.9,high_protein|high_fiber|diet_friendly,USDA FoodData Central - SR Legacy,172428
usda-sr-173744,"Beans, kidney, red, mature seeds, raw",,Legumes and Legume Products,Global,vegan,100 g,100.0,337,22.5,61.3,1.1,15.2,2.1,12,337,22.5,61.3,1.1,high_protein|high_fiber|low_fat|diet_friendly,USDA FoodData Central - SR Legacy,173744
usda-sr-169065,"Beans, chili, barbecue, ranch style, cooked",,Legumes and Legume Products,Global,vegan,1 cup,253.0,97,5.0,16.9,1.0,4.2,5.2,725,245,12.7,42.8,2.5,high_fiber|low_fat|high_sodium,USDA FoodData Central - SR Legacy,169065
usda-sr-175193,"Beans, kidney, all types, mature seeds, raw",,Legumes and Legume Products,Global,vegan,100 g,100.0,333,23.6,60.0,0.8,24.9,2.2,24,333,23.6,60.0,0.8,high_protein|high_fiber|low_fat|diet_friendly,USDA FoodData Central - SR Legacy,175193
usda-sr-175196,"Beans, kidney, royal red, mature seeds, raw",,Legumes and Legume Products,Global,vegan,100 g,100.0,329,25.3,58.3,0.5,24.9,0.0,13,329,25.3,58.3,0.5,high_protein|high_fiber|low_fat|diet_friendly,USDA FoodData Central - SR Legacy,175196
usda-sr-173742,"Beans, kidney, california red, mature seeds, raw",,Legumes and Legume Products,Global,vegan,100 g,100.0,330,24.4,59.8,0.2,24.9,0.0,11,330,24.4,59.8,0.2,high_protein|high_fiber|low_fat|diet_friendly,USDA FoodData Central - SR Legacy,173742
usda-sr-172424,"Lupins, mature seeds, cooked, boiled",,Legumes and Legume Products,Global,vegan,1 cup,166.0,119,15.6,9.9,2.9,2.8,0.0,4,198,25.8,16.4,4.8,high_protein|low_fat|diet_friendly,USDA FoodData Central - SR Legacy,172424
usda-sr-171667,"Cereals, whole wheat hot natural cereal, dry",,Breakfast Cereals,Global,vegan,1 cup,94.0,342,11.2,75.2,2.0,9.5,0.4,2,321,10.5,70.7,1.9,high_fiber|low_fat|diet_friendly,USDA FoodData Central - SR Legacy,171667
usda-sr-173896,"Cereals ready-to-eat, wheat germ, toasted, plain",,Breakfast Cereals,Global,vegan,1 oz,28.4,382,29.1,49.6,10.7,15.1,7.8,4,108,8.2,14.1,3.0,high_protein|high_fiber|diet_friendly,USDA FoodData Central - SR Legacy,173896
usda-sr-171668,"Cereals, whole wheat hot natural cereal, cooked with water",,Breakfast Cereals,Global,vegan,1 cup,242.0,62,2.0,13.7,0.4,1.6,0.1,0,150,4.8,33.2,1.0,low_calorie|low_fat|diet_friendly,USDA FoodData Central - SR Legacy,171668
usda-sr-171661,"Cereals, oats, instant, fortified, plain, dry",,Breakfast Cereals,Global,vegan,1 packet,28.0,362,11.9,69.5,6.9,10.0,1.5,220,101,3.3,19.5,1.9,high_fiber|diet_friendly,USDA FoodData Central - SR Legacy,171661
usda-sr-171662,"Cereals, oats, instant, fortified, plain, prepared with water (boiling water added or microwaved)",,Breakfast Cereals,Global,vegan,"1 cup, cooked",234.0,68,2.4,11.7,1.4,1.7,0.5,49,159,5.5,27.3,3.2,low_calorie|low_fat|diet_friendly,USDA FoodData Central - SR Legacy,171662
usda-sr-173905,"Cereals, oats, regular and quick, unenriched, cooked with water (includes boiling and microwaving)",,Breakfast Cereals,Global,vegan,1 cup,234.0,71,2.5,12.0,1.5,1.7,0.3,4,166,5.9,28.1,3.6,low_calorie|low_fat|diet_friendly,USDA FoodData Central - SR Legacy,173905
usda-sr-171655,"Cereals, corn grits, white, regular and quick, enriched, cooked with water",,Breakfast Cereals,Global,vegan,1 cup,257.0,71,1.7,14.8,0.5,0.8,0.1,2,182,4.4,37.9,1.2,low_calorie|low_fat|diet_friendly,USDA FoodData Central - SR Legacy,171655
usda-sr-171672,"Cereals, corn grits, yellow, regular and quick, enriched, cooked with water",,Breakfast Cereals,Global,vegan,1 cup,233.0,65,1.2,13.9,0.4,0.7,0.1,2,151,2.9,32.3,0.9,low_calorie|low_fat|diet_friendly,USDA FoodData Central - SR Legacy,171672
usda-sr-167724,"Millet, puffed",,Breakfast Cereals,Global,vegan,1 cup,21.0,354,13.0,80.0,3.4,2.7,0.6,5,74,2.7,16.8,0.7,,USDA FoodData Central - SR Legacy,167724
usda-sr-169039,"Cereals ready-to-eat, frosted oat cereal with marshmallows",,Breakfast Cereals,Global,vegan,0.75 cup (1 NLEA serving),30.0,400,7.1,84.7,3.3,4.3,36.1,533,120,2.1,25.4,1.0,high_sugar,USDA FoodData Central - SR Legacy,169039
usda-sr-168148,"Frog legs, raw",,Finfish and Shellfish Products,Global,non_vegetarian,1 leg,45.0,73,16.4,0.0,0.3,0.0,0.0,58,33,7.4,0.0,0.1,low_calorie|low_fat|diet_friendly,USDA FoodData Central - SR Legacy,168148
usda-sr-171952,"Fish, carp, raw",,Finfish and Shellfish Products,Global,non_vegetarian,3 oz,85.0,127,17.8,0.0,5.6,0.0,0.0,49,108,15.2,0.0,4.8,high_protein|low_calorie|diet_friendly,USDA FoodData Central - SR Legacy,171952
usda-sr-171958,"Fish, cusk, raw",,Finfish and Shellfish Products,Global,non_vegetarian,1 fillet,122.0,87,19.0,0.0,0.7,0.0,0.0,31,106,23.2,0.0,0.8,high_protein|low_calorie|low_fat|diet_friendly,USDA FoodData Central - SR Legacy,171958
usda-sr-173670,"Fish, ling, raw",,Finfish and Shellfish Products,Global,non_vegetarian,3 oz,85.0,87,19.0,0.0,0.6,0.0,0.0,135,74,16.1,0.0,0.5,high_protein|low_calorie|low_fat|diet_friendly,USDA FoodData Central - SR Legacy,173670
usda-sr-173700,"Fish, spot, raw",,Finfish and Shellfish Products,Global,non_vegetarian,1 fillet,64.0,123,18.5,0.0,4.9,0.0,0.0,29,79,11.8,0.0,3.1,high_protein|low_calorie|diet_friendly,USDA FoodData Central - SR Legacy,173700
usda-sr-175141,"Fish, scup, raw",,Finfish and Shellfish Products,Global,non_vegetarian,3 oz,85.0,105,18.9,0.0,2.7,0.0,0.0,42,89,16.0,0.0,2.3,high_protein|low_calorie|low_fat|diet_friendly,USDA FoodData Central - SR Legacy,175141
usda-sr-171953,"Fish, cisco, raw",,Finfish and Shellfish Products,Global,non_vegetarian,1 fillet,79.0,98,19.0,0.0,1.9,0.0,0.0,55,77,15.0,0.0,1.5,high_protein|low_calorie|low_fat|diet_friendly,USDA FoodData Central - SR Legacy,171953
usda-sr-171950,"Fish, burbot, raw",,Finfish and Shellfish Products,Global,non_vegetarian,1 fillet,116.0,90,19.3,0.0,0.8,0.0,0.0,97,104,22.4,0.0,0.9,high_protein|low_calorie|low_fat|diet_friendly,USDA FoodData Central - SR Legacy,171950
usda-sr-167745,"Turtle, green, raw",,Finfish and Shellfish Products,Global,non_vegetarian,3 oz,85.0,89,19.8,0.0,0.5,0.0,0.0,68,76,16.8,0.0,0.4,high_protein|low_calorie|low_fat|diet_friendly,USDA FoodData Central - SR Legacy,167745
usda-sr-171964,"Fish, haddock, raw",,Finfish and Shellfish Products,Global,non_vegetarian,3 oz,85.0,74,16.3,0.0,0.5,0.0,0.0,213,63,13.9,0.0,0.4,high_protein|low_calorie|low_fat|diet_friendly,USDA FoodData Central - SR Legacy,171964
usda-sr-173671,"Fish, lingcod, raw",,Finfish and Shellfish Products,Global,non_vegetarian,3 oz,85.0,85,17.7,0.0,1.1,0.0,0.0,59,72,15.0,0.0,0.9,high_protein|low_calorie|low_fat|diet_friendly,USDA FoodData Central - SR Legacy,173671
usda-sr-175176,"Fish, tilapia, raw",,Finfish and Shellfish Products,Global,non_vegetarian,1 fillet,116.0,96,20.1,0.0,1.7,0.0,0.0,52,111,23.3,0.0,2.0,high_protein|low_calorie|low_fat|diet_friendly,USDA FoodData Central - SR Legacy,175176
usda-sr-171949,"Fish, bluefish, raw",,Finfish and Shellfish Products,Global,non_vegetarian,1 fillet,150.0,124,20.0,0.0,4.2,0.0,0.0,60,186,30.1,0.0,6.4,high_protein|diet_friendly,USDA FoodData Central - SR Legacy,171949
usda-sr-171959,"Fish, mahimahi, raw",,Finfish and Shellfish Products,Global,non_vegetarian,3 oz,85.0,85,18.5,0.0,0.7,0.0,0.0,88,72,15.7,0.0,0.6,high_protein|low_calorie|low_fat|diet_friendly,USDA FoodData Central - SR Legacy,171959
usda-sr-173675,"Fish, milkfish, raw",,Finfish and Shellfish Products,Global,non_vegetarian,3 oz,85.0,148,20.5,0.0,6.7,0.0,0.0,72,126,17.5,0.0,5.7,high_protein|diet_friendly,USDA FoodData Central - SR Legacy,173675
usda-sr-173676,"Fish, monkfish, raw",,Finfish and Shellfish Products,Global,non_vegetarian,3 oz,85.0,76,14.5,0.0,1.5,0.0,0.0,18,65,12.3,0.0,1.3,high_protein|low_calorie|low_fat|diet_friendly,USDA FoodData Central - SR Legacy,173676
usda-sr-173705,"Fish, tilefish, raw",,Finfish and Shellfish Products,Global,non_vegetarian,3 oz,85.0,96,17.5,0.0,2.3,0.0,0.0,53,82,14.9,0.0,2.0,high_protein|low_calorie|low_fat|diet_friendly,USDA FoodData Central - SR Legacy,173705
usda-sr-167744,"Mollusks, snail, raw",,Finfish and Shellfish Products,Global,non_vegetarian,3 oz,85.0,90,16.1,2.0,1.4,0.0,0.0,70,76,13.7,1.7,1.2,high_protein|low_calorie|low_fat|diet_friendly,USDA FoodData Central - SR Legacy,167744
usda-sr-173703,"Fish, swordfish, raw",,Finfish and Shellfish Products,Global,non_vegetarian,3 oz,85.0,144,19.7,0.0,6.7,0.0,0.0,81,122,16.7,0.0,5.7,high_protein|diet_friendly,USDA FoodData Central - SR Legacy,173703
usda-sr-175134,"Fish, sablefish, raw",,Finfish and Shellfish Products,Global,non_vegetarian,3 oz,85.0,195,13.4,0.0,15.3,0.0,0.0,56,166,11.4,0.0,13.0,high_protein,USDA FoodData Central - SR Legacy,175134
usda-sr-171951,"Fish, butterfish, raw",,Finfish and Shellfish Products,Global,non_vegetarian,1 fillet,32.0,146,17.3,0.0,8.0,0.0,0.0,89,47,5.5,0.0,2.6,low_calorie,USDA FoodData Central - SR Legacy,171951
usda-sr-175144,"Fish, sheepshead, raw",,Finfish and Shellfish Products,Global,non_vegetarian,3 oz,85.0,108,20.2,0.0,2.4,0.0,0.0,71,92,17.2,0.0,2.0,high_protein|low_calorie|low_fat|diet_friendly,USDA FoodData Central - SR Legacy,175144
usda-sr-168129,"Jellyfish, dried, salted",,Finfish and Shellfish Products,Global,non_vegetarian,1 cup,58.0,36,5.5,0.0,1.4,0.0,0.0,9690,21,3.2,0.0,0.8,low_calorie|low_fat|high_sodium,USDA FoodData Central - SR Legacy,168129
usda-sr-175179,"Crustaceans, shrimp, raw",,Finfish and Shellfish Products,Global,non_vegetarian,3 oz,85.0,85,20.1,0.0,0.5,0.0,0.0,119,72,17.1,0.0,0.4,high_protein|low_calorie|low_fat|diet_friendly,USDA FoodData Central - SR Legacy,175179
usda-sr-175180,"Crustaceans, shrimp, cooked",,Finfish and Shellfish Products,Global,non_vegetarian,3 oz,85.0,99,24.0,0.2,0.3,0.0,0.0,111,84,20.4,0.2,0.2,high_protein|low_calorie|low_fat|diet_friendly,USDA FoodData Central - SR Legacy,175180
usda-sr-173722,"Salmon nuggets, cooked as purchased, unheated",,Finfish and Shellfish Products,Global,non_vegetarian,1 oz,28.4,189,12.0,11.8,10.4,0.0,0.0,167,54,3.4,3.4,3.0,,USDA FoodData Central - SR Legacy,173722
usda-sr-174196,"Fish, flatfish (flounder and sole species), raw",,Finfish and Shellfish Products,Global,non_vegetarian,"1 oz, boneless",28.4,70,12.4,0.0,1.9,0.0,0.0,296,20,3.5,0.0,0.5,low_calorie|low_fat|diet_friendly,USDA FoodData Central - SR Legacy,174196
usda-sr-173677,"Fish, pout, ocean, raw",,Finfish and Shellfish Products,Global,non_vegetarian,3 oz,85.0,79,16.6,0.0,0.9,0.0,0.0,61,67,14.1,0.0,0.8,high_protein|low_calorie|low_fat|diet_friendly,USDA FoodData Central - SR Legacy,173677
usda-sr-173689,"Fish, salmon, chum, raw",,Finfish and Shellfish Products,Global,non_vegetarian,3 oz,85.0,120,20.1,0.0,3.8,0.0,0.0,50,102,17.1,0.0,3.2,high_protein|low_calorie|diet_friendly,USDA FoodData Central - SR Legacy,173689
usda-sr-175138,"Fish, salmon, pink, raw",,Finfish and Shellfish Products,Global,non_vegetarian,3 oz,85.0,127,20.5,0.0,4.4,0.0,0.0,75,108,17.4,0.0,3.7,high_protein|low_calorie|diet_friendly,USDA FoodData Central - SR Legacy,175138
usda-sr-171948,"Fish, bass, striped, raw",,Finfish and Shellfish Products,Global,non_vegetarian,3 oz,85.0,97,17.7,0.0,2.3,0.0,0.0,69,82,15.1,0.0,2.0,high_protein|low_calorie|low_fat|diet_friendly,USDA FoodData Central - SR Legacy,171948
usda-sr-171955,"Fish, cod, Atlantic, raw",,Finfish and Shellfish Products,Global,non_vegetarian,3 oz,85.0,82,17.8,0.0,0.7,0.0,0.0,54,70,15.1,0.0,0.6,high_protein|low_calorie|low_fat|diet_friendly,USDA FoodData Central - SR Legacy,171955
usda-sr-175128,"Fish, pike, walleye, raw",,Finfish and Shellfish Products,Global,non_vegetarian,3 oz,85.0,93,19.1,0.0,1.2,0.0,0.0,51,79,16.3,0.0,1.0,high_protein|low_calorie|low_fat|diet_friendly,USDA FoodData Central - SR Legacy,175128
usda-sr-175150,"Fish, sucker, white, raw",,Finfish and Shellfish Products,Global,non_vegetarian,3 oz,85.0,92,16.8,0.0,2.3,0.0,0.0,40,78,14.2,0.0,2.0,high_protein|low_calorie|low_fat|diet_friendly,USDA FoodData Central - SR Legacy,175150
usda-sr-173680,"Fish, pike, northern, raw",,Finfish and Shellfish Products,Global,non_vegetarian,3 oz,85.0,88,19.3,0.0,0.7,0.0,0.0,39,75,16.4,0.0,0.6,high_protein|low_calorie|low_fat|diet_friendly,USDA FoodData Central - SR Legacy,173680
usda-sr-173696,"Fish, shad, american, raw",,Finfish and Shellfish Products,Global,non_vegetarian,3 oz,85.0,197,16.9,0.0,13.8,0.0,0.0,51,167,14.4,0.0,11.7,high_protein,USDA FoodData Central - SR Legacy,173696
usda-sr-175122,"Fish, mackerel, king, raw",,Finfish and Shellfish Products,Global,non_vegetarian,3 oz,85.0,105,20.3,0.0,2.0,0.0,0.0,158,89,17.2,0.0,1.7,high_protein|low_calorie|low_fat|diet_friendly,USDA FoodData Central - SR Legacy,175122
usda-sr-175133,"Fish, roughy, orange, raw",,Finfish and Shellfish Products,Global,non_vegetarian,3 oz,85.0,76,16.4,0.0,0.7,0.0,0.0,72,65,13.9,0.0,0.6,high_protein|low_calorie|low_fat|diet_friendly,USDA FoodData Central - SR Legacy,175133
usda-sr-175146,"Fish, smelt, rainbow, raw",,Finfish and Shellfish Products,Global,non_vegetarian,3 oz,85.0,97,17.6,0.0,2.4,0.0,0.0,60,82,15.0,0.0,2.1,high_protein|low_calorie|low_fat|diet_friendly,USDA FoodData Central - SR Legacy,175146
usda-sr-173688,"Fish, salmon, chinook, raw",,Finfish and Shellfish Products,Global,non_vegetarian,3 oz,85.0,179,19.9,0.0,10.4,0.0,0.0,47,152,16.9,0.0,8.9,high_protein,USDA FoodData Central - SR Legacy,173688
usda-sr-173691,"Fish, salmon, sockeye, raw",,Finfish and Shellfish Products,Global,non_vegetarian,"1 oz, boneless",28.4,131,22.2,0.0,4.7,0.0,0.0,78,37,6.3,0.0,1.3,low_calorie|diet_friendly,USDA FoodData Central - SR Legacy,173691
usda-sr-173725,"Fish, pollock, Alaska, raw",,Finfish and Shellfish Products,Global,non_vegetarian,3 oz,85.0,76,17.2,0.0,0.8,0.0,0.0,159,65,14.6,0.0,0.7,high_protein|low_calorie|low_fat|diet_friendly,USDA FoodData Central - SR Legacy,173725
usda-sr-175123,"Fish, mullet, striped, raw",,Finfish and Shellfish Products,Global,non_vegetarian,1 oz,28.4,117,19.4,0.0,3.8,0.0,0.0,65,33,5.5,0.0,1.1,low_calorie|diet_friendly,USDA FoodData Central - SR Legacy,175123
usda-sr-175178,"Fish, cod, Pacific, cooked",,Finfish and Shellfish Products,Global,non_vegetarian,3 oz,85.0,84,20.4,0.0,0.2,0.0,0.0,134,71,17.4,0.0,0.2,high_protein|low_calorie|low_fat|diet_friendly,USDA FoodData Central - SR Legacy,175178
usda-sr-171960,"Fish, drum, freshwater, raw",,Finfish and Shellfish Products,Global,non_vegetarian,3 oz,85.0,119,17.5,0.0,4.9,0.0,0.0,75,101,14.9,0.0,4.2,high_protein|low_calorie|diet_friendly,USDA FoodData Central - SR Legacy,171960
usda-sr-173669,"Fish, herring, Pacific, raw",,Finfish and Shellfish Products,Global,non_vegetarian,3 oz,85.0,195,16.4,0.0,13.9,0.0,0.0,74,166,13.9,0.0,11.8,high_protein,USDA FoodData Central - SR Legacy,173669
usda-sr-173682,"Fish, pompano, florida, raw",,Finfish and Shellfish Products,Global,non_vegetarian,"1 oz, boneless",28.4,164,18.5,0.0,9.5,0.0,0.0,65,46,5.2,0.0,2.7,,USDA FoodData Central - SR Legacy,173682
usda-sr-173710,"Fish, turbot, european, raw",,Finfish and Shellfish Products,Global,non_vegetarian,3 oz,85.0,95,16.1,0.0,3.0,0.0,0.0,150,81,13.6,0.0,2.5,high_protein|low_calorie|low_fat|diet_friendly,USDA FoodData Central - SR Legacy,173710
usda-sr-174216,"Mollusks, mussel, blue, raw",,Finfish and Shellfish Products,Global,non_vegetarian,1 cup,150.0,86,11.9,3.7,2.2,0.0,0.0,286,129,17.9,5.5,3.4,high_protein|low_fat|diet_friendly,USDA FoodData Central - SR Legacy,174216
usda-sr-171991,"Fish, cusk, cooked, dry heat",,Finfish and Shellfish Products,Global,non_vegetarian,1 fillet,95.0,112,24.4,0.0,0.9,0.0,0.0,40,106,23.1,0.0,0.8,high_protein|low_calorie|low_fat|diet_friendly,USDA FoodData Central - SR Legacy,171991
usda-sr-173673,"Fish, mackerel, spanish, raw",,Finfish and Shellfish Products,Global,non_vegetarian,3 oz,85.0,139,19.3,0.0,6.3,0.0,0.0,59,118,16.4,0.0,5.4,high_protein|low_calorie|diet_friendly,USDA FoodData Central - SR Legacy,173673
usda-sr-174182,"Fish, anchovy, european, raw",,Finfish and Shellfish Products,Global,non_vegetarian,3 oz,85.0,131,20.4,0.0,4.8,0.0,0.0,104,111,17.3,0.0,4.1,high_protein|low_calorie|diet_friendly,USDA FoodData Central - SR Legacy,174182
usda-sr-174185,"Fish, carp, cooked, dry heat",,Finfish and Shellfish Products,Global,non_vegetarian,3 oz,85.0,162,22.9,0.0,7.2,0.0,0.0,63,138,19.4,0.0,6.1,high_protein|diet_friendly,USDA FoodData Central - SR Legacy,174185
usda-sr-174192,"Fish, croaker, Atlantic, raw",,Finfish and Shellfish Products,Global,non_vegetarian,1 fillet,79.0,104,17.8,0.0,3.2,0.0,0.0,56,82,14.0,0.0,2.5,high_protein|low_calorie|diet_friendly,USDA FoodData Central - SR Legacy,174192
usda-sr-174204,"Crustaceans, crab, blue, raw",,Finfish and Shellfish Products,Global,non_vegetarian,3 oz,85.0,87,18.1,0.0,1.1,0.0,0.0,293,74,15.4,0.0,0.9,high_protein|low_calorie|low_fat|diet_friendly,USDA FoodData Central - SR Legacy,174204
usda-sr-173021,"Figs, raw",,Fruits and Fruit Juices,Global,vegan,"1 large (2-1/2"" dia)",64.0,74,0.8,19.2,0.3,2.9,16.3,1,47,0.5,12.3,0.2,low_calorie|low_fat|diet_friendly,USDA FoodData Central - SR Legacy,173021
usda-sr-167783,"Rowal, raw",,Fruits and Fruit Juices,Global,vegan,0.5 cup,114.0,111,2.3,23.9,2.0,6.2,14.1,4,127,2.6,27.2,2.3,high_fiber|low_fat|diet_friendly,USDA FoodData Central - SR Legacy,167783
usda-sr-168155,"Limes, raw",,Fruits and Fruit Juices,Global,vegan,"1 fruit (2"" dia)",67.0,30,0.7,10.5,0.2,2.8,1.7,2,20,0.5,7.1,0.1,low_calorie|low_fat|diet_friendly,USDA FoodData Central - SR Legacy,168155
usda-sr-169118,"Pears, raw",,Fruits and Fruit Juices,Global,vegan,"1 cup, cubes",161.0,57,0.4,15.2,0.1,3.1,9.8,1,92,0.6,24.5,0.2,low_calorie|low_fat|diet_friendly,USDA FoodData Central - SR Legacy,169118
usda-sr-169949,"Plums, raw",,Fruits and Fruit Juices,Global,vegan,"1 cup, sliced",165.0,46,0.7,11.4,0.3,1.4,9.9,0,76,1.2,18.8,0.5,low_calorie|low_fat|diet_friendly,USDA FoodData Central - SR Legacy,169949
usda-sr-168151,"Jujube, raw",,Fruits and Fruit Juices,Global,vegan,100 g,100.0,79,1.2,20.2,0.2,0.0,0.0,3,79,1.2,20.2,0.2,low_calorie|low_fat|diet_friendly,USDA FoodData Central - SR Legacy,168151
usda-sr-168176,"Feijoa, raw",,Fruits and Fruit Juices,Global,vegan,"1 cup, pureed",243.0,61,0.7,15.2,0.4,6.4,8.2,3,148,1.7,37.0,1.0,low_calorie|high_fiber|low_fat|diet_friendly,USDA FoodData Central - SR Legacy,168176
usda-sr-169910,"Mangos, raw",,Fruits and Fruit Juices,Global,vegan,1 cup pieces,165.0,60,0.8,15.0,0.4,1.6,13.7,1,99,1.4,24.7,0.6,low_calorie|low_fat|diet_friendly,USDA FoodData Central - SR Legacy,169910
usda-sr-167754,"Pummelo, raw",,Fruits and Fruit Juices,Global,vegan,"1 cup, sections",190.0,38,0.8,9.6,0.0,1.0,0.0,1,72,1.4,18.3,0.1,low_calorie|low_fat|diet_friendly,USDA FoodData Central - SR Legacy,167754
usda-sr-167758,"Rhubarb, raw",,Fruits and Fruit Juices,Global,vegan,"1 cup, diced",122.0,21,0.9,4.5,0.2,1.8,1.1,4,26,1.1,5.5,0.2,low_calorie|low_fat|diet_friendly,USDA FoodData Central - SR Legacy,167758
usda-sr-167761,"Soursop, raw",,Fruits and Fruit Juices,Global,vegan,"1 cup, pulp",225.0,66,1.0,16.8,0.3,3.3,13.5,14,148,2.2,37.9,0.7,low_calorie|high_fiber|low_fat|diet_friendly,USDA FoodData Central - SR Legacy,167761
usda-sr-167782,"Abiyuch, raw",,Fruits and Fruit Juices,Global,vegan,0.5 cup,114.0,69,1.5,17.6,0.1,5.3,8.6,20,79,1.7,20.1,0.1,low_calorie|high_fiber|low_fat|diet_friendly,USDA FoodData Central - SR Legacy,167782
usda-sr-168163,"Quinces, raw",,Fruits and Fruit Juices,Global,vegan,1 fruit without refuse,92.0,57,0.4,15.3,0.1,1.9,0.0,4,52,0.4,14.1,0.1,low_calorie|low_fat|diet_friendly,USDA FoodData Central - SR Legacy,168163
usda-sr-168170,"Roselle, raw",,Fruits and Fruit Juices,Global,vegan,"1 cup, without refuse",57.0,49,1.0,11.3,0.6,0.0,0.0,6,28,0.5,6.4,0.4,low_calorie|low_fat|diet_friendly,USDA FoodData Central - SR Legacy,168170
usda-sr-169086,"Litchis, raw",,Fruits and Fruit Juices,Global,vegan,1 cup,190.0,66,0.8,16.5,0.4,1.3,15.2,1,125,1.6,31.4,0.8,low_calorie|low_fat|diet_friendly,USDA FoodData Central - SR Legacy,169086
usda-sr-169089,"Longans, raw",,Fruits and Fruit Juices,Global,vegan,1 fruit without refuse,3.2,60,1.3,15.1,0.1,1.1,0.0,0,2,0.0,0.5,0.0,low_calorie|low_fat|diet_friendly,USDA FoodData Central - SR Legacy,169089
usda-sr-169908,"Loquats, raw",,Fruits and Fruit Juices,Global,vegan,"1 cup, cubed",149.0,47,0.4,12.1,0.2,1.7,0.0,1,70,0.6,18.1,0.3,low_calorie|low_fat|diet_friendly,USDA FoodData Central - SR Legacy,169908
usda-sr-169926,"Papayas, raw",,Fruits and Fruit Juices,Global,vegan,"1 cup, mashed",230.0,43,0.5,10.8,0.3,1.7,7.8,8,99,1.1,24.9,0.6,low_calorie|low_fat|diet_friendly,USDA FoodData Central - SR Legacy,169926
usda-sr-173944,"Bananas, raw",,Fruits and Fruit Juices,Global,vegan,"1 cup, mashed",225.0,89,1.1,22.8,0.3,2.6,12.2,1,200,2.5,51.4,0.7,high_fiber|low_fat|diet_friendly,USDA FoodData Central - SR Legacy,173944
usda-sr-168154,"Kumquats, raw",,Fruits and Fruit Juices,Global,vegan,1 fruit without refuse,19.0,71,1.9,15.9,0.9,6.5,9.4,10,13,0.4,3.0,0.2,low_calorie|high_fiber|low_fat|diet_friendly,USDA FoodData Central - SR Legacy,168154
usda-sr-171697,"Apricots, raw",,Fruits and Fruit Juices,Global,vegan,"1 cup, halves",155.0,48,1.4,11.1,0.4,2.0,9.2,1,74,2.2,17.2,0.6,low_calorie|low_fat|diet_friendly,USDA FoodData Central - SR Legacy,171697
usda-sr-167759,"Sapodilla, raw",,Fruits and Fruit Juices,Global,vegan,"1 cup, pulp",241.0,83,0.4,20.0,1.1,5.3,0.0,12,200,1.1,48.1,2.7,high_fiber|low_fat|diet_friendly,USDA FoodData Central - SR Legacy,167759
usda-sr-167763,"Tamarinds, raw",,Fruits and Fruit Juices,Global,vegan,"1 cup, pulp",120.0,239,2.8,62.5,0.6,5.1,38.8,28,287,3.4,75.0,0.7,high_fiber|low_fat|diet_friendly,USDA FoodData Central - SR Legacy,167763
usda-sr-169087,"Litchis, dried",,Fruits and Fruit Juices,Global,vegan,1 fruit,2.5,277,3.8,70.7,1.2,4.6,66.1,3,7,0.1,1.8,0.0,low_fat,USDA FoodData Central - SR Legacy,169087
usda-sr-169907,"Longans, dried",,Fruits and Fruit Juices,Global,vegan,1 fruit,1.7,286,4.9,74.0,0.4,0.0,0.0,48,5,0.1,1.3,0.0,low_fat,USDA FoodData Central - SR Legacy,169907
usda-sr-173953,"Cherimoya, raw",,Fruits and Fruit Juices,Global,vegan,"1 cup, pieces",160.0,75,1.6,17.7,0.7,3.0,12.9,7,120,2.5,28.3,1.1,low_calorie|low_fat|diet_friendly,USDA FoodData Central - SR Legacy,173953
usda-sr-174687,"Jackfruit, raw",,Fruits and Fruit Juices,Global,vegan,"1 cup, sliced",165.0,95,1.7,23.2,0.6,1.5,19.1,2,157,2.8,38.4,1.1,low_fat,USDA FoodData Central - SR Legacy,174687
usda-sr-167749,"Lemon peel, raw",,Fruits and Fruit Juices,Global,vegan,1 tbsp,6.0,47,1.5,16.0,0.3,10.6,4.2,6,3,0.1,1.0,0.0,low_calorie|high_fiber|low_fat|diet_friendly,USDA FoodData Central - SR Legacy,167749
usda-sr-168156,"Lime juice, raw",,Fruits and Fruit Juices,Global,vegan,1 cup,242.0,25,0.4,8.4,0.1,0.4,1.7,2,60,1.0,20.4,0.2,low_calorie|low_fat|diet_friendly,USDA FoodData Central - SR Legacy,168156
usda-sr-169913,"Mulberries, raw",,Fruits and Fruit Juices,Global,vegan,1 cup,140.0,43,1.4,9.8,0.4,1.7,8.1,10,60,2.0,13.7,0.5,low_calorie|low_fat|diet_friendly,USDA FoodData Central - SR Legacy,169913
usda-sr-169914,"Nectarines, raw",,Fruits and Fruit Juices,Global,vegan,1 cup slices,143.0,44,1.1,10.6,0.3,1.7,7.9,0,63,1.5,15.1,0.5,low_calorie|low_fat|diet_friendly,USDA FoodData Central - SR Legacy,169914
usda-sr-171714,"Breadfruit, raw",,Fruits and Fruit Juices,Global,vegan,1 cup,220.0,103,1.1,27.1,0.2,4.9,11.0,2,227,2.4,59.7,0.5,high_fiber|low_fat|diet_friendly,USDA FoodData Central - SR Legacy,171714
usda-sr-171721,"Crabapples, raw",,Fruits and Fruit Juices,Global,vegan,1 cup slices,110.0,76,0.4,19.9,0.3,0.0,0.0,1,84,0.4,21.9,0.3,low_calorie|low_fat|diet_friendly,USDA FoodData Central - SR Legacy,171721
usda-sr-167747,"Lemon juice, raw",,Fruits and Fruit Juices,Global,vegan,1 cup,244.0,22,0.3,6.9,0.2,0.3,2.5,1,54,0.9,16.8,0.6,low_calorie|low_fat|diet_friendly,USDA FoodData Central - SR Legacy,167747
usda-sr-167755,"Raspberries, raw",,Fruits and Fruit Juices,Global,vegan,1 cup,123.0,52,1.2,11.9,0.7,6.5,4.4,1,64,1.5,14.7,0.8,low_calorie|high_fiber|low_fat|diet_friendly,USDA FoodData Central - SR Legacy,167755
usda-sr-168171,"Rose-apples, raw",,Fruits and Fruit Juices,Global,vegan,100 g,100.0,25,0.6,5.7,0.3,0.0,0.0,0,25,0.6,5.7,0.3,low_calorie|low_fat|diet_friendly,USDA FoodData Central - SR Legacy,168171
usda-sr-168195,"Clementines, raw",,Fruits and Fruit Juices,Global,vegan,1 fruit,74.0,47,0.8,12.0,0.1,1.7,9.2,1,35,0.6,8.9,0.1,low_calorie|low_fat|diet_friendly,USDA FoodData Central - SR Legacy,168195
usda-sr-169103,"Orange peel, raw",,Fruits and Fruit Juices,Global,vegan,1 tbsp,6.0,97,1.5,25.0,0.2,10.6,0.0,3,6,0.1,1.5,0.0,low_calorie|high_fiber|low_fat|diet_friendly,USDA FoodData Central - SR Legacy,169103
usda-sr-169134,"Pomegranates, raw",,Fruits and Fruit Juices,Global,vegan,0.5 cup arils (seed/juice sacs),87.0,83,1.7,18.7,1.2,4.0,13.7,3,72,1.5,16.3,1.0,low_calorie|low_fat|diet_friendly,USDA FoodData Central - SR Legacy,169134
usda-sr-169915,"Oheloberries, raw",,Fruits and Fruit Juices,Global,vegan,1 cup,140.0,28,0.4,6.8,0.2,0.0,0.0,1,39,0.5,9.6,0.3,low_calorie|low_fat|diet_friendly,USDA FoodData Central - SR Legacy,169915
usda-sr-171727,"Elderberries, raw",,Fruits and Fruit Juices,Global,vegan,1 cup,145.0,73,0.7,18.4,0.5,7.0,0.0,6,106,1.0,26.7,0.7,low_calorie|high_fiber|low_fat|diet_friendly,USDA FoodData Central - SR Legacy,171727
usda-sr-173030,"Gooseberries, raw",,Fruits and Fruit Juices,Global,vegan,1 cup,150.0,44,0.9,10.2,0.6,4.3,0.0,1,66,1.3,15.3,0.9,low_calorie|high_fiber|low_fat|diet_friendly,USDA FoodData Central - SR Legacy,173030
usda-sr-173946,"Blackberries, raw",,Fruits and Fruit Juices,Global,vegan,1 cup,144.0,43,1.4,9.6,0.5,5.3,4.9,1,62,2.0,13.8,0.7,low_calorie|high_fiber|low_fat|diet_friendly,USDA FoodData Central - SR Legacy,173946
usda-sr-167750,"Prickly pears, raw",,Fruits and Fruit Juices,Global,vegan,1 cup,149.0,41,0.7,9.6,0.5,3.6,0.0,5,61,1.1,14.3,0.8,low_calorie|high_fiber|low_fat|diet_friendly,USDA FoodData Central - SR Legacy,167750
usda-sr-171687,"Acerola juice, raw",,Fruits and Fruit Juices,Global,vegan,1 cup,242.0,23,0.4,4.8,0.3,0.3,4.5,3,56,1.0,11.6,0.7,low_calorie|low_fat|diet_friendly,USDA FoodData Central - SR Legacy,171687
usda-sr-173032,"Goji berries, dried",,Fruits and Fruit Juices,Global,vegan,5 tbsp,28.0,349,14.3,77.1,0.4,13.0,45.6,298,98,4.0,21.6,0.1,high_fiber|low_fat|diet_friendly,USDA FoodData Central - SR Legacy,173032
usda-sr-174686,"Guava sauce, cooked",,Fruits and Fruit Juices,Global,vegan,1 cup,238.0,36,0.3,9.5,0.1,3.6,5.9,4,86,0.8,22.6,0.3,low_calorie|high_fiber|low_fat|diet_friendly,USDA FoodData Central - SR Legacy,174686
usda-sr-169925,"Tangerine juice, raw",,Fruits and Fruit Juices,Global,vegan,1 cup,247.0,43,0.5,10.1,0.2,0.2,9.9,1,106,1.2,24.9,0.5,low_calorie|low_fat|diet_friendly,USDA FoodData Central - SR Legacy,169925
usda-sr-168192,"Durian, raw or frozen",,Fruits and Fruit Juices,Global,vegan,"1 cup, chopped or diced",243.0,147,1.5,27.1,5.3,3.8,0.0,2,357,3.6,65.8,13.0,high_fiber|diet_friendly,USDA FoodData Central - SR Legacy,168192
usda-sr-168177,"Pears, asian, raw",,Fruits and Fruit Juices,Global,vegan,"1 fruit 2-1/4"" high x 2-1/2"" dia",122.0,42,0.5,10.7,0.2,3.6,7.0,0,51,0.6,13.0,0.3,low_calorie|low_fat|diet_friendly,USDA FoodData Central - SR Legacy,168177
usda-sr-167760,"Sapote, mamey, raw",,Fruits and Fruit Juices,Global,vegan,"1 cup 1"" pieces",175.0,124,1.4,32.1,0.5,5.4,20.1,7,217,2.5,56.2,0.8,high_fiber|low_fat|diet_friendly,USDA FoodData Central - SR Legacy,167760
usda-sr-169093,"Melons, casaba, raw",,Fruits and Fruit Juices,Global,vegan,"1 cup, cubes",170.0,28,1.1,6.6,0.1,0.9,5.7,9,48,1.9,11.2,0.2,low_calorie|low_fat|diet_friendly,USDA FoodData Central - SR Legacy,169093
usda-sr-173044,"Guavas, common, raw",,Fruits and Fruit Juices,Global,vegan,1 cup,165.0,68,2.5,14.3,0.9,5.4,8.9,2,112,4.2,23.6,1.6,low_calorie|high_fiber|low_fat|diet_friendly,USDA FoodData Central - SR Legacy,173044
usda-sr-174666,"Figs, dried, stewed",,Fruits and Fruit Juices,Global,vegan,1 cup,259.0,107,1.4,27.6,0.4,4.2,23.4,4,277,3.7,71.4,1.0,high_fiber|low_fat|diet_friendly,USDA FoodData Central - SR Legacy,174666
usda-sr-169928,"Peaches, yellow, raw",,Fruits and Fruit Juices,Global,vegan,1 cup slices,154.0,39,0.9,9.5,0.2,1.5,8.4,0,60,1.4,14.7,0.4,low_calorie|low_fat|diet_friendly,USDA FoodData Central - SR Legacy,169928
usda-sr-171719,"Cherries, sweet, raw",,Fruits and Fruit Juices,Global,vegan,"1 cup, without pits",154.0,63,1.1,16.0,0.2,2.1,12.8,0,97,1.6,24.7,0.3,low_calorie|low_fat|diet_friendly,USDA FoodData Central - SR Legacy,171719
usda-sr-167777,"Pears, raw, red anjou",,Fruits and Fruit Juices,Global,vegan,1 small,126.0,62,0.3,14.9,0.1,3.0,9.5,1,78,0.4,18.8,0.2,low_calorie|low_fat|diet_friendly,USDA FoodData Central - SR Legacy,167777
usda-sr-168153,"Kiwifruit, green, raw",,Fruits and Fruit Juices,Global,vegan,"1 cup, sliced",180.0,61,1.1,14.7,0.5,3.0,9.0,3,110,2.1,26.4,0.9,low_calorie|high_fiber|low_fat|diet_friendly,USDA FoodData Central - SR Legacy,168153
usda-sr-168215,"Plantains, green, raw",,Fruits and Fruit Juices,Global,vegan,1 plantain,267.0,152,1.2,36.7,0.1,2.2,2.3,2,406,3.3,97.9,0.2,high_fiber|low_fat|diet_friendly,USDA FoodData Central - SR Legacy,168215
usda-sr-169911,"Melons, honeydew, raw",,Fruits and Fruit Juices,Global,vegan,"1 cup, diced (approx 20 pieces per cup)",170.0,36,0.5,9.1,0.1,0.8,8.1,18,61,0.9,15.5,0.2,low_calorie|low_fat|diet_friendly,USDA FoodData Central - SR Legacy,169911
usda-sr-169918,"Oranges, raw, Florida",,Fruits and Fruit Juices,Global,vegan,"1 cup sections, without membranes",185.0,46,0.7,11.5,0.2,2.4,9.1,0,85,1.3,21.3,0.4,low_calorie|low_fat|diet_friendly,USDA FoodData Central - SR Legacy,169918
usda-sr-174665,"Figs, dried, uncooked",,Fruits and Fruit Juices,Global,vegan,1 cup,149.0,249,3.3,63.9,0.9,9.8,47.9,10,371,4.9,95.2,1.4,high_fiber|low_fat|diet_friendly,USDA FoodData Central - SR Legacy,174665
usda-sr-169130,"Plantains, yellow, raw",,Fruits and Fruit Juices,Global,vegan,1 plantain,270.0,122,1.3,31.9,0.3,1.7,17.5,4,329,3.5,86.1,0.9,low_fat,USDA FoodData Central - SR Legacy,169130
usda-sr-171707,"Avocados, raw, Florida",,Fruits and Fruit Juices,Global,vegan,"1 cup, pureed",230.0,120,2.2,7.8,10.1,5.6,2.4,2,276,5.1,18.0,23.1,high_fiber,USDA FoodData Central - SR Legacy,171707
usda-sr-171724,"Currants, zante, dried",,Fruits and Fruit Juices,Global,vegan,1 cup,144.0,290,3.4,77.0,0.2,4.4,62.3,43,418,4.9,110.9,0.3,high_fiber|low_fat|diet_friendly,USDA FoodData Central - SR Legacy,171724
usda-sr-173040,"Grapes, muscadine, raw",,Fruits and Fruit Juices,Global,vegan,1 grape,6.0,57,0.8,13.9,0.5,3.9,0.0,1,3,0.0,0.8,0.0,low_calorie|low_fat|diet_friendly,USDA FoodData Central - SR Legacy,173040
usda-sr-169091,"Mango, dried, sweetened",,Fruits and Fruit Juices,Global,vegan,100 g,100.0,319,2.5,78.6,1.2,2.4,66.3,162,319,2.5,78.6,1.2,low_fat,USDA FoodData Central - SR Legacy,169091
usda-sr-169092,"Melons, cantaloupe, raw",,Fruits and Fruit Juices,Global,vegan,"1 cup, balls",177.0,34,0.8,8.2,0.2,0.9,7.9,16,60,1.5,14.4,0.3,low_calorie|low_fat|diet_friendly,USDA FoodData Central - SR Legacy,169092
usda-sr-169919,"Oranges, raw, with peel",,Fruits and Fruit Juices,Global,vegan,1 cup,170.0,63,1.3,15.5,0.3,4.5,0.0,2,107,2.2,26.4,0.5,low_calorie|high_fiber|low_fat|diet_friendly,USDA FoodData Central - SR Legacy,169919
usda-sr-169943,"Persimmons, native, raw",,Fruits and Fruit Juices,Global,vegan,1 fruit without refuse,25.0,127,0.8,33.5,0.4,0.0,0.0,1,32,0.2,8.4,0.1,low_calorie|low_fat|diet_friendly,USDA FoodData Central - SR Legacy,169943
usda-sr-173045,"Guavas, strawberry, raw",,Fruits and Fruit Juices,Global,vegan,1 cup,244.0,69,0.6,17.4,0.6,5.4,0.0,37,168,1.4,42.4,1.5,low_calorie|high_fiber|low_fat|diet_friendly,USDA FoodData Central - SR Legacy,173045
usda-sr-168216,"Plantains, green, boiled",,Fruits and Fruit Juices,Global,vegan,1 cup,137.0,121,1.1,29.1,0.1,2.6,2.2,2,166,1.5,39.9,0.1,low_fat,USDA FoodData Central - SR Legacy,168216
usda-sr-167746,"Lemons, raw, without peel",,Fruits and Fruit Juices,Global,vegan,"1 cup, sections",212.0,29,1.1,9.3,0.3,2.8,2.5,2,61,2.3,19.8,0.6,low_calorie|high_fiber|low_fat|diet_friendly,USDA FoodData Central - SR Legacy,167746
usda-sr-168168,"Rhubarb, frozen, uncooked",,Fruits and Fruit Juices,Global,vegan,"1 cup, diced",137.0,21,0.6,5.1,0.1,1.8,1.1,2,29,0.8,7.0,0.2,low_calorie|low_fat|diet_friendly,USDA FoodData Central - SR Legacy,168168
usda-sr-169909,"Mammy-apple, (mamey), raw",,Fruits and Fruit Juices,Global,vegan,1 fruit without refuse,846.0,51,0.5,12.5,0.5,3.0,0.0,15,431,4.2,105.8,4.2,low_calorie|high_fiber|low_fat|diet_friendly,USDA FoodData Central - SR Legacy,169909
usda-sr-169941,"Persimmons, japanese, raw",,Fruits and Fruit Juices,Global,vegan,"1 fruit (2-1/2"" dia)",168.0,70,0.6,18.6,0.2,3.6,12.5,1,118,1.0,31.2,0.3,low_calorie|high_fiber|low_fat|diet_friendly,USDA FoodData Central - SR Legacy,169941
usda-sr-171689,"Apples, raw, without skin",,Fruits and Fruit Juices,Global,vegan,1 cup slices,110.0,48,0.3,12.8,0.1,1.3,10.1,0,53,0.3,14.0,0.1,low_calorie|low_fat|diet_friendly,USDA FoodData Central - SR Legacy,171689
usda-sr-171706,"Avocados, raw, California",,Fruits and Fruit Juices,Global,vegan,"1 cup, pureed",230.0,167,2.0,8.6,15.4,6.8,0.3,8,384,4.5,19.9,35.4,high_fiber,USDA FoodData Central - SR Legacy,171706
usda-sr-168150,"Java-plum, (jambolan), raw",,Fruits and Fruit Juices,Global,vegan,1 cup,135.0,60,0.7,15.6,0.2,0.0,0.0,14,81,1.0,21.0,0.3,low_calorie|low_fat|diet_friendly,USDA FoodData Central - SR Legacy,168150
usda-sr-173952,"Carissa, (natal-plum), raw",,Fruits and Fruit Juices,Global,vegan,1 cup slices,150.0,62,0.5,13.6,1.3,0.0,0.0,3,93,0.8,20.4,1.9,low_calorie|low_fat|diet_friendly,USDA FoodData Central - SR Legacy,173952
usda-sr-167774,"Grapefruit juice, pink, raw",,Fruits and Fruit Juices,Global,vegan,1 cup,247.0,39,0.5,9.2,0.1,0.0,0.0,1,96,1.2,22.7,0.2,low_calorie|low_fat|diet_friendly,USDA FoodData Central - SR Legacy,167774
usda-sr-169942,"Persimmons, japanese, dried",,Fruits and Fruit Juices,Global,vegan,1 fruit without refuse,34.0,274,1.4,73.4,0.6,14.5,0.0,2,93,0.5,25.0,0.2,high_fiber|low_fat|diet_friendly,USDA FoodData Central - SR Legacy,169942
usda-sr-171715,"Carambola, (starfruit), raw",,Fruits and Fruit Juices,Global,vegan,"1 cup, cubes",132.0,31,1.0,6.7,0.3,2.8,4.0,2,41,1.4,8.9,0.4,low_calorie|low_fat|diet_friendly,USDA FoodData Central - SR Legacy,171715
usda-sr-173039,"Grapefruit juice, white, raw",,Fruits and Fruit Juices,Global,vegan,1 cup,247.0,39,0.5,9.2,0.1,0.1,9.1,1,96,1.2,22.7,0.2,low_calorie|low_fat|diet_friendly,USDA FoodData Central - SR Legacy,173039
usda-sr-173964,"Currants, red and white, raw",,Fruits and Fruit Juices,Global,vegan,1 cup,112.0,56,1.4,13.8,0.2,4.3,7.4,1,63,1.6,15.5,0.2,low_calorie|low_fat|diet_friendly,USDA FoodData Central - SR Legacy,173964
usda-sr-168158,"Blueberries, dried, sweetened",,Fruits and Fruit Juices,Global,vegan,0.25 cup,40.0,317,2.5,80.0,2.5,7.5,67.5,3,127,1.0,32.0,1.0,high_fiber|low_fat|diet_friendly,USDA FoodData Central - SR Legacy,168158
usda-sr-167902,"Pork, fresh, ground, raw",,Pork Products,Global,non_vegetarian,1 oz,28.4,263,16.9,0.0,21.2,0.0,0.0,56,75,4.8,0.0,6.0,,USDA FoodData Central - SR Legacy,167902
usda-sr-167903,"Pork, fresh, ground, cooked",,Pork Products,Global,non_vegetarian,3 oz,85.0,297,25.7,0.0,20.8,0.0,0.0,73,252,21.8,0.0,17.7,high_protein,USDA FoodData Central - SR Legacy,167903
usda-sr-169190,"Pork, ground, 96% lean / 4% fat, raw",,Pork Products,Global,non_vegetarian,4 oz,113.0,121,21.1,0.2,4.0,0.0,0.0,67,137,23.8,0.2,4.5,high_protein|diet_friendly,USDA FoodData Central - SR Legacy,169190
usda-sr-168372,"Pork, ground, 84% lean / 16% fat, raw",,Pork Products,Global,non_vegetarian,4 oz,113.0,218,18.0,0.4,16.0,0.0,0.0,68,246,20.3,0.5,18.1,high_protein,USDA FoodData Central - SR Legacy,168372
usda-sr-168219,"Pork, fresh, carcass, separable lean and fat, raw",,Pork Products,Global,non_vegetarian,1 oz,28.4,376,13.9,0.0,35.1,0.0,0.0,42,107,3.9,0.0,9.9,,USDA FoodData Central - SR Legacy,168219
usda-sr-169193,"Pork, ground, 96% lean / 4% fat, cooked, crumbles",,Pork Products,Global,non_vegetarian,3 oz grilled patties,85.0,187,30.6,0.0,7.2,0.0,0.0,84,159,26.0,0.0,6.1,high_protein|diet_friendly,USDA FoodData Central - SR Legacy,169193
usda-sr-168299,"Pork, fresh, backribs, separable lean and fat, raw",,Pork Products,Global,non_vegetarian,4 oz,113.0,224,19.1,0.0,16.3,0.0,0.0,87,253,21.5,0.0,18.5,high_protein,USDA FoodData Central - SR Legacy,168299
usda-sr-169191,"Pork, ground, 72% lean / 28% fat, cooked, crumbles",,Pork Products,Global,non_vegetarian,4 oz,113.0,393,22.8,1.4,32.9,0.0,0.0,94,444,25.8,1.6,37.2,,USDA FoodData Central - SR Legacy,169191
usda-sr-169702,"Millet, raw",,Cereal Grains and Pasta,Global,vegan,100 g,100.0,378,11.0,72.8,4.2,8.5,0.0,5,378,11.0,72.8,4.2,high_fiber|diet_friendly,USDA FoodData Central - SR Legacy,169702
usda-sr-168918,"Teff, cooked",,Cereal Grains and Pasta,Global,vegan,1 cup,252.0,101,3.9,19.9,0.7,2.8,0.0,8,255,9.8,50.0,1.6,high_fiber|low_fat|diet_friendly,USDA FoodData Central - SR Legacy,168918
usda-sr-168872,"Oat bran, raw",,Cereal Grains and Pasta,Global,vegan,1 cup,94.0,246,17.3,66.2,7.0,15.4,1.4,4,231,16.3,62.2,6.6,high_protein|high_fiber|diet_friendly,USDA FoodData Central - SR Legacy,168872
usda-sr-169746,"Spelt, cooked",,Cereal Grains and Pasta,Global,vegan,1 cup,194.0,127,5.5,26.4,0.8,3.9,0.0,5,246,10.7,51.3,1.6,high_fiber|low_fat|diet_friendly,USDA FoodData Central - SR Legacy,169746
usda-sr-168871,"Millet, cooked",,Cereal Grains and Pasta,Global,vegan,1 cup,174.0,119,3.5,23.7,1.0,1.3,0.1,2,207,6.1,41.2,1.7,low_fat,USDA FoodData Central - SR Legacy,168871
usda-sr-168917,"Quinoa, cooked",,Cereal Grains and Pasta,Global,vegan,1 cup,185.0,120,4.4,21.3,1.9,2.8,0.9,7,222,8.1,39.4,3.6,high_fiber|low_fat|diet_friendly,USDA FoodData Central - SR Legacy,168917
usda-sr-169726,"Wild rice, raw",,Cereal Grains and Pasta,Global,vegan,100 g,100.0,357,14.7,74.9,1.1,6.2,2.5,7,357,14.7,74.9,1.1,high_fiber|low_fat|diet_friendly,USDA FoodData Central - SR Legacy,169726
usda-sr-169747,"Teff, uncooked",,Cereal Grains and Pasta,Global,vegan,100 g,100.0,367,13.3,73.1,2.4,8.0,1.8,12,367,13.3,73.1,2.4,high_fiber|low_fat|diet_friendly,USDA FoodData Central - SR Legacy,169747
usda-sr-170287,"Bulgur, cooked",,Cereal Grains and Pasta,Global,vegan,1 cup,182.0,83,3.1,18.6,0.2,4.5,0.1,5,151,5.6,33.8,0.4,high_fiber|low_fat|diet_friendly,USDA FoodData Central - SR Legacy,170287
usda-sr-169745,"Spelt, uncooked",,Cereal Grains and Pasta,Global,vegan,100 g,100.0,338,14.6,70.2,2.4,10.7,6.8,8,338,14.6,70.2,2.4,high_fiber|low_fat|diet_friendly,USDA FoodData Central - SR Legacy,169745
usda-sr-168873,"Oat bran, cooked",,Cereal Grains and Pasta,Global,vegan,1 cup,219.0,40,3.2,11.4,0.9,2.6,0.0,1,88,7.0,25.1,1.9,low_calorie|high_fiber|low_fat|diet_friendly,USDA FoodData Central - SR Legacy,168873
usda-sr-168874,"Quinoa, uncooked",,Cereal Grains and Pasta,Global,vegan,100 g,100.0,368,14.1,64.2,6.1,7.0,0.0,5,368,14.1,64.2,6.1,high_fiber|diet_friendly,USDA FoodData Central - SR Legacy,168874
usda-sr-169700,"Couscous, cooked",,Cereal Grains and Pasta,Global,vegan,"1 cup, cooked",157.0,112,3.8,23.2,0.2,1.4,0.1,5,176,6.0,36.5,0.3,low_fat,USDA FoodData Central - SR Legacy,169700
usda-sr-168897,"Wild rice, cooked",,Cereal Grains and Pasta,Global,vegan,1 cup,164.0,101,4.0,21.3,0.3,1.8,0.7,3,166,6.5,35.0,0.6,low_fat,USDA FoodData Central - SR Legacy,168897
usda-sr-170683,"Amaranth grain, cooked",,Cereal Grains and Pasta,Global,vegan,1 cup,246.0,102,3.8,18.7,1.6,2.1,0.0,6,251,9.3,46.0,3.9,high_fiber|low_fat|diet_friendly,USDA FoodData Central - SR Legacy,170683
usda-sr-170682,"Amaranth grain, uncooked",,Cereal Grains and Pasta,Global,vegan,100 g,100.0,371,13.6,65.2,7.0,6.7,1.7,4,371,13.6,65.2,7.0,high_fiber|diet_friendly,USDA FoodData Central - SR Legacy,170682
usda-sr-168943,"Sorghum flour, whole-grain",,Cereal Grains and Pasta,Global,vegan,1 cup,121.0,359,8.4,76.6,3.3,6.6,1.9,3,434,10.2,92.7,4.0,high_fiber|diet_friendly,USDA FoodData Central - SR Legacy,168943
usda-sr-168888,"Triticale flour, whole-grain",,Cereal Grains and Pasta,Global,vegan,1 cup,130.0,338,13.2,73.1,1.8,14.6,0.0,2,439,17.1,95.1,2.4,high_fiber|low_fat|diet_friendly,USDA FoodData Central - SR Legacy,168888
usda-sr-170687,"Buckwheat flour, whole-groat",,Cereal Grains and Pasta,Global,vegan,1 cup,120.0,335,12.6,70.6,3.1,10.0,2.6,11,402,15.1,84.7,3.7,high_fiber|diet_friendly,USDA FoodData Central - SR Legacy,170687
usda-sr-170284,"Barley, pearled, raw",,Cereal Grains and Pasta,Global,vegan,100 g,100.0,352,9.9,77.7,1.2,15.6,0.8,9,352,9.9,77.7,1.2,high_fiber|low_fat|diet_friendly,USDA FoodData Central - SR Legacy,170284
usda-sr-170285,"Barley, pearled, cooked",,Cereal Grains and Pasta,Global,vegan,1 cup,157.0,123,2.3,28.2,0.4,3.8,0.3,3,193,3.5,44.3,0.7,high_fiber|low_fat|diet_friendly,USDA FoodData Central - SR Legacy,170285
usda-sr-168912,"Spaghetti, spinach, cooked",,Cereal Grains and Pasta,Global,vegan,1 cup,140.0,130,4.6,26.1,0.6,0.0,0.0,14,182,6.4,36.6,0.9,low_fat,USDA FoodData Central - SR Legacy,168912
usda-sr-169750,"Cornmeal, whole-grain, white",,Cereal Grains and Pasta,Global,vegan,1 cup,122.0,362,8.1,76.9,3.6,7.3,0.6,35,442,9.9,93.8,4.4,high_fiber|diet_friendly,USDA FoodData Central - SR Legacy,169750
usda-sr-169697,"Cornmeal, whole-grain, yellow",,Cereal Grains and Pasta,Global,vegan,1 cup,122.0,362,8.1,76.9,3.6,7.3,0.6,35,442,9.9,93.8,4.4,high_fiber|diet_friendly,USDA FoodData Central - SR Legacy,169697
usda-sr-169748,"Corn flour, whole-grain, white",,Cereal Grains and Pasta,Global,vegan,1 cup,117.0,361,6.9,76.8,3.9,7.3,0.6,5,422,8.1,89.9,4.5,high_fiber|diet_friendly,USDA FoodData Central - SR Legacy,169748
usda-sr-170685,"Buckwheat groats, roasted, dry",,Cereal Grains and Pasta,Global,vegan,100 g,100.0,346,11.7,75.0,2.7,10.3,0.0,11,346,11.7,75.0,2.7,high_fiber|low_fat|diet_friendly,USDA FoodData Central - SR Legacy,170685
usda-sr-170290,"Corn flour, whole-grain, yellow",,Cereal Grains and Pasta,Global,vegan,1 cup,117.0,361,6.9,76.8,3.9,7.3,0.6,5,422,8.1,89.9,4.5,high_fiber|diet_friendly,USDA FoodData Central - SR Legacy,170290
usda-sr-170686,"Buckwheat groats, roasted, cooked",,Cereal Grains and Pasta,Global,vegan,1 cup,168.0,92,3.4,19.9,0.6,2.7,0.9,4,155,5.7,33.5,1.0,low_fat,USDA FoodData Central - SR Legacy,170686
usda-sr-168944,"Wheat flour, whole-grain, soft wheat",,Cereal Grains and Pasta,Global,vegan,100 g,100.0,332,9.6,74.5,1.9,13.1,1.0,3,332,9.6,74.5,1.9,high_fiber|low_fat|diet_friendly,USDA FoodData Central - SR Legacy,168944
usda-sr-168921,"Corn flour, whole-grain, blue (harina de maiz morado)",,Cereal Grains and Pasta,Global,vegan,1 tbsp,6.9,364,8.8,73.9,5.1,8.4,0.0,5,25,0.6,5.1,0.4,high_fiber|diet_friendly,USDA FoodData Central - SR Legacy,168921
usda-sr-169732,"Noodles, egg, enriched, cooked",,Cereal Grains and Pasta,Global,eggetarian,1 cup,160.0,138,4.5,25.2,2.1,1.2,0.4,5,221,7.3,40.3,3.3,low_fat,USDA FoodData Central - SR Legacy,169732
usda-sr-168907,"Noodles, japanese, soba, cooked",,Cereal Grains and Pasta,Global,vegan,1 cup,114.0,99,5.1,21.4,0.1,0.0,0.0,60,113,5.8,24.4,0.1,low_calorie|low_fat|diet_friendly,USDA FoodData Central - SR Legacy,168907
usda-sr-168900,"Pasta, gluten-free, corn, cooked",,Cereal Grains and Pasta,Global,vegan,1 cup,140.0,126,2.6,27.9,0.7,4.8,0.0,0,176,3.7,39.1,1.0,high_fiber|low_fat|diet_friendly,USDA FoodData Central - SR Legacy,168900
usda-sr-168909,"Noodles, japanese, somen, cooked",,Cereal Grains and Pasta,Global,vegan,1 cup,176.0,131,4.0,27.5,0.2,0.0,0.0,161,231,7.0,48.5,0.3,low_fat,USDA FoodData Central - SR Legacy,168909
usda-sr-168904,"Macaroni, vegetable, enriched, cooked",,Cereal Grains and Pasta,Global,vegan,1 cup spiral shaped,134.0,128,4.5,26.6,0.1,4.3,1.1,6,172,6.1,35.7,0.1,high_fiber|low_fat|diet_friendly,USDA FoodData Central - SR Legacy,168904
usda-sr-168901,"Pasta, homemade, made with egg, cooked",,Cereal Grains and Pasta,Global,eggetarian,2 oz,57.0,130,5.3,23.5,1.7,0.0,0.0,83,74,3.0,13.4,1.0,low_calorie|low_fat|diet_friendly,USDA FoodData Central - SR Legacy,168901
usda-sr-169728,"Pasta, fresh-refrigerated, plain, cooked",,Cereal Grains and Pasta,Global,vegan,2 oz,128.0,131,5.2,24.9,1.1,0.0,0.0,6,168,6.6,31.9,1.3,low_fat,USDA FoodData Central - SR Legacy,169728
usda-sr-169751,"Pasta, cooked, enriched, with added salt",,Cereal Grains and Pasta,Global,vegan,1 cup spaghetti not packed,124.0,157,5.8,30.6,0.9,1.8,0.6,131,195,7.2,37.9,1.2,low_fat,USDA FoodData Central - SR Legacy,169751
usda-sr-168902,"Pasta, homemade, made without egg, cooked",,Cereal Grains and Pasta,Global,eggetarian,2 oz,57.0,124,4.4,25.1,1.0,0.0,0.0,74,71,2.5,14.3,0.6,low_calorie|low_fat|diet_friendly,USDA FoodData Central - SR Legacy,168902
usda-sr-169730,"Pasta, fresh-refrigerated, spinach, cooked",,Cereal Grains and Pasta,Global,vegan,2 oz,57.0,130,5.1,25.0,0.9,0.0,0.0,6,74,2.9,14.3,0.5,low_calorie|low_fat|diet_friendly,USDA FoodData Central - SR Legacy,169730
usda-sr-172014,"Pasta, cooked, unenriched, with added salt",,Cereal Grains and Pasta,Global,vegan,1 cup spaghetti not packed,124.0,157,5.8,30.6,0.9,1.8,0.6,131,195,7.2,37.9,1.2,low_fat,USDA FoodData Central - SR Legacy,172014
usda-sr-169737,"Pasta, cooked, enriched, without added salt",,Cereal Grains and Pasta,Global,vegan,1 cup spaghetti not packed,124.0,158,5.8,30.9,0.9,1.8,0.6,1,196,7.2,38.3,1.2,low_fat,USDA FoodData Central - SR Legacy,169737
usda-sr-168928,"Pasta, cooked, unenriched, without added salt",,Cereal Grains and Pasta,Global,vegan,1 cup spaghetti not packed,124.0,158,5.8,30.9,0.9,1.8,0.6,1,196,7.2,38.3,1.2,low_fat,USDA FoodData Central - SR Legacy,168928
usda-sr-169727,"Pasta, fresh-refrigerated, plain, as purchased",,Cereal Grains and Pasta,Global,vegan,4.5 oz,128.0,288,11.3,54.7,2.3,0.0,0.0,26,369,14.5,70.1,2.9,low_fat,USDA FoodData Central - SR Legacy,169727
usda-sr-173265,"Pasta, gluten-free, corn and rice flour, cooked",,Cereal Grains and Pasta,Global,vegan,1 cup spaghetti,141.0,179,3.2,38.0,1.0,1.4,0.0,4,252,4.5,53.7,1.4,low_fat,USDA FoodData Central - SR Legacy,173265
usda-sr-168934,"Spaghetti, protein-fortified, cooked, enriched (n x 6.25)",,Cereal Grains and Pasta,Global,vegan,1 cup,140.0,164,8.9,30.9,0.2,2.0,0.0,5,230,12.4,43.2,0.3,low_fat,USDA FoodData Central - SR Legacy,168934
usda-sr-169734,"Noodles, egg, spinach, enriched, cooked",,Cereal Grains and Pasta,Global,eggetarian,1 cup,160.0,132,5.0,24.2,1.6,2.3,0.7,12,211,8.1,38.8,2.5,low_fat,USDA FoodData Central - SR Legacy,169734
usda-sr-168879,"Rice, white, medium-grain, raw, enriched",,Cereal Grains and Pasta,Global,vegan,100 g,100.0,360,6.6,79.3,0.6,1.4,0.0,1,360,6.6,79.3,0.6,low_fat,USDA FoodData Central - SR Legacy,168879
usda-sr-168931,"Rice, white, short-grain, raw, unenriched",,Cereal Grains and Pasta,Global,vegan,100 g,100.0,358,6.5,79.2,0.5,0.0,0.0,1,358,6.5,79.2,0.5,low_fat,USDA FoodData Central - SR Legacy,168931
usda-sr-170157,"Nuts, acorns, raw",,Nut and Seed Products,Global,vegan,1 oz,28.4,387,6.2,40.8,23.9,0.0,0.0,0,110,1.7,11.6,6.8,,USDA FoodData Central - SR Legacy,170157
usda-sr-170565,"Nuts, acorns, dried",,Nut and Seed Products,Global,vegan,1 oz,28.4,509,8.1,53.7,31.4,0.0,0.0,0,144,2.3,15.2,8.9,,USDA FoodData Central - SR Legacy,170565
usda-sr-170590,"Nuts, pilinuts, dried",,Nut and Seed Products,Global,vegan,1 oz (15 kernels),28.4,719,10.8,4.0,79.5,0.0,0.0,3,204,3.1,1.1,22.6,,USDA FoodData Central - SR Legacy,170590
usda-sr-170161,"Nuts, beechnuts, dried",,Nut and Seed Products,Global,vegan,1 oz,28.4,576,6.2,33.5,50.0,0.0,0.0,38,163,1.8,9.5,14.2,,USDA FoodData Central - SR Legacy,170161
usda-sr-170162,"Nuts, cashew nuts, raw",,Nut and Seed Products,Global,vegan,1 oz,28.4,553,18.2,30.2,43.9,3.3,5.9,12,157,5.2,8.6,12.4,,USDA FoodData Central - SR Legacy,170162
usda-sr-170584,"Nuts, ginkgo nuts, raw",,Nut and Seed Products,Global,vegan,1 oz,28.4,182,4.3,37.6,1.7,0.0,0.0,7,52,1.2,10.7,0.5,low_fat,USDA FoodData Central - SR Legacy,170584
usda-sr-170591,"Nuts, pine nuts, dried",,Nut and Seed Products,Global,vegan,1 oz (167 kernels),28.4,673,13.7,13.1,68.4,3.7,3.6,2,191,3.9,3.7,19.4,,USDA FoodData Central - SR Legacy,170591
usda-sr-168591,"Seeds, lotus seeds, raw",,Nut and Seed Products,Global,vegan,1 oz,28.4,89,4.1,17.3,0.5,0.0,0.0,1,25,1.2,4.9,0.2,low_calorie|low_fat|diet_friendly,USDA FoodData Central - SR Legacy,168591
usda-sr-170169,"Nuts, coconut meat, raw",,Nut and Seed Products,Global,vegan,"1 cup, shredded",80.0,354,3.3,15.2,33.5,9.0,6.2,20,283,2.7,12.2,26.8,high_fiber,USDA FoodData Central - SR Legacy,170169
usda-sr-170570,"Nuts, butternuts, dried",,Nut and Seed Products,Global,vegan,1 oz,28.4,612,24.9,12.1,57.0,4.7,0.0,1,174,7.1,3.4,16.2,,USDA FoodData Central - SR Legacy,170570
usda-sr-170175,"Nuts, ginkgo nuts, dried",,Nut and Seed Products,Global,vegan,1 oz,28.4,348,10.3,72.5,2.0,0.0,0.0,13,99,2.9,20.5,0.6,low_fat,USDA FoodData Central - SR Legacy,170175
usda-sr-170177,"Nuts, hickorynuts, dried",,Nut and Seed Products,Global,vegan,1 oz,28.4,657,12.7,18.2,64.4,6.4,0.0,1,186,3.6,5.2,18.2,high_fiber,USDA FoodData Central - SR Legacy,170177
usda-sr-170554,"Seeds, chia seeds, dried",,Nut and Seed Products,Global,vegan,1 oz,28.4,486,16.5,42.1,30.7,34.4,0.0,16,138,4.7,11.9,8.7,high_fiber,USDA FoodData Central - SR Legacy,170554
usda-sr-170149,"Seeds, lotus seeds, dried",,Nut and Seed Products,Global,vegan,1 cup,32.0,332,15.4,64.5,2.0,0.0,0.0,5,106,4.9,20.6,0.6,low_fat,USDA FoodData Central - SR Legacy,170149
usda-sr-170178,"Nuts, macadamia nuts, raw",,Nut and Seed Products,Global,vegan,1 oz (10-12 kernels),28.4,718,7.9,13.8,75.8,8.6,4.6,5,204,2.2,3.9,21.5,high_fiber,USDA FoodData Central - SR Legacy,170178
usda-sr-170184,"Nuts, pistachio nuts, raw",,Nut and Seed Products,Global,vegan,1 oz (49 kernels),28.4,560,20.2,27.2,45.3,10.6,7.7,1,159,5.7,7.7,12.8,high_fiber,USDA FoodData Central - SR Legacy,170184
usda-sr-170144,"Seeds, breadfruit seeds, raw",,Nut and Seed Products,Global,vegan,1 oz,28.4,191,7.4,29.2,5.6,5.2,0.0,25,54,2.1,8.3,1.6,,USDA FoodData Central - SR Legacy,170144
usda-sr-170145,"Seeds, breadfruit seeds, boiled",,Nut and Seed Products,Global,vegan,1 oz,28.4,168,5.3,32.0,2.3,4.8,0.0,23,48,1.5,9.1,0.7,low_fat,USDA FoodData Central - SR Legacy,170145
usda-sr-170552,"Seeds, breadnut tree seeds, raw",,Nut and Seed Products,Global,vegan,1 oz (8-14 seeds),28.4,217,6.0,46.3,1.0,0.0,0.0,31,62,1.7,13.1,0.3,low_fat,USDA FoodData Central - SR Legacy,170552
usda-sr-170595,"Seeds, breadfruit seeds, roasted",,Nut and Seed Products,Global,vegan,1 oz,28.4,207,6.2,40.1,2.7,6.0,0.0,28,59,1.8,11.4,0.8,high_fiber|low_fat|diet_friendly,USDA FoodData Central - SR Legacy,170595
usda-sr-170553,"Seeds, breadnut tree seeds, dried",,Nut and Seed Products,Global,vegan,1 oz,28.4,367,8.6,79.4,1.7,14.9,0.0,53,104,2.4,22.5,0.5,high_fiber|low_fat|diet_friendly,USDA FoodData Central - SR Legacy,170553
usda-sr-170558,"Seeds, safflower seed kernels, dried",,Nut and Seed Products,Global,vegan,1 oz,28.4,517,16.2,34.3,38.5,0.0,0.0,3,147,4.6,9.7,10.9,,USDA FoodData Central - SR Legacy,170558
usda-sr-170562,"Seeds, sunflower seed kernels, dried",,Nut and Seed Products,Global,vegan,"1 cup, with hulls, edible yield",46.0,584,20.8,20.0,51.5,8.6,2.6,9,269,9.6,9.2,23.7,high_fiber,USDA FoodData Central - SR Legacy,170562
usda-sr-169407,"Seeds, watermelon seed kernels, dried",,Nut and Seed Products,Global,vegan,1 oz,28.4,557,28.3,15.3,47.4,0.0,0.0,99,158,8.0,4.3,13.4,,USDA FoodData Central - SR Legacy,169407
usda-sr-170556,"Seeds, pumpkin and squash seed kernels, dried",,Nut and Seed Products,Global,vegan,1 oz,28.4,559,30.2,10.7,49.0,6.0,1.4,7,158,8.6,3.0,13.9,high_fiber,USDA FoodData Central - SR Legacy,170556
usda-sr-170596,"Seeds, cottonseed kernels, roasted (glandless)",,Nut and Seed Products,Global,vegan,30 g,30.0,506,32.6,21.9,36.3,5.5,0.0,25,152,9.8,6.6,10.9,high_protein,USDA FoodData Central - SR Legacy,170596
usda-sr-169412,"Seeds, sesame seed kernels, dried (decorticated)",,Nut and Seed Products,Global,vegan,30 g,30.0,631,20.4,11.7,61.2,11.6,0.5,47,189,6.1,3.5,18.4,high_fiber,USDA FoodData Central - SR Legacy,169412
usda-sr-170580,"Nuts, coconut cream, raw (liquid expressed from grated meat)",,Nut and Seed Products,Global,non_vegetarian,1 tbsp,15.0,330,3.6,6.7,34.7,2.2,0.0,4,50,0.5,1.0,5.2,,USDA FoodData Central - SR Legacy,170580
usda-sr-170172,"Nuts, coconut milk, raw (liquid expressed from grated meat and water)",,Nut and Seed Products,Global,non_vegetarian,1 tbsp,15.0,230,2.3,5.5,23.8,2.2,3.3,15,34,0.3,0.8,3.6,,USDA FoodData Central - SR Legacy,170172
usda-sr-170186,"Nuts, walnuts, black, dried",,Nut and Seed Products,Global,vegan,1 oz,28.4,619,24.1,9.6,59.3,6.8,1.1,2,175,6.8,2.7,16.8,high_fiber,USDA FoodData Central - SR Legacy,170186
usda-sr-170164,"Nuts, chestnuts, chinese, raw",,Nut and Seed Products,Global,vegan,1 oz,28.4,224,4.2,49.1,1.1,0.0,0.0,3,64,1.2,13.9,0.3,low_fat,USDA FoodData Central - SR Legacy,170164
usda-sr-169413,"Nuts, chestnuts, japanese, raw",,Nut and Seed Products,Global,vegan,1 oz,28.4,154,2.2,34.9,0.5,0.0,0.0,14,44,0.6,9.9,0.2,low_fat,USDA FoodData Central - SR Legacy,169413
usda-sr-170592,"Nuts, pine nuts, pinyon, dried",,Nut and Seed Products,Global,vegan,1 oz,28.4,629,11.6,19.3,61.0,10.7,0.0,72,178,3.3,5.5,17.3,high_fiber,USDA FoodData Central - SR Legacy,170592
usda-sr-170165,"Nuts, chestnuts, chinese, dried",,Nut and Seed Products,Global,vegan,1 oz,28.4,363,6.8,79.8,1.8,0.0,0.0,5,103,1.9,22.6,0.5,low_fat,USDA FoodData Central - SR Legacy,170165
usda-sr-169408,"Nuts, chestnuts, japanese, dried",,Nut and Seed Products,Global,vegan,1 oz,28.4,360,5.2,81.4,1.2,0.0,0.0,34,102,1.5,23.1,0.4,low_fat,USDA FoodData Central - SR Legacy,169408
usda-sr-170150,"Seeds, sesame seeds, whole, dried",,Nut and Seed Products,Global,vegan,30 g,30.0,573,17.7,23.4,49.7,11.8,0.3,11,172,5.3,7.0,14.9,high_fiber,USDA FoodData Central - SR Legacy,170150
usda-sr-170573,"Nuts, chestnuts, chinese, roasted",,Nut and Seed Products,Global,vegan,1 oz,28.4,239,4.5,52.4,1.2,0.0,0.0,4,68,1.3,14.8,0.3,low_fat,USDA FoodData Central - SR Legacy,170573
usda-sr-168590,"Nuts, chestnuts, japanese, roasted",,Nut and Seed Products,Global,vegan,1 oz,28.4,201,3.0,45.1,0.8,0.0,0.0,19,57,0.8,12.8,0.2,low_fat,USDA FoodData Central - SR Legacy,168590
usda-sr-170190,"Nuts, chestnuts, european, roasted",,Nut and Seed Products,Global,vegan,1 cup,143.0,245,3.2,53.0,2.2,5.1,10.6,2,350,4.5,75.7,3.1,high_fiber|low_fat|diet_friendly,USDA FoodData Central - SR Legacy,170190
usda-sr-170569,"Nuts, brazilnuts, dried, unblanched",,Nut and Seed Products,Global,vegan,1 oz (6 kernels),28.4,659,14.3,11.7,67.1,7.5,2.3,3,187,4.1,3.3,19.0,high_fiber,USDA FoodData Central - SR Legacy,170569
usda-sr-168592,"Nuts, almonds, honey roasted, unblanched",,Nut and Seed Products,Global,vegetarian,1 oz,28.4,594,18.2,27.9,49.9,13.7,0.0,130,168,5.2,7.9,14.1,high_fiber,USDA FoodData Central - SR Legacy,168592
usda-sr-168587,"Seeds, sisymbrium sp. seeds, whole, dried",,Nut and Seed Products,Global,vegan,1 cup,74.0,318,12.1,58.3,4.6,0.0,0.0,92,235,9.0,43.1,3.4,,USDA FoodData Central - SR Legacy,168587
usda-sr-168602,"Nuts, almonds, oil roasted, lightly salted",,Nut and Seed Products,Global,vegan,1 oz (22 whole kernels),28.4,607,21.2,17.7,55.2,10.5,4.5,143,172,6.0,5.0,15.6,high_fiber,USDA FoodData Central - SR Legacy,168602
usda-sr-170166,"Nuts, chestnuts, chinese, boiled and steamed",,Nut and Seed Products,Global,vegan,1 oz,28.4,153,2.9,33.6,0.8,0.0,0.0,2,43,0.8,9.5,0.2,low_fat,USDA FoodData Central - SR Legacy,170166
usda-sr-168589,"Nuts, chestnuts, japanese, boiled and steamed",,Nut and Seed Products,Global,vegan,1 oz,28.4,56,0.8,12.6,0.2,0.0,0.0,5,16,0.2,3.6,0.1,low_calorie|low_fat|diet_friendly,USDA FoodData Central - SR Legacy,168589
usda-sr-168608,"Beef, grass-fed, ground, raw",,Beef Products,Global,non_vegetarian,4 oz,113.0,198,19.4,0.0,12.7,0.0,0.0,68,224,21.9,0.0,14.4,high_protein,USDA FoodData Central - SR Legacy,168608
usda-sr-171790,"Beef, ground, 95% lean meat / 5% fat, raw",,Beef Products,Global,non_vegetarian,4 oz,113.0,137,21.4,0.0,5.0,0.0,0.0,66,155,24.2,0.0,5.7,high_protein|diet_friendly,USDA FoodData Central - SR Legacy,171790
usda-sr-173110,"Beef, ground, 93% lean meat / 7% fat, raw",,Beef Products,Global,non_vegetarian,4 oz,113.0,152,20.9,0.0,7.0,0.0,0.0,66,172,23.6,0.0,7.9,high_protein|diet_friendly,USDA FoodData Central - SR Legacy,173110
usda-sr-173111,"Beef, ground, 97% lean meat / 3% fat, raw",,Beef Products,Global,non_vegetarian,4 oz,113.0,121,22.0,0.0,3.0,0.0,0.0,66,137,24.8,0.0,3.4,high_protein|low_fat|diet_friendly,USDA FoodData Central - SR Legacy,173111
usda-sr-168652,"Beef, ground, 70% lean meat / 30% fat, raw",,Beef Products,Global,non_vegetarian,4 oz,113.0,332,14.3,0.0,30.0,0.0,0.0,66,375,16.2,0.0,33.9,,USDA FoodData Central - SR Legacy,168652
usda-sr-174030,"Beef, ground, 90% lean meat / 10% fat, raw",,Beef Products,Global,non_vegetarian,4 oz,113.0,176,20.0,0.0,10.0,0.0,0.0,66,199,22.6,0.0,11.3,high_protein,USDA FoodData Central - SR Legacy,174030
usda-sr-174036,"Beef, ground, 80% lean meat / 20% fat, raw",,Beef Products,Global,non_vegetarian,4 oz,113.0,254,17.2,0.0,20.0,0.0,0.0,66,287,19.4,0.0,22.6,high_protein,USDA FoodData Central - SR Legacy,174036
usda-sr-174037,"Beef, ground, 75% lean meat / 25% fat, raw",,Beef Products,Global,non_vegetarian,4 oz,113.0,293,15.8,0.0,25.0,0.0,0.0,66,331,17.8,0.0,28.2,,USDA FoodData Central - SR Legacy,174037
usda-sr-172161,"Beef, ground, unspecified fat content, cooked",,Beef Products,Global,non_vegetarian,3 oz,85.0,240,25.1,0.6,14.5,0.0,0.0,85,204,21.3,0.5,12.4,high_protein,USDA FoodData Central - SR Legacy,172161
usda-sr-169429,"Beef, grass-fed, strip steaks, lean only, raw",,Beef Products,Global,non_vegetarian,4 oz,113.0,117,23.1,0.0,2.7,0.0,0.0,55,132,26.1,0.0,3.0,high_protein|low_fat|diet_friendly,USDA FoodData Central - SR Legacy,169429
usda-sr-169430,"Beef, carcass, separable lean and fat, choice, raw",,Beef Products,Global,non_vegetarian,1 oz,28.4,291,17.3,0.0,24.1,0.0,0.0,59,82,4.9,0.0,6.8,,USDA FoodData Central - SR Legacy,169430
usda-sr-169431,"Beef, carcass, separable lean and fat, select, raw",,Beef Products,Global,non_vegetarian,1 oz,28.4,278,17.5,0.0,22.6,0.0,0.0,59,79,5.0,0.0,6.4,,USDA FoodData Central - SR Legacy,169431
usda-sr-172336,"Oil, canola",,Fats and Oils,Global,vegan,1 tbsp,14.0,884,0.0,0.0,100.0,0.0,0.0,0,124,0.0,0.0,14.0,,USDA FoodData Central - SR Legacy,172336
usda-sr-171412,"Oil, coconut",,Fats and Oils,Global,vegan,1 tbsp,13.6,892,0.0,0.0,99.1,0.0,0.0,0,121,0.0,0.0,13.5,,USDA FoodData Central - SR Legacy,171412
usda-sr-172337,"Oil, mustard",,Fats and Oils,Global,vegan,1 tbsp,14.0,884,0.0,0.0,100.0,0.0,0.0,0,124,0.0,0.0,14.0,,USDA FoodData Central - SR Legacy,172337
usda-sr-171013,"Oil, rice bran",,Fats and Oils,Global,vegan,1 tablespoon,13.6,884,0.0,0.0,100.0,0.0,0.0,0,120,0.0,0.0,13.6,,USDA FoodData Central - SR Legacy,171013
usda-sr-171413,"Oil, olive, salad or cooking",,Fats and Oils,Global,vegan,1 tablespoon,13.5,884,0.0,0.0,100.0,0.0,0.0,2,119,0.0,0.0,13.5,,USDA FoodData Central - SR Legacy,171413
usda-sr-171016,"Oil, sesame, salad or cooking",,Fats and Oils,Global,vegan,1 tablespoon,13.6,884,0.0,0.0,100.0,0.0,0.0,0,120,0.0,0.0,13.6,,USDA FoodData Central - SR Legacy,171016
usda-sr-171410,"Oil, peanut, salad or cooking",,Fats and Oils,Global,vegan,1 tbsp,13.5,884,0.0,0.0,100.0,0.0,0.0,0,119,0.0,0.0,13.5,,USDA FoodData Central - SR Legacy,171410
usda-sr-171411,"Oil, soybean, salad or cooking",,Fats and Oils,Global,vegan,1 tbsp,13.6,884,0.0,0.0,100.0,0.0,0.0,0,120,0.0,0.0,13.6,,USDA FoodData Central - SR Legacy,171411
usda-sr-173589,"Margarine Spread, 40-49% fat, tub",,Fats and Oils,Global,vegan,100 g,100.0,401,0.3,0.0,44.5,0.0,0.0,716,401,0.3,0.0,44.5,high_sodium,USDA FoodData Central - SR Legacy,173589
usda-sr-171017,"Oil, sunflower, linoleic (less than 60%)",,Fats and Oils,Global,vegan,1 tbsp,13.6,884,0.0,0.0,100.0,0.0,0.0,0,120,0.0,0.0,13.6,,USDA FoodData Central - SR Legacy,171017
usda-sr-172338,"Oil, sunflower, high oleic (70% and over)",,Fats and Oils,Global,vegan,1 tbsp,14.0,884,0.0,0.0,100.0,0.0,0.0,0,124,0.0,0.0,14.0,,USDA FoodData Central - SR Legacy,172338
usda-sr-172339,"Margarine-like, margarine-butter blend, soybean oil and butter",,Fats and Oils,Global,vegetarian,1 tbsp,14.1,727,0.3,0.8,80.3,0.0,0.0,719,103,0.0,0.1,11.3,high_sodium,USDA FoodData Central - SR Legacy,172339
usda-sr-170919,"Spices, cardamom",,Spices and Herbs,Global,vegan,"1 tbsp, ground",5.8,311,10.8,68.5,6.7,28.0,0.0,18,18,0.6,4.0,0.4,high_fiber,USDA FoodData Central - SR Legacy,170919
usda-sr-170923,"Spices, cumin seed",,Spices and Herbs,Global,vegan,"1 tbsp, whole",6.0,375,17.8,44.2,22.3,10.5,2.2,168,22,1.1,2.7,1.3,high_fiber,USDA FoodData Central - SR Legacy,170923
usda-sr-170924,"Spices, curry powder",,Spices and Herbs,Global,vegan,1 tbsp,6.3,325,14.3,55.8,14.0,53.2,2.8,52,20,0.9,3.5,0.9,high_fiber,USDA FoodData Central - SR Legacy,170924
usda-sr-171319,"Spices, chili powder",,Spices and Herbs,Global,vegan,1 tbsp,8.0,282,13.5,49.7,14.3,34.8,7.2,2867,23,1.1,4.0,1.1,high_fiber|high_sodium,USDA FoodData Central - SR Legacy,171319
usda-sr-171325,"Spices, garlic powder",,Spices and Herbs,Global,vegan,1 tbsp,9.7,331,16.6,72.7,0.7,9.0,2.4,60,32,1.6,7.1,0.1,high_fiber|low_fat,USDA FoodData Central - SR Legacy,171325
usda-sr-170922,"Spices, coriander seed",,Spices and Herbs,Global,vegan,1 tbsp,5.0,298,12.4,55.0,17.8,41.9,0.0,35,15,0.6,2.7,0.9,high_fiber,USDA FoodData Central - SR Legacy,170922
usda-sr-171324,"Spices, fenugreek seed",,Spices and Herbs,Global,vegan,1 tbsp,11.1,323,23.0,58.4,6.4,24.6,0.0,67,36,2.6,6.5,0.7,high_fiber,USDA FoodData Central - SR Legacy,171324
usda-sr-170926,"Spices, ginger, ground",,Spices and Herbs,Global,vegan,1 tbsp,5.2,335,9.0,71.6,4.2,14.1,3.4,27,17,0.5,3.7,0.2,high_fiber,USDA FoodData Central - SR Legacy,170926
usda-sr-171321,"Spices, cloves, ground",,Spices and Herbs,Global,vegan,1 tbsp,6.5,274,6.0,65.5,13.0,33.9,2.4,277,18,0.4,4.3,0.8,high_fiber,USDA FoodData Central - SR Legacy,171321
usda-sr-171320,"Spices, cinnamon, ground",,Spices and Herbs,Global,vegan,1 tbsp,7.8,247,4.0,80.6,1.2,53.1,2.2,10,19,0.3,6.3,0.1,high_fiber|low_fat,USDA FoodData Central - SR Legacy,171320
usda-sr-172231,"Spices, turmeric, ground",,Spices and Herbs,Global,vegan,1 tbsp,9.4,312,9.7,67.1,3.2,22.7,3.2,27,29,0.9,6.3,0.3,high_fiber,USDA FoodData Central - SR Legacy,172231
usda-sr-170929,"Spices, mustard seed, ground",,Spices and Herbs,Global,vegan,1 tbsp,6.3,508,26.1,28.1,36.2,12.2,6.8,13,32,1.6,1.8,2.3,high_fiber,USDA FoodData Central - SR Legacy,170929
usda-sr-174370,"Lamb, ground, raw",,"Lamb, Veal, and Game Products",Global,non_vegetarian,1 oz,28.4,282,16.6,0.0,23.4,0.0,0.0,59,80,4.7,0.0,6.6,,USDA FoodData Central - SR Legacy,174370
usda-sr-175290,"Veal, ground, raw",,"Lamb, Veal, and Game Products",Global,non_vegetarian,3 oz,85.0,197,18.6,0.0,13.1,0.0,0.0,103,167,15.8,0.0,11.1,high_protein,USDA FoodData Central - SR Legacy,175290
usda-sr-175303,"Game meat, goat, raw",,"Lamb, Veal, and Game Products",Global,non_vegetarian,1 oz,28.4,109,20.6,0.0,2.3,0.0,0.0,82,31,5.8,0.0,0.7,low_calorie|low_fat|diet_friendly,USDA FoodData Central - SR Legacy,175303
usda-sr-172602,"Game meat, deer, ground, raw",,"Lamb, Veal, and Game Products",Global,non_vegetarian,1 patty (cooked from 4 oz raw),85.0,157,21.8,0.0,7.1,0.0,0.0,75,133,18.5,0.0,6.1,high_protein|diet_friendly,USDA FoodData Central - SR Legacy,172602
usda-sr-172544,"Lamb, ground, cooked, broiled",,"Lamb, Veal, and Game Products",Global,non_vegetarian,3 oz,85.0,283,24.8,0.0,19.6,0.0,0.0,81,241,21.0,0.0,16.7,high_protein,USDA FoodData Central - SR Legacy,172544
usda-sr-175291,"Veal, ground, cooked, broiled",,"Lamb, Veal, and Game Products",Global,non_vegetarian,3 oz,85.0,172,24.4,0.0,7.6,0.0,0.0,83,146,20.7,0.0,6.4,high_protein|diet_friendly,USDA FoodData Central - SR Legacy,175291
