molecule,display_name,drug_classes,fda_epc,sources,us_brand_examples,in_nlem
(hydroxymethyl)urea,(hydroxymethyl)urea,,,openfda,,n
.alpha.-hexylcinnamaldehyde,.alpha.-hexylcinnamaldehyde,,,openfda,,n
.alpha.-tocopherol,.alpha.-tocopherol,,,openfda,,n
.alpha.1-proteinase inhibitor human,.alpha.1-proteinase inhibitor human,,Human alpha-1 Proteinase Inhibitor,openfda,Glassia|Prolastin-C Liquid,n
.beta.-bisabolol,.beta.-bisabolol,,,openfda,,n
.beta.-citronellol (r)-,.beta.-citronellol (r)-,,,openfda,,n
.beta.-sitosterol,.beta.-sitosterol,,,openfda,,n
.eta.-tocopherol,.eta.-tocopherol,,,openfda,,n
3-o-ethyl ascorbic acid,3-o-ethyl ascorbic acid,,,openfda,,n
4-methylbenzylidene camphor,4-methylbenzylidene camphor,,,openfda,,n
4-terpineol,4-terpineol,,,openfda,,n
abacavir,Abacavir,antiretroviral,Human Immunodeficiency Virus Nucleoside Analog Reverse Transcriptase Inhibitor,openfda|nlem|janaushadhi|manual,Ziagen,y
abaloparatide,Abaloparatide,,Parathyroid Hormone-Related Peptide Analog,openfda,Tymlos,n
abatacept,Abatacept,immunosuppressant,Selective T Cell Costimulation Modulator,openfda,Orencia,n
abemaciclib,Abemaciclib,anticancer,Kinase Inhibitor,openfda,Verzenio,n
abiraterone,Abiraterone,anticancer,Cytochrome P450 17A1 Inhibitor,openfda|janaushadhi|manual,Zytiga|Yonsa,n
abrocitinib,Abrocitinib,immunosuppressant|cyp2c19_substrate,Janus Kinase Inhibitor,openfda,Cibinqo,n
acalabrutinib,Acalabrutinib,anticancer,Kinase Inhibitor,openfda,Calquence,n
acamprosate,Acamprosate,,,openfda|janaushadhi,,n
acarbose,Acarbose,antidiabetic_other,alpha-Glucosidase Inhibitor,openfda|janaushadhi|manual,,n
acebrophylline,Acebrophylline,theophylline,,janaushadhi|manual,,n
acebutolol,Acebutolol,antihypertensive,beta-Adrenergic Blocker,openfda,,n
aceclidine,Aceclidine,,Cholinergic Receptor Agonist,openfda,Vizz,n
aceclofenac,Aceclofenac,nsaid|nephrotoxic,,janaushadhi|manual,,n
acellular tissue engineered vessel,Acellular tissue engineered vessel,,,openfda,Symvess,n
acenocoumarol,Acenocoumarol (nicoumalone),anticoagulant_vka,,janaushadhi|manual,,n
acetaminophen,Acetaminophen (paracetamol),hepatotoxic,,openfda|nlem|janaushadhi|manual,Feverall Childrens|Tylenol 8 HR Arthritis Pain,y
acetazolamide,Acetazolamide,,Carbonic Anhydrase Inhibitor,openfda|nlem|janaushadhi,,y
acetic acid,Acetic acid,,,openfda,,n
acetohydroxamic acid,Acetohydroxamic acid,,Urease Inhibitor,openfda,Lithostat,n
acetyl l-tyrosine,Acetyl l-tyrosine,,,openfda,,n
acetylcysteine,Acetylcysteine (n-acetylcysteine),,Antidote|Antidote for Acetaminophen Overdose|Mucolytic,openfda|nlem|janaushadhi,Acetadote,y
acitretin,Acitretin,photosensitizing,Retinoid,openfda|janaushadhi,,n
aclidinium,Aclidinium,anticholinergic,Anticholinergic,openfda,Tudorza Pressair,n
acoltremon,Acoltremon,,TRPM8 Thermoreceptor Agonist,openfda,Tryptyr,n
acoramidis,Acoramidis,,Transthyretin Stabilizer,openfda,Attruby,n
acotiamide,Acotiamide,,,janaushadhi,,n
activated charcoal,Activated charcoal,,,openfda|nlem|janaushadhi,,y
acyclovir,Acyclovir (aciclovir),,Herpes Simplex Virus Nucleoside Analog DNA Polymerase Inhibitor|Herpes Zoster Virus Nucleoside Analog DNA Polymerase Inhibitor|Herpesvirus Nucleoside Analog DNA Polymerase Inhibitor,openfda|nlem|janaushadhi,Zovirax|Avaclyr,y
adagrasib,Adagrasib,,,openfda,Krazati,n
adalimumab,Adalimumab,immunosuppressant,Tumor Necrosis Factor Blocker,openfda,Amjevita|Hyrimoz|Hadlima,n
adansonia digitata seed oil,Adansonia digitata seed oil,,,openfda,,n
adapalene,Adapalene,photosensitizing,Retinoid,openfda|janaushadhi,Differin,n
adefovir dipivoxil,Adefovir dipivoxil,,Hepatitis B Virus Nucleoside Analog Reverse Transcriptase Inhibitor,openfda,,n
adenine,Adenine,,,openfda,,n
adenosine,Adenosine,,Adenosine Receptor Agonist,openfda|nlem|janaushadhi,,y
adeps bovis,Adeps bovis,,,openfda,,n
afamelanotide,Afamelanotide,,,openfda,Scenesse,n
afamitresgene autoleucel,Afamitresgene autoleucel,,,openfda,Tecelra,n
afatinib,Afatinib,anticancer,Kinase Inhibitor,openfda,Gilotrif,n
aficamten,Aficamten,cyp2c9_substrate,,openfda,Myqorzo,n
aflibercept,Aflibercept,,Vascular Endothelial Growth Factor Inhibitor,openfda,Eylea Hd|Pavblu|Zaltrap,n
agalsidase beta,Agalsidase beta,,Hydrolytic Lysosomal Neutral Glycosphingolipid-specific Enzyme,openfda,Fabrazyme,n
agomelatine,Agomelatine,hepatotoxic,,janaushadhi|manual,,n
air,Air,,,openfda,Air,n
alanine,Alanine,,,openfda,,n
albendazole,Albendazole,,Anthelmintic,openfda|nlem|janaushadhi,Albenza,y
albumin aggregated,Albumin aggregated,,,openfda,Draximage Maa|Pulmotech MAA,n
albumin human,Albumin human,,Human Serum Albumin,openfda,Albutein|Albuked|Plasbumin,n
albuterol,Albuterol (salbutamol),,beta2-Adrenergic Agonist,openfda|nlem|janaushadhi,Ventolin Hfa|ProAir Digihaler,y
alcaftadine,Alcaftadine,,Histamine-1 Receptor Antagonist,openfda,Lastacaft,n
alclometasone,Alclometasone,corticosteroid,Corticosteroid,openfda,,n
alcohol,Alcohol,,,openfda|nlem|janaushadhi,,y
alcohol 95%,Alcohol 95%,,,openfda,,n
aldesleukin,Aldesleukin,,Lymphocyte Growth Factor,openfda,Proleukin,n
alectinib,Alectinib,anticancer,Kinase Inhibitor,openfda,Alecensa,n
alemtuzumab,Alemtuzumab,,CD52-directed Cytolytic Antibody,openfda,Campath|Lemtrada,n
alendronate,Alendronate,,Bisphosphonate,openfda|janaushadhi,Binosto|Fosamax,n
alfacalcidol,Alfacalcidol,,,janaushadhi,,n
alfuzosin,Alfuzosin,antihypertensive,alpha-Adrenergic Blocker,openfda|janaushadhi,Uroxatral,n
alglucosidase alfa,Alglucosidase alfa,,Hydrolytic Lysosomal Glycogen-specific Enzyme,openfda,Lumizyme,n
alirocumab,Alirocumab,,PCSK9 Inhibitor,openfda,Praluent,n
aliskiren,Aliskiren,antihypertensive|potassium_sparing,Renin Inhibitor,openfda,Tekturna,n
alitretinoin,Alitretinoin,photosensitizing,Retinoid,openfda,Panretin,n
allantoin,Allantoin,,,openfda|janaushadhi,,n
allantoin (r)-,Allantoin (r)-,,,openfda,,n
allium cepa whole,Allium cepa whole,,,openfda,,n
allogeneic thymocyte-depleted thymus tissue-agdc,Allogeneic thymocyte-depleted thymus tissue-agdc,,,openfda,Rethymic,n
allopurinol,Allopurinol,,Xanthine Oxidase Inhibitor,openfda|nlem|janaushadhi,Aloprim,y
allylestrenol,Allylestrenol,hormonal_contraceptive_estrogen,,janaushadhi|manual,,n
almond oil,Almond oil,,,openfda,,n
almotriptan,Almotriptan,,Serotonin-1b and Serotonin-1d Receptor Agonist,openfda,,n
aloe,Aloe,,,openfda|janaushadhi,,n
aloe barbadensis leaf,Aloe barbadensis leaf,,,openfda,,n
aloe barbadensis leaf powder,Aloe barbadensis leaf powder,,,openfda,,n
aloe vera leaf,Aloe vera leaf,,,openfda,,n
aloe vera leaf juice,Aloe vera leaf juice,,,openfda,,n
alogliptin,Alogliptin,antidiabetic_other,Dipeptidyl Peptidase 4 Inhibitor,openfda|janaushadhi|manual,Nesina,n
alosetron,Alosetron,cyp1a2_substrate,Serotonin-3 Receptor Antagonist,openfda,Lotronex,n
alpelisib,Alpelisib,,,openfda,Vijoice|Piqray,n
alpha amylase,Alpha amylase,,,janaushadhi,,n
alpha-arbutin,Alpha-arbutin,,,openfda,,n
alpha-tocopherol,Alpha-tocopherol,,,openfda,,n
alprazolam,Alprazolam,sedative_hypnotic|cyp3a4_substrate_narrow,Benzodiazepine,openfda|janaushadhi|manual,Xanax,n
alprostadil,Alprostadil,,Prostaglandin Analog|Prostaglandin E1 Agonist,openfda|nlem,Edex|Prostin Vr Pediatric|Caverject,y
alteplase,Alteplase,,,openfda|janaushadhi,Cathflo Activase,n
aluminum acetate,Aluminum acetate,,,openfda,,n
aluminum chloride,Aluminum chloride,,,openfda,,n
aluminum chlorohydrate,Aluminum chlorohydrate,,,openfda,,n
aluminum hydroxide,Aluminum hydroxide,ppi_antacid,,openfda|janaushadhi|manual,,n
aluminum phosphate,Aluminum phosphate,,,openfda,,n
aluminum sesquichlorohydrate,Aluminum sesquichlorohydrate,,,openfda,,n
aluminum sulfate tetradecahydrate,Aluminum sulfate tetradecahydrate,,,openfda,,n
aluminum zirconium octachlorohydrate,Aluminum zirconium octachlorohydrate,,,openfda,,n
aluminum zirconium octachlorohydrex gly,Aluminum zirconium octachlorohydrex gly,,,openfda,,n
aluminum zirconium pentachlorohydrex gly,Aluminum zirconium pentachlorohydrex gly,,,openfda,,n
aluminum zirconium tetrachlorohydrex gly,Aluminum zirconium tetrachlorohydrex gly,,,openfda,,n
aluminum zirconium trichlorohydrate,Aluminum zirconium trichlorohydrate,,,openfda,,n
aluminum zirconium trichlorohydrex gly,Aluminum zirconium trichlorohydrex gly,,,openfda,,n
alvimopan,Alvimopan,,Opioid Antagonist,openfda,,n
amantadine,Amantadine,antiparkinson_levodopa,Influenza A M2 Protein Inhibitor,openfda|janaushadhi|manual,Gocovri,n
ambrisentan,Ambrisentan,,Endothelin Receptor Antagonist,openfda|janaushadhi,Letairis,n
ambroxol,Ambroxol,,,janaushadhi,,n
amcinonide,Amcinonide,corticosteroid,Corticosteroid,openfda,,n
amifampridine,Amifampridine,,Potassium Channel Blocker,openfda,Firdapse,n
amifostine,Amifostine,,Cytoprotective Agent,openfda,Ethyol,n
amikacin,Amikacin,antibiotic_other|nephrotoxic,Aminoglycoside Antibacterial,openfda|nlem|janaushadhi|manual,Arikayce,y
amiloride,Amiloride,potassium_sparing,Potassium-sparing Diuretic,openfda|janaushadhi|manual,,n
amiloxate,Amiloxate,,,openfda,,n
aminocaproic acid,Aminocaproic acid,,Antifibrinolytic Agent,openfda,,n
aminolevulinic acid hydrochloride,Aminolevulinic acid hydrochloride,,Optical Imaging Agent|Porphyrin Precursor,openfda,Gleolan|Ameluz,n
aminophylline,Aminophylline,theophylline,Methylxanthine,openfda|manual,,n
aminosalicylic acid,Aminosalicylic acid,antitubercular,,nlem|manual,,y
amiodarone,Amiodarone,antiarrhythmic|hepatotoxic|photosensitizing,Antiarrhythmic,openfda|nlem|janaushadhi|manual,Nexterone,y
amisulpride,Amisulpride,antipsychotic,Dopamine-2 Receptor Antagonist,openfda|janaushadhi|manual,Barhemsys,n
amitriptyline,Amitriptyline,antidepressant_tca|cyp2d6_substrate|anticholinergic,Tricyclic Antidepressant,openfda|nlem|janaushadhi|manual,,y
amivantamab,Amivantamab,,,openfda,Rybrevant,n
amlodipine,Amlodipine,antihypertensive,Dihydropyridine Calcium Channel Blocker|Calcium Channel Blocker,openfda|nlem|janaushadhi|manual,Norvasc|Norliqva|Sdamlo,y
ammonia,Ammonia,,,openfda,,n
ammonium lactate,Ammonium lactate,,alpha-Hydroxy Acid,openfda,,n
amorolfine,Amorolfine,,,janaushadhi,,n
amoxapine,Amoxapine,antidepressant_tca|cyp2d6_substrate|anticholinergic,Tricyclic Antidepressant,openfda|janaushadhi|manual,,n
amoxicillin,Amoxicillin (amoxycillin),antibiotic_other,Penicillin-class Antibacterial,openfda|nlem|janaushadhi|manual,,y
amphetamine,Amphetamine,cyp2d6_substrate,Central Nervous System Stimulant,openfda,Adzenys XR-ODT|Dyanavel Xr,n
amphetamine dl-aspartate,Amphetamine dl-aspartate,,,openfda,,n
amphotericin b,Amphotericin b,nephrotoxic,Lipid-based Polyene Antifungal|Polyene Antifungal,openfda|nlem|janaushadhi|manual,,y
ampicillin,Ampicillin,antibiotic_other,Penicillin-class Antibacterial,openfda|nlem|janaushadhi|manual,,y
anagrelide,Anagrelide,,Platelet-reducing Agent,openfda,Agrylin,n
anakinra,Anakinra,,Interleukin-1 Receptor Antagonist,openfda,Kineret,n
anastrozole,Anastrozole,anticancer,Aromatase Inhibitor,openfda|janaushadhi|manual,Arimidex,n
andexanet alfa,Andexanet alfa,,,openfda,Andexxa,n
angelica dahurica root,Angelica dahurica root,,,openfda,,n
angelica seed,Angelica seed,,,openfda,,n
angelica sinensis root,Angelica sinensis root,,,openfda,,n
angiotensin ii,Angiotensin ii,,Vasoconstrictor,openfda,Giapreza,n
anhydrous citric acid,Anhydrous citric acid,,Anti-coagulant|Calculi Dissolution Agent,openfda,,n
anhydrous dextrose,Anhydrous dextrose,,,openfda,,n
anidulafungin,Anidulafungin,,Echinocandin Antifungal,openfda,Eraxis,n
anifrolumab,Anifrolumab,,Type I Interferon Receptor Antagonist,openfda,Saphnelo,n
ansuvimab,Ansuvimab,,Zaire Ebolavirus Glycoprotein-directed Antibody,openfda,Ebanga,n
anthralin,Anthralin (dithranol),,,janaushadhi,,n
anthrax immune globulin human,Anthrax immune globulin human,,,openfda,Anthrasil,n
anti-d immunoglobulin,Anti-d immunoglobulin,,,nlem,,y
anti-rabies immunoglobulin,Anti-rabies immunoglobulin,,,nlem,,y
anti-tetanus immunoglobulin,Anti-tetanus immunoglobulin,,,nlem,,y
antihemophilic factor human,Antihemophilic factor human,,,openfda,,n
apalutamide,Apalutamide,,,openfda,Erleada,n
apis mellifera venom,Apis mellifera venom,,,openfda,,n
apitegromab,Apitegromab,,,openfda,Isembyld,n
apixaban,Apixaban,anticoagulant_doac,Factor Xa Inhibitor,openfda|janaushadhi|manual,Eliquis,n
apomorphine,Apomorphine,antiparkinson_levodopa,Dopaminergic Agonist,openfda|manual,Apokyn|Onapgo,n
apraclonidine,Apraclonidine,,alpha-Adrenergic Agonist,openfda,Iopidine 1%,n
apremilast,Apremilast,,Phosphodiesterase 4 Inhibitor,openfda|janaushadhi,Otezla,n
aprepitant,Aprepitant,cyp3a4_substrate_narrow,Substance P/Neurokinin-1 Receptor Antagonist,openfda,Emend|Aponvie|Cinvanti,n
aprocitentan,Aprocitentan,,Endothelin Receptor Antagonist,openfda,Tryvio,n
aqua,Aqua,,,openfda,,n
arctium lappa root,Arctium lappa root,,,openfda,,n
arformoterol,Arformoterol,,beta2-Adrenergic Agonist,openfda,,n
argan oil,Argan oil,,,openfda,,n
argania spinosa kernel oil,Argania spinosa kernel oil,,,openfda,,n
argatroban,Argatroban,anticoagulant_heparin,Anti-coagulant|Direct Thrombin Inhibitor,openfda|manual,,n
arginine,Arginine,,,openfda,,n
arginine hydrochloride,Arginine hydrochloride,,,openfda,R-Gene,n
arimoclomol,Arimoclomol,,,openfda,Miplyffa,n
aripiprazole,Aripiprazole,antipsychotic|cyp2d6_substrate,Atypical Antipsychotic,openfda|janaushadhi|manual,Abilify|Aristada|Opipza,n
armodafinil,Armodafinil,,,openfda|janaushadhi,Nuvigil,n
arnica montana,Arnica montana,,,openfda,,n
arnica montana flower,Arnica montana flower,,,openfda,,n
arnica montana whole,Arnica montana whole,,,openfda,,n
arsenic trioxide,Arsenic trioxide,anticancer,,openfda|nlem|manual,Trisenox,y
arteether,Arteether,,,janaushadhi,,n
artemether,Artemether,,,openfda|nlem|janaushadhi,,y
artemisia afra top,Artemisia afra top,,,openfda,,n
artemisia argyi leaf,Artemisia argyi leaf,,,openfda,,n
artemisia argyi whole,Artemisia argyi whole,,,openfda,,n
artemisia vulgaris oil,Artemisia vulgaris oil,,,openfda,,n
artemisia vulgaris root,Artemisia vulgaris root,,,openfda,,n
artesunate,Artesunate,,,nlem|janaushadhi,,y
articaine,Articaine,,Amide Local Anesthetic,openfda,,n
asciminib,Asciminib,,,openfda,Scemblix,n
ascorbic acid,Ascorbic acid (vitamin c),,Vitamin C,openfda|nlem|janaushadhi,Ascor,y
ascorbyl,Ascorbyl,,,openfda,,n
ascorbyl glucoside,Ascorbyl glucoside,,,openfda,,n
asenapine,Asenapine,antipsychotic,Atypical Antipsychotic,openfda|manual,Saphris|Secuado,n
asfotase alfa,Asfotase alfa,,Tissue-nonspecific Alkaline Phosphatase,openfda,Strensiq,n
asian ginseng,Asian ginseng,,,openfda,,n
asiatic acid,Asiatic acid,,,openfda,,n
asiaticoside,Asiaticoside,,,openfda,,n
asparaginase,Asparaginase (l-asparaginase),,Asparagine-specific Enzyme,openfda|nlem,Rylaze,y
aspartic acid,Aspartic acid,,,openfda,,n
aspirin,Aspirin (acetylsalicylic acid),antiplatelet|nsaid|nephrotoxic,Nonsteroidal Anti-inflammatory Drug|Platelet Aggregation Inhibitor,openfda|nlem|janaushadhi|manual,,y
astaxanthin,Astaxanthin,,,janaushadhi,,n
atacicept,Atacicept,,,openfda,Trutakna,n
atazanavir,Atazanavir,antiretroviral,Protease Inhibitor,openfda|nlem|janaushadhi|manual,Reyataz,y
atenolol,Atenolol,antihypertensive,beta-Adrenergic Blocker,openfda|janaushadhi,Tenormin,n
atezolizumab,Atezolizumab,anticancer,Programmed Death Receptor-1 Blocking Antibody,openfda,Tecentriq,n
atidarsagene autotemcel,Atidarsagene autotemcel,,,openfda,Lenmeldy,n
atogepant,Atogepant,,Calcitonin Gene-related Peptide Receptor Antagonist,openfda,Qulipta,n
atoltivimab,Atoltivimab,,,openfda,,n
atomoxetine,Atomoxetine,cyp2d6_substrate,Norepinephrine Reuptake Inhibitor,openfda|janaushadhi,Strattera|Atoncy,n
atorvastatin,Atorvastatin,statin|cyp3a4_substrate_narrow,HMG-CoA Reductase Inhibitor,openfda|nlem|janaushadhi|manual,Lipitor,y
atovaquone,Atovaquone,,Antimalarial|Antiprotozoal,openfda,Mepron,n
atractylodes lancea root,Atractylodes lancea root,,,openfda,,n
atracurium,Atracurium,anaesthesia_surgery,Nondepolarizing Neuromuscular Blocker,openfda|nlem|janaushadhi|manual,,y
atrasentan,Atrasentan,,Endothelin Receptor Antagonist,openfda,Vanrafia,n
atropine,Atropine,anticholinergic,Anticholinergic|Cholinergic Muscarinic Antagonist,openfda|nlem|janaushadhi|manual,ATROPEN Auto-Injector|N/A,y
auranofin,Auranofin,,,openfda,Ridaura,n
autologous cultured chondrocytes,Autologous cultured chondrocytes,,,openfda,,n
avacincaptad pegol,Avacincaptad pegol,,Complement Inhibitor,openfda,Izervay,n
avacopan,Avacopan,,Complement 5a Receptor Antagonist,openfda,Tavneos,n
avalglucosidase alfa,Avalglucosidase alfa,,Hydrolytic Lysosomal Glycogen-specific Enzyme,openfda,Nexviazyme,n
avanafil,Avanafil,nitrate_pde5|cyp3a4_substrate_narrow,Phosphodiesterase 5 Inhibitor,openfda|manual,,n
avapritinib,Avapritinib,anticancer,Kinase Inhibitor,openfda,Ayvakit,n
avatrombopag,Avatrombopag,cyp2c9_substrate,,openfda,Doptelet Sprinkle,n
avelumab,Avelumab,anticancer,Programmed Death Ligand-1 Blocker,openfda,Bavencio,n
avibactam,Avibactam,antibiotic_other,beta Lactamase Inhibitor,openfda|janaushadhi,,n
avobenzone,Avobenzone,,,openfda,,n
axatilimab,Axatilimab,,Colony Stimulating Factor-1 Receptor Blocker,openfda,Niktimvo,n
axicabtagene ciloleucel,Axicabtagene ciloleucel,anticancer,CD19-directed Chimeric Antigen Receptor|Genetically-modified Autologous T Cells,openfda,Yescarta,n
axitinib,Axitinib,anticancer,Kinase Inhibitor,openfda,Inlyta,n
azacitidine,Azacitidine,anticancer,Nucleoside Metabolic Inhibitor,openfda,Onureg|Vidaza,n
azathioprine,Azathioprine,immunosuppressant,Purine Antimetabolite,openfda|nlem|janaushadhi|manual,Imuran,y
azelaic acid,Azelaic acid,,,openfda|janaushadhi,Azelex|Finacea Foam,n
azelamide mea,Azelamide mea,,,openfda,,n
azelastine,Azelastine,,Histamine-1 Receptor Antagonist,openfda|janaushadhi,Astepro Allergy,n
azelnidipine,Azelnidipine,antihypertensive,,janaushadhi|manual,,n
azilsartan,Azilsartan,antihypertensive|potassium_sparing,Angiotensin 2 Receptor Blocker,openfda|janaushadhi,Edarbi,n
azithromycin,Azithromycin,antibiotic_other,Macrolide Antimicrobial,openfda|nlem|janaushadhi|manual,Zithromax|Azasite,y
aztreonam,Aztreonam,antibiotic_other,Monobactam Antibacterial,openfda,Azactam,n
bacillus clausii,Bacillus clausii,,,janaushadhi,,n
bacitracin,Bacitracin,,,openfda|janaushadhi,,n
bacitracin zinc,Bacitracin zinc,,,openfda|janaushadhi,,n
baclofen,Baclofen,,gamma-Aminobutyric Acid-ergic Agonist,openfda|nlem|janaushadhi,Gablofen|Lyvispah|Fleqsuvy,y
baicalin,Baicalin,,,openfda,,n
bakuchiol,Bakuchiol,,,openfda,,n
baloxavir marboxil,Baloxavir marboxil,,Polymerase Acidic Endonuclease Inhibitor,openfda,Xofluza,n
balsalazide,Balsalazide,,Aminosalicylate,openfda,,n
baricitinib,Baricitinib,immunosuppressant,Janus Kinase Inhibitor,openfda|janaushadhi,Olumiant,n
barium sulfate,Barium sulfate,,Radiographic Contrast Agent,openfda|nlem,E-Z-Paque|E-Z-Disk|E-Z-Hd,y
barleria lupulina whole,Barleria lupulina whole,,,openfda,,n
basiliximab,Basiliximab,immunosuppressant,Interleukin-2 Receptor Blocking Antibody,openfda|manual,Simulect,n
baxdrostat,Baxdrostat,,,openfda,Baxfendy,n
bazedoxifene,Bazedoxifene,hormonal_contraceptive_estrogen,Estrogen Agonist/Antagonist,openfda,,n
bcg vaccine,Bcg vaccine,,,nlem,,y
becaplermin,Becaplermin,,Human Platelet-derived Growth Factor,openfda,Regranex Gel 0.01%,n
beclomethasone,Beclomethasone (beclometasone),corticosteroid,Corticosteroid,openfda|janaushadhi|manual,Qvar Redihaler|Qnasl,n
bedaquiline,Bedaquiline,antitubercular,Diarylquinoline Antimycobacterial,openfda|nlem|manual,Sirturo,y
beeswax,Beeswax,,,openfda,,n
belantamab mafodotin,Belantamab mafodotin,,,openfda,Blenrep,n
belatacept,Belatacept,immunosuppressant,Selective T Cell Costimulation Blocker,openfda|manual,Nulojix,n
belimumab,Belimumab,,B Lymphocyte Stimulator-specific Inhibitor,openfda,Benlysta,n
belinostat,Belinostat,anticancer,Histone Deacetylase Inhibitor,openfda,Beleodaq,n
belumosudil,Belumosudil,,,openfda,Rezurock,n
belzutifan,Belzutifan,,Hypoxia-inducible Factor Inhibitor,openfda,Welireg,n
bemotrizinol,Bemotrizinol,,,openfda,,n
bempedoic acid,Bempedoic acid,,Adenosine Triphosphate-Citrate Lyase Inhibitor,openfda|janaushadhi,Nexletol,n
benazepril,Benazepril,antihypertensive|potassium_sparing,Angiotensin Converting Enzyme Inhibitor,openfda|janaushadhi,Lotensin,n
bendamustine,Bendamustine,anticancer,Alkylating Drug,openfda|nlem,Vivimusta|Belrapzo|Bendeka,y
benfotiamine,Benfotiamine,,,janaushadhi,,n
benidipine,Benidipine,antihypertensive,,janaushadhi|manual,,n
benoxinate,Benoxinate,,,openfda,,n
benralizumab,Benralizumab,,Interleukin-5 Receptor alpha-directed Cytolytic Antibody,openfda,Fasenra,n
benzalkonium,Benzalkonium,,,openfda,,n
benzethonium,Benzethonium,,,openfda|janaushadhi,,n
benzgalantamine,Benzgalantamine,,,openfda,Zunveyl,n
benzhydrocodone,Benzhydrocodone,,,openfda,,n
benznidazole,Benznidazole,,,openfda,,n
benzocaine,Benzocaine,,Standardized Chemical Allergen,openfda|janaushadhi,,n
benzoic acid,Benzoic acid,,,openfda|janaushadhi,,n
benzoin resin,Benzoin resin,,,openfda,,n
benzonatate,Benzonatate,,Non-narcotic Antitussive,openfda,,n
benzophenone-3,Benzophenone-3,,,openfda,,n
benzoyl peroxide,Benzoyl peroxide,,,openfda|nlem|janaushadhi,Epsolay,y
benzphetamine,Benzphetamine,,Sympathomimetic Amine Anorectic,openfda,,n
benztropine,Benztropine,anticholinergic,Anticholinergic|Antihistamine,openfda|manual,,n
benzyl alcohol,Benzyl alcohol,,Pediculicide,openfda,,n
benzyl benzoate,Benzyl benzoate,,,openfda,,n
benzyl nicotinate,Benzyl nicotinate,,,janaushadhi,,n
benzylpenicilloyl polylysine,Benzylpenicilloyl polylysine,,,openfda,Pre-Pen,n
bepotastine,Bepotastine,,Histamine-1 Receptor Antagonist,openfda|janaushadhi,Bepreve,n
beractant,Beractant,,Surfactant,openfda,Survanta,n
berahyaluronidase alfa,Berahyaluronidase alfa,,Endoglycosidase,openfda,,n
berotralstat,Berotralstat,,Plasma Kallikrein Inhibitor,openfda,Orladeyo,n
besifloxacin,Besifloxacin,antibiotic_chelating|photosensitizing,Quinolone Antimicrobial,openfda,Besivance,n
beta carotene,Beta carotene,,,openfda|janaushadhi,,n
betahistine,Betahistine,,,janaushadhi,,n
betaine,Betaine,,Methylating Agent,openfda,Cystadane,n
betamethasone,Betamethasone,corticosteroid,Corticosteroid,openfda|nlem|janaushadhi|manual,Celestone Soluspan|Diprolene|Sernivo,y
betaxolol,Betaxolol,antihypertensive,beta-Adrenergic Blocker,openfda|janaushadhi,Betoptic S,n
bethanechol,Bethanechol,,Cholinergic Muscarinic Agonist,openfda|janaushadhi,,n
betiatide,Betiatide,,,openfda,Technescan MAG3,n
betibeglogene autotemcel,Betibeglogene autotemcel,,,openfda,Zynteglo,n
betula alba juice,Betula alba juice,,,openfda,,n
betula alba leaf,Betula alba leaf,,,openfda,,n
bevacizumab,Bevacizumab,anticancer,Vascular Endothelial Growth Factor Inhibitor,openfda|manual,Alymsys|Avastin|Jobevne,n
bexagliflozin,Bexagliflozin,antidiabetic_other,Sodium-Glucose Cotransporter 2 Inhibitor,openfda,Brenzavvy,n
bexarotene,Bexarotene,photosensitizing,Retinoid,openfda,Targretin,n
bezlotoxumab,Bezlotoxumab,,,openfda,Zinplava,n
bicalutamide,Bicalutamide,anticancer,Androgen Receptor Inhibitor,openfda|nlem|janaushadhi|manual,Casodex,y
bicarbonate ion,Bicarbonate ion,,Osmotic Laxative,openfda,,n
bictegravir,Bictegravir,,,openfda,,n
bifonazole,Bifonazole,,,janaushadhi,,n
bilastine,Bilastine,,,janaushadhi,,n
bimatoprost,Bimatoprost,,Prostaglandin Analog,openfda|janaushadhi,Durysta|Latisse|Lumigan,n
bimekizumab,Bimekizumab,,,openfda,Bimzelx,n
binimetinib,Binimetinib,,,openfda,Mektovi,n
biotin,Biotin,,,openfda|janaushadhi,,n
birch triterpenes,Birch triterpenes,,,openfda,Filsuvez,n
bis-ethylhexyloxyphenol methoxyphenyl triazine,Bis-ethylhexyloxyphenol methoxyphenyl triazine,,,openfda,,n
bisacodyl,Bisacodyl,laxative_stimulant,Stimulant Laxative,openfda|nlem|janaushadhi|manual,,y
bismuth,Bismuth,,,openfda,,n
bismuth subcitrate,Bismuth subcitrate,,Bismuth,openfda,,n
bismuth subgallate,Bismuth subgallate,,Bismuth,openfda,,n
bismuth subsalicylate,Bismuth subsalicylate,,Bismuth,openfda,,n
bisoctrizole,Bisoctrizole,,,openfda,,n
bisoprolol,Bisoprolol,antihypertensive,beta-Adrenergic Blocker,openfda|janaushadhi,,n
bivalirudin,Bivalirudin,anticoagulant_heparin,Anti-coagulant|Direct Thrombin Inhibitor,openfda|manual,,n
black cohosh,Black cohosh,,,openfda,,n
bleomycin,Bleomycin,,Cytoprotective Agent,openfda|nlem|janaushadhi,,y
bnt162b2 omicron (lp.8.1),Bnt162b2 omicron (lp.8.1),,,openfda,Comirnaty,n
boric acid,Boric acid,,,openfda,,n
borneol,Borneol,,,openfda,,n
bortezomib,Bortezomib,anticancer,Proteasome Inhibitor,openfda|nlem|janaushadhi,Boruzu|Velcade,y
bosentan,Bosentan,hepatotoxic,Endothelin Receptor Antagonist,openfda|janaushadhi|manual,Tracleer,n
bosutinib,Bosutinib,anticancer,Kinase Inhibitor,openfda,Bosulif,n
botulinum toxin type a,Botulinum toxin type a,,Acetylcholine Release Inhibitor|Neuromuscular Blocker,openfda,Xeomin|Botox|Dysport,n
bremelanotide,Bremelanotide,,Melanocortin Receptor Agonist,openfda,Vyleesi,n
brensocatib,Brensocatib,,,openfda,Brinsupri,n
brentuximab vedotin,Brentuximab vedotin,anticancer,CD30-directed Immunoconjugate,openfda,Adcetris,n
brepocitinib,Brepocitinib,,,openfda,Lisraya,n
brexpiprazole,Brexpiprazole,antipsychotic|cyp2d6_substrate,Atypical Antipsychotic,openfda|manual,Rexulti,n
brexucabtagene autoleucel,Brexucabtagene autoleucel,,,openfda,Tecartus,n
brigatinib,Brigatinib,anticancer|cyp3a4_substrate_narrow,Kinase Inhibitor,openfda,Alunbrig,n
brilliant blue g,Brilliant blue g,,Disclosing Agent,openfda,Tissueblue,n
brimonidine,Brimonidine,,alpha-Adrenergic Agonist,openfda|janaushadhi,Alphagan P|LUMIFY Redness Reliever Eye Drops|Mirvaso,n
brincidofovir,Brincidofovir,,,openfda,Tembexa,n
brinzolamide,Brinzolamide,,Carbonic Anhydrase Inhibitor,openfda|janaushadhi,Azopt,n
brivaracetam,Brivaracetam,antiepileptic|cyp2c19_substrate,,openfda|janaushadhi|manual,Briviact,n
brodalumab,Brodalumab,,Interleukin-17 Receptor A Antagonist,openfda,Siliq,n
brolucizumab,Brolucizumab,,,openfda,Beovu,n
bromelain,Bromelain,,,janaushadhi,,n
bromfenac,Bromfenac,nsaid,Nonsteroidal Anti-inflammatory Drug,openfda|janaushadhi,Bromsite 0.075%|Prolensa,n
bromhexine,Bromhexine,,,janaushadhi,,n
bromocriptine,Bromocriptine,antiparkinson_levodopa,Ergot Derivative,openfda|janaushadhi|manual,Cycloset,n
brompheniramine,Brompheniramine,anticholinergic,,openfda|manual,,n
brucea javanica fruit,Brucea javanica fruit,,,openfda,,n
budesonide,Budesonide,corticosteroid|cyp3a4_substrate_narrow,Corticosteroid,openfda|nlem|janaushadhi|manual,Pulmicort Flexhaler|Uceris|Eohilia,y
bulevirtide,Bulevirtide,,,openfda,Hepcludex,n
bumetanide,Bumetanide,diuretic_loop_thiazide,Loop Diuretic,openfda,Bumex|Enbumyst,n
bupivacaine,Bupivacaine,,Amide Local Anesthetic,openfda|nlem|janaushadhi,Marcaine|Sensorcaine|Exparel,y
buprenorphine,Buprenorphine,opioid,Partial Opioid Agonist,openfda|nlem|manual,Belbuca|Brixadi|Butrans,y
bupropion,Bupropion,,Aminoketone,openfda|janaushadhi,Aplenzin|Wellbutrin Sr|Forfivo XL,n
burosumab,Burosumab,,,openfda,Crysvita,n
buspirone,Buspirone,cyp3a4_substrate_narrow,,openfda|janaushadhi,,n
busulfan,Busulfan,anticancer,Alkylating Drug,openfda,Myleran,n
butalbital,Butalbital,sedative_hypnotic,Barbiturate,openfda|manual,,n
butenafine,Butenafine,,Benzylamine Antifungal,openfda,Lotrimin Ultra,n
butoconazole,Butoconazole,,Azole Antifungal,openfda,,n
butorphanol,Butorphanol,opioid,Opioid Agonist/Antagonist,openfda|manual,,n
butyl methoxydibenzoylmethane,Butyl methoxydibenzoylmethane,,,openfda,,n
butylated hydroxytoluene,Butylated hydroxytoluene,,,openfda,,n
butylene,Butylene,,,openfda,,n
butylparaben,Butylparaben,,,openfda,,n
butyrospermum parkii (shea) butter,Butyrospermum parkii (shea) butter,,,openfda,,n
butyrospermum parkii (shea) oil,Butyrospermum parkii (shea) oil,,,openfda,,n
c13-14 isoparaffin,C13-14 isoparaffin,,,openfda,,n
c20-22 alcohols,C20-22 alcohols,,,openfda,,n
cabergoline,Cabergoline,antiparkinson_levodopa,Ergot Derivative,openfda|janaushadhi|manual,,n
cabotegravir,Cabotegravir,antiretroviral,Human Immunodeficiency Virus Integrase Strand Transfer Inhibitor,openfda,Vocabria,n
cabozantinib,Cabozantinib,anticancer,Kinase Inhibitor,openfda|janaushadhi,Cabometyx|Cometriq,n
caffeine,Caffeine,cyp1a2_substrate,Central Nervous System Stimulant|Methylxanthine,openfda|nlem|janaushadhi,,y
calamine,Calamine,,,nlem|janaushadhi,,y
calaspargase pegol,Calaspargase pegol,,Asparagine-specific Enzyme,openfda,asparlas,n
calcifediol,Calcifediol,,Vitamin D3 Analog,openfda,Rayaldee,n
calcipotriene,Calcipotriene (calcipotriol),,Vitamin D Analog,openfda|janaushadhi,Sorilux,n
calcitonin salmon,Calcitonin salmon,,Calcitonin,openfda,Miacalcin,n
calcitriol,Calcitriol,,Vitamin D3 Analog,openfda|janaushadhi,Vectical,n
calcium,Calcium,iron_mineral_supplement,Calcium,openfda|janaushadhi,,n
calcium acetate,Calcium acetate,,Blood Coagulation Factor|Phosphate Binder,openfda|janaushadhi,,n
calcium acetate monohydrate,Calcium acetate monohydrate,,,openfda,,n
calcium bicarbonate,Calcium bicarbonate,,,openfda,,n
calcium carbonate,Calcium carbonate,ppi_antacid|iron_mineral_supplement,Blood Coagulation Factor|Phosphate Binder,openfda|nlem|janaushadhi|manual,,y
calcium cation,Calcium cation,,,openfda,,n
calcium chloride,Calcium chloride,,Blood Coagulation Factor|Phosphate Binder,openfda,,n
calcium citrate,Calcium citrate,iron_mineral_supplement,,openfda|janaushadhi|manual,,n
calcium citrate malate,Calcium citrate malate,iron_mineral_supplement,,janaushadhi|manual,,n
calcium gluconate,Calcium gluconate,iron_mineral_supplement,Blood Coagulation Factor|Phosphate Binder,openfda|nlem|janaushadhi|manual,,y
calcium gluconate monohydrate,Calcium gluconate monohydrate,,Blood Coagulation Factor|Phosphate Binder,openfda,,n
calcium lactate,Calcium lactate,iron_mineral_supplement,,openfda|manual,,n
calcium oxybate,Calcium oxybate,,,openfda,,n
calcium pantothenate,Calcium pantothenate,,,openfda|janaushadhi,,n
calcium polycarbophil,Calcium polycarbophil,,,openfda,,n
calendula officinalis flower,Calendula officinalis flower,,,openfda,,n
calfactant,Calfactant,,Surfactant,openfda,Infasurf,n
camellia japonica flower,Camellia japonica flower,,,openfda,,n
camellia japonica flower oil,Camellia japonica flower oil,,,openfda,,n
camellia japonica seed oil,Camellia japonica seed oil,,,openfda,,n
camellia sinensis leaf,Camellia sinensis leaf,,,openfda,,n
camellia sinensis leaf oil,Camellia sinensis leaf oil,,,openfda,,n
camellia sinensis seed oil,Camellia sinensis seed oil,,,openfda,,n
camizestrant,Camizestrant,,,openfda,Etcamah,n
camphor,Camphor,,,openfda|janaushadhi,,n
camphor (-)-,Camphor (-)-,,,openfda,,n
camphor oil,Camphor oil,,,openfda,,n
camphoric acid,Camphoric acid,,,openfda,,n
camylofin,Camylofin,,,janaushadhi,,n
canagliflozin,Canagliflozin,antidiabetic_other,Sodium-Glucose Cotransporter 2 Inhibitor,openfda|janaushadhi|manual,Invokana,n
canakinumab,Canakinumab,,,openfda,Ilaris,n
canarium album whole,Canarium album whole,,,openfda,,n
candesartan,Candesartan,antihypertensive|potassium_sparing,Angiotensin 2 Receptor Blocker,openfda,Atacand,n
cangrelor,Cangrelor,antiplatelet,P2Y12 Platelet Inhibitor,openfda|manual,Kengreal,n
cannabidiol,Cannabidiol,antiepileptic,,openfda|manual,Epidiolex,n
cannabis sativa seed oil,Cannabis sativa seed oil,,,openfda,,n
cantharidin,Cantharidin,,,openfda,Ycanth,n
capecitabine,Capecitabine,anticancer,Nucleoside Metabolic Inhibitor,openfda|nlem|janaushadhi|manual,Xeloda,y
capivasertib,Capivasertib,,,openfda,Truqap,n
capmatinib,Capmatinib,anticancer,Kinase Inhibitor,openfda,Tabrecta,n
caprylyl,Caprylyl,,,openfda,,n
capsaicin,Capsaicin,,,openfda,,n
capsicum,Capsicum,,Non-Standardized Food Allergenic Extract|Non-Standardized Plant Allergenic Extract,openfda,,n
capsicum oleoresin,Capsicum oleoresin,,,openfda,,n
captopril,Captopril,antihypertensive|potassium_sparing,Angiotensin Converting Enzyme Inhibitor,openfda,,n
carbachol,Carbachol,,Cholinergic Receptor Agonist,openfda,Miostat,n
carbamazepine,Carbamazepine,antiepileptic,Mood Stabilizer,openfda|nlem|janaushadhi|manual,Carbatrol|Equetro|Tegretol,y
carbamide peroxide,Carbamide peroxide,,,openfda,,n
carbidopa,Carbidopa,antiparkinson_levodopa,Aromatic Amino Acid Decarboxylation Inhibitor,openfda|nlem|janaushadhi|manual,Lodosyn,y
carbimazole,Carbimazole,antithyroid,,nlem|janaushadhi|manual,,y
carbinoxamine,Carbinoxamine,anticholinergic,Histamine-1 Receptor Antagonist,openfda|manual,Karbinal ER,n
carbomer homopolymer unspecified type,Carbomer homopolymer unspecified type,,,openfda,,n
carbon dioxide,Carbon dioxide,,Radiographic Contrast Agent,openfda,,n
carbonyl iron,Carbonyl iron,iron_mineral_supplement,,janaushadhi|manual,,n
carboplatin,Carboplatin,anticancer,Platinum-based Drug,openfda|nlem|janaushadhi,Kyxata,y
carboprost,Carboprost,,Prostaglandin Analog,openfda|janaushadhi,Hemabate,n
carboxymethylcellulose,Carboxymethylcellulose (carboxymethyl cellulose),,,openfda|nlem|janaushadhi,,y
carfilzomib,Carfilzomib,anticancer,Proteasome Inhibitor,openfda,Kyprolis,n
carglumic acid,Carglumic acid,,Carbamoyl Phosphate Synthetase 1 Activator,openfda,Carbaglu,n
cariprazine,Cariprazine,antipsychotic,Atypical Antipsychotic,openfda|janaushadhi|manual,Vraylar,n
carisoprodol,Carisoprodol,cyp2c19_substrate,Muscle Relaxant,openfda,Soma,n
carmustine,Carmustine,anticancer,Alkylating Drug,openfda,Gliadel,n
carteolol,Carteolol,antihypertensive,beta-Adrenergic Blocker,openfda,,n
carthamus tinctorius (safflower) flower,Carthamus tinctorius (safflower) flower,,,openfda,,n
carthamus tinctorius flower bud,Carthamus tinctorius flower bud,,,openfda,,n
carvedilol,Carvedilol,antihypertensive|cyp2d6_substrate,alpha-Adrenergic Blocker|beta-Adrenergic Blocker,openfda|janaushadhi,Coreg,n
casimersen,Casimersen,,Antisense Oligonucleotide,openfda,Amondys 45,n
caspofungin,Caspofungin,,Echinocandin Antifungal,openfda,Cancidas,n
castor oil,Castor oil,laxative_stimulant,,openfda|janaushadhi|manual,,n
cedazuridine,Cedazuridine,,,openfda,,n
cefaclor,Cefaclor,antibiotic_other,Cephalosporin Antibacterial,openfda|janaushadhi,,n
cefadroxil,Cefadroxil,antibiotic_other,Cephalosporin Antibacterial,openfda|nlem|janaushadhi,,y
cefazolin,Cefazolin,antibiotic_other,Cephalosporin Antibacterial,openfda|nlem|janaushadhi,,y
cefdinir,Cefdinir,antibiotic_other,Cephalosporin Antibacterial,openfda|janaushadhi,,n
cefepime,Cefepime,antibiotic_other,Cephalosporin Antibacterial,openfda|janaushadhi,,n
cefiderocol,Cefiderocol,antibiotic_other,Cephalosporin Antibacterial,openfda,Fetroja,n
cefixime,Cefixime,antibiotic_other,Cephalosporin Antibacterial,openfda|nlem|janaushadhi|manual,,y
cefoperazone,Cefoperazone,antibiotic_other,,janaushadhi|manual,,n
cefotaxime,Cefotaxime,antibiotic_other,Cephalosporin Antibacterial,openfda|nlem|janaushadhi,Claforan,y
cefotetan,Cefotetan,antibiotic_other,Cephalosporin Antibacterial,openfda,Cefotan,n
cefoxitin,Cefoxitin,antibiotic_other,Cephalosporin Antibacterial,openfda,,n
cefpodoxime,Cefpodoxime,antibiotic_other,Cephalosporin Antibacterial,openfda|janaushadhi|manual,,n
cefprozil,Cefprozil,antibiotic_other,Cephalosporin Antibacterial,openfda|janaushadhi,,n
ceftaroline,Ceftaroline,antibiotic_other,Cephalosporin Antibacterial,openfda,Teflaro,n
ceftazidime,Ceftazidime,antibiotic_other,Cephalosporin Antibacterial,openfda|nlem|janaushadhi,,y
ceftobiprole,Ceftobiprole,antibiotic_other,Cephalosporin Antibacterial,openfda,Zevtera,n
ceftolozane,Ceftolozane,,,openfda,,n
ceftriaxone,Ceftriaxone,antibiotic_other,Cephalosporin Antibacterial,openfda|nlem|janaushadhi|manual,,y
cefuroxime,Cefuroxime,antibiotic_other,Cephalosporin Antibacterial,openfda|nlem|janaushadhi|manual,,y
celecoxib,Celecoxib,nsaid|nephrotoxic|cyp2c9_substrate,Nonsteroidal Anti-inflammatory Drug,openfda|manual,Celebrex|Vyscoxa,n
cemiplimab,Cemiplimab,,,openfda,Libtayo,n
cenegermin,Cenegermin,,Recombinant Human Nerve Growth Factor,openfda,Oxervate,n
cenobamate,Cenobamate,antiepileptic,,openfda|manual,Xcopri,n
centaurea cyanus flower,Centaurea cyanus flower,,,openfda,,n
centella asiatica,Centella asiatica,,,openfda,,n
centella asiatica leaf,Centella asiatica leaf,,,openfda,,n
centella asiatica root,Centella asiatica root,,,openfda,,n
centella asiatica triterpenoids,Centella asiatica triterpenoids,,,openfda,,n
cephalexin,Cephalexin,antibiotic_other,Cephalosporin Antibacterial,openfda|janaushadhi,,n
ceramide np,Ceramide np,,,openfda,,n
cerebroprotein hydrolysate,Cerebroprotein hydrolysate,,,janaushadhi,,n
ceritinib,Ceritinib,anticancer,Kinase Inhibitor,openfda,Zykadia,n
certolizumab pegol,Certolizumab pegol,immunosuppressant,Tumor Necrosis Factor Blocker,openfda,Cimzia,n
cervus elaphus velvet,Cervus elaphus velvet,,,openfda,,n
cetearyl ethylhexanoate,Cetearyl ethylhexanoate,,,openfda,,n
cetirizine,Cetirizine,,Histamine-1 Receptor Antagonist,openfda|nlem|janaushadhi,Zyrtec Allergy|Quzyttir|24 Hour Allergy,y
cetostearyl alcohol,Cetostearyl alcohol,,,openfda,,n
cetrimide,Cetrimide,,,janaushadhi,,n
cetuximab,Cetuximab,anticancer,Epidermal Growth Factor Receptor Antagonist,openfda,Erbitux,n
cetyl alcohol,Cetyl alcohol,,,openfda,,n
cetyl peg/ppg-10/1 dimethicone (hlb 4),Cetyl peg/ppg-10/1 dimethicone (hlb 4),,,openfda,,n
cetylpyridinium,Cetylpyridinium,,,openfda,,n
cevimeline,Cevimeline,cyp2d6_substrate,Cholinergic Receptor Agonist,openfda,Evoxac,n
chamomile,Chamomile,,,openfda|janaushadhi,,n
chenodiol,Chenodiol,,Bile Acid,openfda,Ctexli,n
chikungunya virus senegal strain 37997 capsid protein,Chikungunya virus senegal strain 37997 capsid protein,,,openfda,,n
chikungunya virus senegal strain 37997 envelope protein e1,Chikungunya virus senegal strain 37997 envelope protein e1,,,openfda,,n
chikungunya virus senegal strain 37997 envelope protein e2,Chikungunya virus senegal strain 37997 envelope protein e2,,,openfda,,n
chlophedianol,Chlophedianol,,,openfda,,n
chlorambucil,Chlorambucil,anticancer,Alkylating Drug,openfda|nlem,Leukeran,y
chloramphenicol,Chloramphenicol,antibiotic_other,Amphenicol-class Antibacterial,openfda|janaushadhi,,n
chlorbutol,Chlorbutol,,,janaushadhi,,n
chlorcyclizine,Chlorcyclizine,anticholinergic,,openfda|manual,,n
chlordiazepoxide,Chlordiazepoxide,sedative_hypnotic,Benzodiazepine,openfda|janaushadhi|manual,,n
chlorhexidine,Chlorhexidine,,,openfda|nlem|janaushadhi,"Antiseptic Skin Cleanser|Scrub, Scrub-Stat, Foam Safe, Micro-Guard|Bactoshield CHG",y
chlorhexidine digluconate,Chlorhexidine digluconate,,,openfda,,n
chlorocresol,Chlorocresol,,,janaushadhi,,n
chloroprocaine,Chloroprocaine,,Ester Local Anesthetic,openfda,Nesacaine|Iheezo,n
chloroquine,Chloroquine,,Antimalarial,openfda|nlem|janaushadhi,,y
chlorothiazide,Chlorothiazide,antihypertensive|diuretic_loop_thiazide|photosensitizing,Thiazide Diuretic,openfda,Diuril,n
chlorothymol,Chlorothymol,,,janaushadhi,,n
chloroxylenol,Chloroxylenol,,,openfda|janaushadhi,,n
chlorphenesin,Chlorphenesin,,,openfda,,n
chlorpheniramine,Chlorpheniramine,anticholinergic,Histamine-1 Receptor Antagonist,openfda|janaushadhi|manual,,n
chlorpromazine,Chlorpromazine,antipsychotic,Phenothiazine,openfda|janaushadhi|manual,,n
chlorthalidone,Chlorthalidone,antihypertensive|diuretic_loop_thiazide|photosensitizing,Thiazide-like Diuretic,openfda|janaushadhi|manual,Hemiclor|Thalitone,n
chlorzoxazone,Chlorzoxazone,,Muscle Relaxant,openfda|janaushadhi,,n
cholecalciferol,Cholecalciferol,,Vitamin D,openfda|nlem|janaushadhi,,y
cholestyramine,Cholestyramine,,Bile Acid Sequestrant,openfda,,n
cholic acid,Cholic acid,,Bile Acid,openfda,Cholbam,n
choline fenofibrate,Choline fenofibrate,,Peroxisome Proliferator Receptor alpha Agonist,openfda,,n
choline salicylate,Choline salicylate,,,openfda|janaushadhi,,n
chondroitin,Chondroitin,,,janaushadhi,,n
choriogonadotropin alfa,Choriogonadotropin alfa,,Gonadotropin,openfda,Ovidrel,n
chorionic gonadotropin,Chorionic gonadotropin,,,nlem|janaushadhi,,y
chromic chloride,Chromic chloride,,,openfda,Chromium,n
chromium,Chromium,,,openfda|janaushadhi,,n
chrysanthellum indicum whole,Chrysanthellum indicum whole,,,openfda,,n
chymotrypsin,Chymotrypsin,,,janaushadhi,,n
ci,Ci,,,openfda,,n
ciclesonide,Ciclesonide,corticosteroid,,openfda|janaushadhi|manual,Alvesco|Omnaris,n
ciclopirox,Ciclopirox,,,openfda|janaushadhi,,n
cidofovir,Cidofovir,nephrotoxic,Cytomegalovirus Nucleoside Analog DNA Polymerase Inhibitor,openfda|manual,,n
cilastatin,Cilastatin,,,openfda|janaushadhi,,n
cilnidipine,Cilnidipine,antihypertensive,,janaushadhi|manual,,n
cilostazol,Cilostazol,antiplatelet,Phosphodiesterase 3 Inhibitor,openfda|janaushadhi|manual,,n
ciltacabtagene autoleucel,Ciltacabtagene autoleucel,,,openfda,Carvykti,n
cimetidine,Cimetidine,ppi_antacid,Histamine-2 Receptor Antagonist,openfda|manual,Tagamet,n
cinacalcet,Cinacalcet,,Calcium-sensing Receptor Agonist,openfda,Sensipar,n
cinitapride,Cinitapride,,,janaushadhi,,n
cinnamomum camphora leaf,Cinnamomum camphora leaf,,,openfda,,n
cinnamon,Cinnamon,,,openfda|janaushadhi,,n
cinnamon oil,Cinnamon oil,,,openfda|janaushadhi,,n
cinnarizine,Cinnarizine,,,janaushadhi,,n
cipaglucosidase alfa,Cipaglucosidase alfa,,Hydrolytic Lysosomal Glycogen-specific Enzyme,openfda,Pombiliti Atga,n
ciprofloxacin,Ciprofloxacin,antibiotic_chelating|photosensitizing,Fluoroquinolone Antibacterial|Quinolone Antimicrobial,openfda|nlem|janaushadhi|manual,Cipro|Ciloxan,y
cisatracurium,Cisatracurium,anaesthesia_surgery,Nondepolarizing Neuromuscular Blocker,openfda|manual,,n
cisplatin,Cisplatin,anticancer|nephrotoxic,Platinum-based Drug,openfda|nlem|janaushadhi|manual,,y
citalopram,Citalopram,antidepressant_ssri_snri|cyp2c19_substrate,Serotonin Reuptake Inhibitor,openfda|janaushadhi|manual,Celexa,n
citicoline,Citicoline,,,janaushadhi,,n
citral,Citral,,,openfda,,n
citric acid,Citric acid,,Anti-coagulant|Calculi Dissolution Agent,openfda|janaushadhi,,n
citronella oil,Citronella oil,,,openfda,,n
citrus junos fruit,Citrus junos fruit,,,openfda,,n
citrus limon (lemon) fruit oil,Citrus limon (lemon) fruit oil,,,openfda,,n
citrus paradisi (grapefruit) seed oil,Citrus paradisi (grapefruit) seed oil,,,openfda,,n
citrus reticulata fruit oil,Citrus reticulata fruit oil,,,openfda,,n
cladribine,Cladribine,anticancer,Purine Antimetabolite,openfda,Mavenclad,n
clarithromycin,Clarithromycin,antibiotic_other,Macrolide Antimicrobial,openfda|nlem|janaushadhi|manual,,y
clascoterone,Clascoterone,,Androgen Receptor Inhibitor,openfda,Winlevi,n
clavulanate,Clavulanate (clavulanic acid),antibiotic_other,beta Lactamase Inhibitor,openfda|nlem|janaushadhi|manual,,y
clemastine,Clemastine,anticholinergic,,openfda|manual,,n
clesrovimab,Clesrovimab,,Respiratory Syncytial Virus Anti-F Protein Monoclonal Antibody,openfda,Enflonsia,n
clevidipine,Clevidipine,antihypertensive,Dihydropyridine Calcium Channel Blocker,openfda,Cleviprex,n
clidinium,Clidinium,anticholinergic,Anticholinergic,openfda|janaushadhi|manual,,n
clindamycin,Clindamycin,antibiotic_other,Lincosamide Antibacterial,openfda|nlem|janaushadhi|manual,Cleocin|Clindagel|Clindesse,y
clioquinol,Clioquinol,,Standardized Chemical Allergen,openfda|janaushadhi,,n
clobazam,Clobazam,sedative_hypnotic|antiepileptic|cyp2c19_substrate,Benzodiazepine,openfda|nlem|janaushadhi|manual,Onfi|Sympazan,y
clobetasol,Clobetasol,corticosteroid,Corticosteroid,openfda|janaushadhi|manual,Byqlovi|Impoyz,n
clocortolone,Clocortolone,corticosteroid,Corticosteroid,openfda,,n
clofarabine,Clofarabine,anticancer,Nucleoside Metabolic Inhibitor,openfda,,n
clofazimine,Clofazimine,antitubercular,Antimycobacterial,openfda|nlem,Lamprene,y
clomiphene,Clomiphene,hormonal_contraceptive_estrogen,Estrogen Agonist/Antagonist,openfda|nlem|janaushadhi|manual,,y
clomipramine,Clomipramine,antidepressant_tca|cyp2d6_substrate|anticholinergic,Tricyclic Antidepressant,openfda|nlem|janaushadhi|manual,Anafranil,y
clonazepam,Clonazepam,sedative_hypnotic|antiepileptic,Benzodiazepine,openfda|nlem|janaushadhi|manual,Klonopin,y
clonidine,Clonidine,antihypertensive,Central alpha-2 Adrenergic Agonist,openfda|janaushadhi|manual,Catapres-TTS-1|Catapres-TTS-2|Catapres-TTS-3,n
clopidogrel,Clopidogrel,antiplatelet|cyp2c19_substrate,P2Y12 Platelet Inhibitor,openfda|nlem|janaushadhi|manual,Plavix,y
clorazepate,Clorazepate,sedative_hypnotic,Benzodiazepine,openfda,,n
clotrimazole,Clotrimazole,,Azole Antifungal,openfda|nlem|janaushadhi,,y
clove,Clove,,,openfda,,n
clove oil,Clove oil,,,openfda,,n
cloxacillin,Cloxacillin,antibiotic_other,,nlem|janaushadhi|manual,,y
clozapine,Clozapine,antipsychotic|cyp2d6_substrate|cyp1a2_substrate,Atypical Antipsychotic,openfda|nlem|janaushadhi|manual,Clozaril|Versacloz,y
cnidium monnieri fruit,Cnidium monnieri fruit,,,openfda,,n
cnidium monnieri whole,Cnidium monnieri whole,,,openfda,,n
coagulation factor ix,Coagulation factor ix,,,nlem,,y
coagulation factor ix human,Coagulation factor ix human,,,openfda,,n
coagulation factor vii human,Coagulation factor vii human,,,openfda,,n
coagulation factor viii,Coagulation factor viii,,,nlem,,y
coagulation factor x human,Coagulation factor x human,,,openfda,,n
coal tar,Coal tar,,,openfda|nlem|janaushadhi,,y
cobicistat,Cobicistat,antiretroviral,Cytochrome P450 3A Inhibitor,openfda|manual,Tybost,n
cobimetinib,Cobimetinib,anticancer,Kinase Inhibitor,openfda,Cotellic,n
cocaine,Cocaine,,,openfda,Goprelto|Numbrino,n
cocamidopropyl betaine,Cocamidopropyl betaine,,,openfda,,n
coccidioides immitis spherule,Coccidioides immitis spherule,,Skin Test Antigen,openfda,Spherusol,n
coco-glycerides,Coco-glycerides,,,openfda,,n
cocoa butter,Cocoa butter,,,openfda,,n
coconut oil,Coconut oil,,,openfda,,n
cod liver oil,Cod liver oil,,,openfda|janaushadhi,,n
codeine,Codeine,opioid|cyp2d6_substrate,Opioid Agonist,openfda|manual,,n
coix lacryma-jobi ma-yuen seed,Coix lacryma-jobi ma-yuen seed,,,openfda,,n
colchiceine,Colchiceine,,,openfda,,n
colchicine,Colchicine,cyp3a4_substrate_narrow|pgp_substrate,Alkaloid,openfda|nlem|janaushadhi,Colcrys|Gloperba|Lodoco,y
colesevelam,Colesevelam,,Bile Acid Sequestrant,openfda,,n
colestipol,Colestipol,,Bile Acid Sequestrant,openfda,Colestid,n
colistimethate,Colistimethate,antibiotic_other|nephrotoxic,Polymyxin-class Antibacterial,openfda|janaushadhi|manual,Coly-Mycin M,n
colistin,Colistin,antibiotic_other|nephrotoxic,,openfda|janaushadhi|manual,,n
collagen soluble fish skin,Collagen soluble fish skin,,,openfda,,n
collagenase clostridium histolyticum,Collagenase clostridium histolyticum,,Collagen-specific Enzyme,openfda,,n
concizumab,Concizumab,,Tissue Factor Pathway Inhibitor Antagonist,openfda,Alhemo,n
conestat alfa,Conestat alfa,,,openfda,Ruconest,n
conjugated estrogens,Conjugated estrogens,hormonal_contraceptive_estrogen,Estrogen,openfda|janaushadhi|manual,Premarin,n
copper,Copper,,Copper-containing Intrauterine Device,openfda|janaushadhi,ParaGard T 380A|Miudella,n
copper histidinate,Copper histidinate,,,openfda,Zycubo,n
coptis chinensis root,Coptis chinensis root,,,openfda,,n
corticotropin,Corticotropin,,Adrenocorticotropic Hormone,openfda,Acthar|Purified Cortrophin Gel,n
cortisone,Cortisone,corticosteroid,Corticosteroid,openfda,,n
corydalis yanhusuo tuber,Corydalis yanhusuo tuber,,,openfda,,n
corynebacterium diphtheriae crm197 protein,Corynebacterium diphtheriae crm197 protein,,,openfda,,n
cosibelimab,Cosibelimab,anticancer,Programmed Death Ligand-1 Blocker,openfda,Unloxcyt,n
costus root oil,Costus root oil,,,openfda,,n
cosyntropin,Cosyntropin,,Adrenocorticotropic Hormone,openfda,Cortrosyn,n
coumarin,Coumarin,,,openfda,,n
crisaborole,Crisaborole,,Phosphodiesterase 4 Inhibitor,openfda,Eucrisa,n
crizanlizumab,Crizanlizumab,,Selectin Blocker,openfda,Adakveo,n
crizotinib,Crizotinib,anticancer,Kinase Inhibitor,openfda|janaushadhi,Xalkori,n
crocus sativus flower,Crocus sativus flower,,,openfda,,n
crofelemer,Crofelemer,,Antidiarrheal,openfda,Mytesi,n
cromolyn,Cromolyn,,Mast Cell Stabilizer,openfda,Gastrocrom,n
crotamiton,Crotamiton,,,openfda,Eurax,n
crovalimab,Crovalimab,,Complement C5 Inhibitor,openfda,Piasky,n
cupressus sempervirens leaf oil,Cupressus sempervirens leaf oil,,,openfda,,n
cupric chloride,Cupric chloride,,,openfda,Copper,n
cupric sulfate,Cupric sulfate,,,openfda,,n
curcuma longa (turmeric) root,Curcuma longa (turmeric) root,,,openfda,,n
curcuma longa (turmeric) root powder,Curcuma longa (turmeric) root powder,,,openfda,,n
curcuma longa whole,Curcuma longa whole,,,openfda,,n
cx-055610,Cx-055610,,,openfda,mNEXSPIKE,n
cx-055611,Cx-055611,,,openfda,Spikevax,n
cyanocobalamin,Cyanocobalamin (cyanocobalamine),,Vitamin B12,openfda|janaushadhi,Nascobal,n
cyclobenzaprine,Cyclobenzaprine,anticholinergic,Muscle Relaxant,openfda|janaushadhi|manual,Amrix|Tonmya,n
cyclomethicone,Cyclomethicone,,,openfda,,n
cyclopentolate,Cyclopentolate,,,openfda,,n
cyclophosphamide,Cyclophosphamide,immunosuppressant|anticancer,Alkylating Drug,openfda|nlem|janaushadhi|manual,Frindovyx,y
cycloserine,Cycloserine,antitubercular,,openfda|nlem|manual,,y
cyclosporine,Cyclosporine (cyclosporin),immunosuppressant|nephrotoxic|cyp3a4_substrate_narrow,Calcineurin Inhibitor Immunosuppressant,openfda|nlem|janaushadhi|manual,Neoral|Restasis|Sandimmune,y
cynomorium coccineum subsp. songaricum whole,Cynomorium coccineum subsp. songaricum whole,,,openfda,,n
cyproheptadine,Cyproheptadine,anticholinergic,,openfda|janaushadhi|manual,,n
cyproterone,Cyproterone,hepatotoxic|hormonal_contraceptive_estrogen,,janaushadhi|manual,,n
cysteamine,Cysteamine,,Cystine Depleting Agent,openfda,Procysbi|Cystagon|Cystaran,n
cysteine,Cysteine,,,openfda,Elcys,n
cytarabine,Cytarabine (cytosine arabinoside),anticancer,Nucleoside Metabolic Inhibitor,openfda|nlem,,y
d-mannose,D-mannose,,,janaushadhi,,n
dabigatran,Dabigatran,anticoagulant_doac|pgp_substrate,Direct Thrombin Inhibitor,openfda|nlem|janaushadhi|manual,Pradaxa,y
dabrafenib,Dabrafenib,anticancer,Kinase Inhibitor,openfda,Tafinlar,n
dacarbazine,Dacarbazine,anticancer,Alkylating Drug,openfda|nlem|janaushadhi,,y
daclatasvir,Daclatasvir,,,nlem|janaushadhi,,y
dacomitinib,Dacomitinib,,,openfda,Vizimpro,n
dactinomycin,Dactinomycin (actinomycin d),anticancer,Actinomycin,openfda|nlem,,y
dalbavancin,Dalbavancin,antibiotic_other,Lipoglycopeptide Antibacterial,openfda,Dalvance,n
dalfampridine,Dalfampridine,,Potassium Channel Blocker,openfda,Ampyra,n
dalteparin,Dalteparin,anticoagulant_heparin,Anti-coagulant|Low Molecular Weight Heparin,openfda|manual,Fragmin,n
danazol,Danazol,,Androgen,openfda,,n
danicopan,Danicopan,,Complement Factor D Inhibitor,openfda,Voydeya,n
dantrolene,Dantrolene,hepatotoxic,Skeletal Muscle Relaxant,openfda|manual,Dantrium,n
dapagliflozin,Dapagliflozin,antidiabetic_other,Sodium-Glucose Cotransporter 2 Inhibitor,openfda|janaushadhi|manual,Farxiga,n
daphne mezereum bark,Daphne mezereum bark,,,openfda,,n
dapoxetine,Dapoxetine,antidepressant_ssri_snri,,janaushadhi|manual,,n
daprodustat,Daprodustat,,Hypoxia-inducible Factor Prolyl Hydroxylase Inhibitor,openfda,Jesduvroq,n
dapsone,Dapsone,,Sulfone,openfda|nlem,Aczone,y
daptomycin,Daptomycin,antibiotic_other,Lipopeptide Antibacterial,openfda,Dapzura Rt,n
daratumumab,Daratumumab,anticancer,CD38-directed Cytolytic Antibody,openfda,Darzalex,n
daraxonrasib,Daraxonrasib,,,openfda,Rasonque,n
darbepoetin alfa,Darbepoetin alfa,,Erythropoiesis-stimulating Agent,openfda,Aranesp,n
daridorexant,Daridorexant,sedative_hypnotic,Orexin Receptor Antagonist,openfda|manual,Quviviq,n
darifenacin,Darifenacin,cyp3a4_substrate_narrow|cyp2d6_substrate|anticholinergic,Cholinergic Muscarinic Antagonist,openfda|janaushadhi|manual,,n
darolutamide,Darolutamide,,,openfda,Nubeqa,n
darunavir,Darunavir,antiretroviral|cyp3a4_substrate_narrow,Protease Inhibitor,openfda|nlem|manual,Prezista,y
dasatinib,Dasatinib,anticancer|cyp3a4_substrate_narrow,Kinase Inhibitor,openfda|janaushadhi,Phyrago|Sprycel,n
dasiglucagon,Dasiglucagon,,Antihypoglycemic Agent,openfda,Zegalogue,n
datopotamab deruxtecan,Datopotamab deruxtecan,,,openfda,Datroway,n
daunorubicin,Daunorubicin,anticancer,Anthracycline Topoisomerase Inhibitor,openfda|nlem|janaushadhi,,y
deacetylbisacodyl,Deacetylbisacodyl,laxative_stimulant,Stimulant Laxative,openfda,,n
decitabine,Decitabine,anticancer,Nucleoside Metabolic Inhibitor,openfda,,n
decyl glucoside,Decyl glucoside,,,openfda,,n
decyl oleate,Decyl oleate,,,openfda,,n
deferasirox,Deferasirox,hepatotoxic|nephrotoxic,Iron Chelator,openfda|janaushadhi|manual,Jadenu|Exjade,n
deferiprone,Deferiprone,,Iron Chelator,openfda|janaushadhi,Ferriprox,n
deferoxamine,Deferoxamine (desferrioxamine),,Iron Chelator,openfda|nlem,Desferal,y
defibrotide,Defibrotide,,,openfda,Defitelio,n
deflazacort,Deflazacort,corticosteroid,Corticosteroid,openfda|janaushadhi|manual,Emflaza,n
dehydrated alcohol,Dehydrated alcohol,,,openfda,,n
dehydroacetic acid,Dehydroacetic acid,,,openfda,,n
dehydroepiandrosterone,Dehydroepiandrosterone,,,janaushadhi,,n
delafloxacin,Delafloxacin,antibiotic_chelating|photosensitizing,Fluoroquinolone Antibacterial,openfda,Baxdela,n
delamanid,Delamanid,antitubercular,,nlem|manual,,y
delgocitinib,Delgocitinib,immunosuppressant,Janus Kinase Inhibitor,openfda,Anzupgo,n
demeclocycline,Demeclocycline,antibiotic_chelating|photosensitizing,Tetracycline-class Antimicrobial,openfda,,n
dendrobium officinale stem,Dendrobium officinale stem,,,openfda,,n
denileukin diftitox,Denileukin diftitox,,CD25-directed Cytotoxin,openfda,Lymphir,n
denosumab,Denosumab,,RANK Ligand Inhibitor,openfda|janaushadhi,Bomyntra|Aukelso|Bildyos,n
deoxycholic acid,Deoxycholic acid,,Cytolytic Agent,openfda,Kybella,n
depemokimab,Depemokimab,,,openfda,Exdensur,n
dermatophagoides farinae,Dermatophagoides farinae,,Standardized Insect Allergenic Extract,openfda,,n
dermatophagoides pteronyssinus,Dermatophagoides pteronyssinus,,Standardized Insect Allergenic Extract,openfda,,n
desflurane,Desflurane,anaesthesia_surgery,General Anesthetic,openfda|manual,Suprane,n
desipramine,Desipramine,antidepressant_tca|cyp2d6_substrate|anticholinergic,Tricyclic Antidepressant,openfda|manual,Norpramin,n
desloratadine,Desloratadine,,Histamine-1 Receptor Antagonist,openfda|janaushadhi,Clarinex,n
desmopressin,Desmopressin,,Factor VIII Activator|Vasopressin Analog,openfda|janaushadhi,Ddavp|Desmoda|Stimate,n
desogestrel,Desogestrel,hormonal_contraceptive_estrogen,,janaushadhi|manual,,n
desonide,Desonide,corticosteroid,Corticosteroid,openfda,Tridesilon Cream,n
desoximetasone,Desoximetasone,corticosteroid,Corticosteroid,openfda,Topicort,n
desvenlafaxine,Desvenlafaxine,antidepressant_ssri_snri,Serotonin and Norepinephrine Reuptake Inhibitor,openfda|janaushadhi|manual,Pristiq Extended-Release,n
deucravacitinib,Deucravacitinib,,Tyrosine Kinase 2 Inhibitor,openfda,Sotyktu,n
deuruxolitinib,Deuruxolitinib,immunosuppressant|cyp2c9_substrate,Janus Kinase Inhibitor,openfda,Leqselvi,n
deutetrabenazine,Deutetrabenazine,cyp2d6_substrate,,openfda,Austedo Xr,n
deutivacaftor,Deutivacaftor,,,openfda,,n
dexamethasone,Dexamethasone,corticosteroid,Corticosteroid,openfda|nlem|janaushadhi|manual,Dextenza|Hemady|Maxidex,y
dexbrompheniramine,Dexbrompheniramine,anticholinergic,,openfda|manual,,n
dexchlorpheniramine,Dexchlorpheniramine,anticholinergic,,openfda|janaushadhi|manual,,n
dexlansoprazole,Dexlansoprazole,ppi_antacid|cyp2c19_substrate,Proton Pump Inhibitor,openfda|janaushadhi|manual,Dexilant,n
dexmedetomidine,Dexmedetomidine,sedative_hypnotic|anaesthesia_surgery,Central alpha-2 Adrenergic Agonist,openfda|manual,Precedex|Igalmi,n
dexmethylphenidate,Dexmethylphenidate,,Central Nervous System Stimulant,openfda,Focalin XR,n
dexpanthenol,Dexpanthenol,,,openfda,,n
dexrazoxane,Dexrazoxane,,Cytoprotective Agent,openfda,,n
dextran,Dextran,,Plasma Volume Expander,openfda,,n
dextran-40,Dextran-40,,,nlem,,y
dextroamphetamine,Dextroamphetamine,,Central Nervous System Stimulant,openfda,Xelstrym|Dexedrine Spansule,n
dextromethorphan,Dextromethorphan,cyp2d6_substrate,Sigma-1 Agonist|Uncompetitive N-methyl-D-aspartate Receptor Antagonist,openfda|janaushadhi,Delsym,n
dextrose,Dextrose (glucose),,,openfda|nlem|janaushadhi,Leukotrap RC PL System|Blood Collection System,y
diacerein,Diacerein,hepatotoxic,,janaushadhi|manual,,n
diaminopyrimidine,Diaminopyrimidine,,,openfda,,n
diatrizoate,Diatrizoate,,Radiographic Contrast Agent,openfda,Cystografin|Gastrografin,n
diazepam,Diazepam,sedative_hypnotic|cyp2c19_substrate,Benzodiazepine,openfda|nlem|janaushadhi|manual,Valium|Valtoco,y
diazolidinyl urea,Diazolidinyl urea,,,openfda,,n
diazoxide,Diazoxide,,,openfda,Proglycem,n
diazoxide choline,Diazoxide choline,,,openfda,Vykat Xr,n
dibasic potassium phosphate,Dibasic potassium phosphate,,,openfda,,n
dibucaine,Dibucaine,,Standardized Chemical Allergen,openfda,,n
dicaprylyl ether,Dicaprylyl ether,,,openfda,,n
dichlorphenamide,Dichlorphenamide,,Carbonic Anhydrase Inhibitor,openfda,Keveyis,n
diclofenac,Diclofenac,nsaid|nephrotoxic,Nonsteroidal Anti-inflammatory Drug,openfda|nlem|janaushadhi|manual,Zipsor|Cambia|Diclox Patch 30CT,y
dicloxacillin,Dicloxacillin,antibiotic_other,Penicillin-class Antibacterial,openfda|janaushadhi|manual,,n
dictamnus dasycarpus root bark,Dictamnus dasycarpus root bark,,,openfda,,n
dicyclomine,Dicyclomine (dicycloverine),anticholinergic,Anticholinergic,openfda|nlem|janaushadhi|manual,,y
didecyldimonium,Didecyldimonium,,,openfda,,n
diethylamino hydroxybenzoyl hexyl,Diethylamino hydroxybenzoyl hexyl,,,openfda,,n
diethylcarbamazine,Diethylcarbamazine,,,nlem|janaushadhi,,y
diethylene glycol monoethyl ether,Diethylene glycol monoethyl ether,,,openfda,,n
diethylpropion,Diethylpropion,,Sympathomimetic Amine Anorectic,openfda,,n
difamilast,Difamilast,,Phosphodiesterase 4 Inhibitor,openfda,Adquey,n
difelikefalin,Difelikefalin,,Kappa Opioid Receptor Agonist,openfda,Korsuva,n
difenoxin,Difenoxin,,Antidiarrheal,openfda,,n
diflorasone,Diflorasone,corticosteroid,Corticosteroid,openfda,,n
diflunisal,Diflunisal,nsaid|nephrotoxic,Nonsteroidal Anti-inflammatory Drug,openfda,,n
difluprednate,Difluprednate,,,openfda,Durezol,n
digoxin,Digoxin,cardiac_glycoside|pgp_substrate,Cardiac Glycoside,openfda|nlem|janaushadhi|manual,Lanoxin,y
dihydrocodeine,Dihydrocodeine,,,openfda,,n
dihydroergotamine,Dihydroergotamine,cyp3a4_substrate_narrow,Ergotamine Derivative,openfda,Atzumi|Brekiya|Trudhesa,n
diltiazem,Diltiazem,antihypertensive,Calcium Channel Blocker,openfda|nlem|janaushadhi,Cardizem LA|Tiazac Extended Release,y
dimenhydrinate,Dimenhydrinate,anticholinergic,Histamine-1 Receptor Antagonist,openfda|janaushadhi|manual,,n
dimethicone,Dimethicone,,,openfda|janaushadhi,,n
dimethyl fumarate,Dimethyl fumarate,,,openfda,Tecfidera,n
dimethyl sulfoxide,Dimethyl sulfoxide,,,openfda,Rimso-50,n
dinoprostone,Dinoprostone,,Prostaglandin Analog,openfda|nlem|janaushadhi,Cervidil|Prepidil,y
dinutuximab,Dinutuximab,anticancer,Glycolipid Disialoganglioside-directed Antibody,openfda,Unituxin,n
dioscorea oppositifolia (wild yam) root,Dioscorea oppositifolia (wild yam) root,,,openfda,,n
dioscorea villosa root,Dioscorea villosa root,,,openfda,,n
dioscorea villosa tuber,Dioscorea villosa tuber,,,openfda,,n
diosmin,Diosmin,,,openfda|janaushadhi,,n
dipeptide diaminobutyroyl benzylamide,Dipeptide diaminobutyroyl benzylamide,,,openfda,,n
diphenhydramine,Diphenhydramine,anticholinergic,Histamine-1 Receptor Antagonist,openfda|janaushadhi|manual,,n
diphenoxylate,Diphenoxylate,,Antidiarrheal,openfda|janaushadhi,,n
diphtheria antitoxin,Diphtheria antitoxin,,,nlem,,y
dipotassium glycyrrhizate,Dipotassium glycyrrhizate,,,openfda,,n
dipyridamole,Dipyridamole,antiplatelet,Platelet Aggregation Inhibitor,openfda|manual,,n
diroximel,Diroximel,,,openfda,Vumerity,n
disodium hydrogen citrate,Disodium hydrogen citrate,,,janaushadhi,,n
disopyramide,Disopyramide,antiarrhythmic,Antiarrhythmic,openfda|manual,Norpace,n
distearoylphosphatidylcholine dl-,Distearoylphosphatidylcholine dl-,,,openfda,,n
disulfiram,Disulfiram,,Aldehyde Dehydrogenase Inhibitor,openfda|janaushadhi,,n
dobutamine,Dobutamine,,beta-Adrenergic Agonist,openfda|nlem|janaushadhi,,y
docetaxel,Docetaxel,anticancer,Microtubule Inhibitor,openfda|nlem|janaushadhi,Beizray|Docivyx,y
docosahexaenoic acid,Docosahexaenoic acid,,,openfda|janaushadhi,,n
docosanol,Docosanol,,,openfda,Abreva,n
docusate,Docusate,,,openfda,,n
dofetilide,Dofetilide,antiarrhythmic,Antiarrhythmic,openfda|manual,Tikosyn,n
dolutegravir,Dolutegravir,antiretroviral,Human Immunodeficiency Virus Integrase Strand Transfer Inhibitor,openfda|nlem|janaushadhi|manual,Tivicay,y
domperidone,Domperidone,,,nlem|janaushadhi,,y
donanemab,Donanemab,,,openfda,Kisunla,n
donepezil,Donepezil,cyp2d6_substrate,Cholinesterase Inhibitor,openfda|nlem|janaushadhi,Aricept,y
donidalorsen,Donidalorsen,,,openfda,Dawnzera,n
donislecel,Donislecel,,,openfda,Lantidra,n
donor human stool,Donor human stool,,,openfda,Rebyota,n
donor human stool spores (ethanol treated),Donor human stool spores (ethanol treated),,,openfda,Vowst,n
dopamine,Dopamine,,Catecholamine,openfda|nlem|janaushadhi,,y
doravirine,Doravirine,antiretroviral,Human Immunodeficiency Virus 1 Non-Nucleoside Analog Reverse Transcriptase Inhibitor,openfda,Pifeltro,n
dordaviprone,Dordaviprone,,Protease Activator,openfda,Modeyso,n
dornase alfa,Dornase alfa,,Recombinant Human Deoxyribonuclease 1,openfda,Pulmozyme,n
dorzolamide,Dorzolamide,,Carbonic Anhydrase Inhibitor,openfda|janaushadhi,,n
dostarlimab,Dostarlimab,anticancer,Programmed Death Receptor-1 Blocking Antibody,openfda,Jemperli,n
dosulepin,Dosulepin (dothiepin),antidepressant_tca|anticholinergic,,janaushadhi|manual,,n
doxapram,Doxapram,,Respiratory Stimulant,openfda,Dopram,n
doxazosin,Doxazosin,antihypertensive,alpha-Adrenergic Blocker,openfda,Cardura,n
doxecitine,Doxecitine,,,openfda,,n
doxepin,Doxepin,antidepressant_tca|cyp2d6_substrate|anticholinergic|cyp2c19_substrate,Tricyclic Antidepressant,openfda|janaushadhi|manual,Silenor|Prudoxin|Zonalon,n
doxercalciferol,Doxercalciferol,,Vitamin D2 Analog,openfda,,n
doxofylline,Doxofylline,theophylline,,janaushadhi|manual,,n
doxorubicin,Doxorubicin,anticancer,Anthracycline Topoisomerase Inhibitor,openfda|nlem|janaushadhi,Doxil,y
doxribtimine,Doxribtimine,,,openfda,,n
doxycycline,Doxycycline,antibiotic_chelating|photosensitizing,Tetracycline-class Drug,openfda|nlem|janaushadhi|manual,Acticlate CAP|Doryx Mpc|Oracea,y
doxylamine,Doxylamine,anticholinergic,Antihistamine,openfda|janaushadhi|manual,,n
dpt vaccine,Dpt vaccine,,,nlem,,y
dpt+hib+hep b vaccine,Dpt+hib+hep b vaccine,,,nlem,,y
dronabinol,Dronabinol,cyp2c9_substrate,Cannabinoid,openfda,Marinol|Syndros,n
dronedarone,Dronedarone,antiarrhythmic|cyp3a4_substrate_narrow,Antiarrhythmic,openfda|manual,Multaq,n
droperidol,Droperidol,,Dopamine-2 Receptor Antagonist,openfda,,n
drospirenone,Drospirenone,hormonal_contraceptive_estrogen,Progestin,openfda|manual,,n
drotaverine,Drotaverine,,,janaushadhi,,n
droxidopa,Droxidopa,,,openfda,Northera,n
dulaglutide,Dulaglutide,antidiabetic_other,GLP-1 Receptor Agonist,openfda|manual,Trulicity,n
duloxetine,Duloxetine,antidepressant_ssri_snri|cyp1a2_substrate,Serotonin and Norepinephrine Reuptake Inhibitor,openfda|janaushadhi|manual,Drizalma Sprinkle,n
dupilumab,Dupilumab,,Interleukin-4 Receptor alpha Antagonist,openfda,Dupixent,n
durvalumab,Durvalumab,anticancer,Programmed Death Ligand-1 Blocker,openfda,Imfinzi,n
dutasteride,Dutasteride,,5-alpha Reductase Inhibitor,openfda|janaushadhi,,n
duvelisib,Duvelisib,,,openfda,Copiktra,n
dyclonine,Dyclonine,,,openfda,,n
dydrogesterone,Dydrogesterone,hormonal_contraceptive_estrogen,,janaushadhi|manual,,n
ebastine,Ebastine,,,janaushadhi,,n
eberconazole,Eberconazole,,,janaushadhi,,n
ecallantide,Ecallantide,,Plasma Kallikrein Inhibitor,openfda,Kalbitor,n
echium plantagineum seed oil,Echium plantagineum seed oil,,,openfda,,n
eclipta prostrata whole,Eclipta prostrata whole,,,openfda,,n
econazole,Econazole,,Azole Antifungal,openfda,Ecoza,n
ectoin,Ectoin,,,openfda,,n
eculizumab,Eculizumab,,Complement Inhibitor,openfda,Bkemv|Epysqli|Soliris,n
edaravone,Edaravone,,,openfda,,n
edetate,Edetate,,Anti-coagulant|Lead Chelator,openfda,,n
edetic acid,Edetic acid,,,openfda,,n
edoxaban,Edoxaban,anticoagulant_doac|pgp_substrate,Factor Xa Inhibitor,openfda|manual,Savaysa,n
efavirenz,Efavirenz,antiretroviral,Human Immunodeficiency Virus 1 Non-Nucleoside Analog Reverse Transcriptase Inhibitor,openfda|nlem|janaushadhi|manual,,y
efbemalenograstim alfa,Efbemalenograstim alfa,,Leukocyte Growth Factor,openfda,Ryzneuta,n
efgartigimod alfa,Efgartigimod alfa,,Neonatal Fc Receptor Blocker,openfda,Vyvgart,n
efinaconazole,Efinaconazole,,Azole Antifungal,openfda,Jublia,n
eflapegrastim,Eflapegrastim,,Leukocyte Growth Factor,openfda,Rolvedon,n
eflornithine,Eflornithine,,Antiprotozoal|Decarboxylase Inhibitor,openfda,iwilfin,n
efonidipine,Efonidipine,antihypertensive,,janaushadhi|manual,,n
elacestrant,Elacestrant,anticancer,Estrogen Receptor Antagonist,openfda,Orserdu,n
eladocagene exuparvovec,Eladocagene exuparvovec,,,openfda,Kebilidi,n
elaeis oleifera kernel oil,Elaeis oleifera kernel oil,,,openfda,,n
elafibranor,Elafibranor,,Peroxisome Proliferator-activated Receptor Agonist,openfda,Iqirvo,n
elagolix,Elagolix,,Gonadotropin Releasing Hormone Receptor Antagonist,openfda,Orilissa,n
elamipretide,Elamipretide,,,openfda,Forzinity,n
elapegademase,Elapegademase,,,openfda,Revcovi,n
elbasvir,Elbasvir,,,openfda,,n
eletriptan,Eletriptan,cyp3a4_substrate_narrow,Serotonin-1b and Serotonin-1d Receptor Agonist,openfda,Relpax,n
eliglustat,Eliglustat,cyp3a4_substrate_narrow|cyp2d6_substrate,Glucosylceramide Synthase Inhibitor,openfda,Cerdelga,n
elinzanetant,Elinzanetant,,,openfda,Lynkuet,n
elivaldogene autotemcel,Elivaldogene autotemcel,,,openfda,Skysona,n
elosulfase alfa,Elosulfase alfa,,Hydrolytic Lysosomal Glycosaminoglycan-specific Enzyme,openfda,Vimizim,n
elotuzumab,Elotuzumab,anticancer,SLAMF7-directed Immunostimulatory Antibody,openfda,Empliciti,n
elranatamab,Elranatamab,,,openfda,Elrexfio,n
eltrombopag,Eltrombopag,,Thrombopoietin Receptor Agonist,openfda|janaushadhi,Promacta,n
eltrombopag choline,Eltrombopag choline,,Thrombopoietin Receptor Agonist,openfda,Alvaiz,n
eluxadoline,Eluxadoline,,mu-Opioid Receptor Agonist,openfda,Viberzi,n
elvitegravir,Elvitegravir,antiretroviral,Human Immunodeficiency Virus Integrase Strand Transfer Inhibitor,openfda,,n
emapalumab,Emapalumab,,Interferon gamma Blocker,openfda,Gamifant,n
emicizumab,Emicizumab,,,openfda,Hemlibra,n
emodin,Emodin,,,openfda,,n
empagliflozin,Empagliflozin,antidiabetic_other,Sodium-Glucose Cotransporter 2 Inhibitor,openfda|janaushadhi|manual,Jardiance,n
emtricitabine,Emtricitabine,antiretroviral,Human Immunodeficiency Virus Nucleoside Analog Reverse Transcriptase Inhibitor,openfda|janaushadhi|manual,Emtriva,n
emu oil,Emu oil,,,openfda,,n
enalapril,Enalapril,antihypertensive|potassium_sparing,Angiotensin Converting Enzyme Inhibitor,openfda|nlem|janaushadhi|manual,Vasotec|Epaned,y
enalaprilat,Enalaprilat,antihypertensive|potassium_sparing,Angiotensin Converting Enzyme Inhibitor,openfda,,n
enasidenib,Enasidenib,anticancer,Isocitrate Dehydrogenase 2 Inhibitor,openfda,Idhifa,n
encorafenib,Encorafenib,,,openfda,Braftovi,n
enfortumab vedotin,Enfortumab vedotin,,,openfda,Padcev Ejfv,n
enlicitide,Enlicitide,,,openfda,,n
enoxaparin,Enoxaparin,anticoagulant_heparin,Low Molecular Weight Heparin,openfda|nlem|janaushadhi|manual,Lovenox,y
ensartinib,Ensartinib,,,openfda,Ensacove,n
ensifentrine,Ensifentrine,,Phosphodiesterase 3 Inhibitor|Phosphodiesterase 4 Inhibitor,openfda,Ohtuvayre,n
ensitrelvir,Ensitrelvir,,,openfda,Xocova,n
ensulizole,Ensulizole,,,openfda,,n
entacapone,Entacapone,antiparkinson_levodopa,Catechol-O-Methyltransferase Inhibitor,openfda|janaushadhi|manual,,n
entecavir,Entecavir,,Hepatitis B Virus Nucleoside Analog Reverse Transcriptase Inhibitor,openfda|nlem|janaushadhi,Baraclude,y
entrectinib,Entrectinib,cyp3a4_substrate_narrow,,openfda,Rozlytrek,n
enzalutamide,Enzalutamide,anticancer,Androgen Receptor Inhibitor,openfda|janaushadhi|manual,Xtandi,n
epalrestat,Epalrestat,,,janaushadhi,,n
epcoritamab,Epcoritamab,anticancer,Bispecific CD20-directed CD3 T Cell Engager,openfda,Epkinly,n
ephedrine,Ephedrine,,Norepinephrine Releasing Agent|alpha-Adrenergic Agonist|beta-Adrenergic Agonist,openfda,Akovaz|Emerphed PFS,n
epimedium brevicornu top,Epimedium brevicornu top,,,openfda,,n
epinastine,Epinastine,,Adrenergic Receptor Agonist|Histamine-1 Receptor Inhibitor,openfda,,n
epinephrine,Epinephrine (adrenaline),,Catecholamine|alpha-Adrenergic Agonist|beta-Adrenergic Agonist,openfda|nlem|janaushadhi,Auvi-Q|Adrenalin|neffy,y
epirubicin,Epirubicin,anticancer,Anthracycline Topoisomerase Inhibitor,openfda,Ellence,n
eplerenone,Eplerenone,potassium_sparing|cyp3a4_substrate_narrow,Aldosterone Antagonist,openfda|janaushadhi|manual,Inspra,n
eplontersen,Eplontersen,,Antisense Oligonucleotide|Transthyretin-directed RNA Interaction,openfda,Wainua,n
epoetin,Epoetin,,Erythropoiesis-stimulating Agent,openfda,Retacrit|Procrit|Epogen,n
epoetin alfa,Epoetin alfa (erythropoietin),,,nlem|janaushadhi,,y
epoprostenol,Epoprostenol,,Prostacycline Vasodilator,openfda,Veletri,n
eptifibatide,Eptifibatide,antiplatelet,Platelet Aggregation Inhibitor,openfda|manual,,n
eptinezumab,Eptinezumab,,Calcitonin Gene-related Peptide Antagonist,openfda,Vyepti,n
equine thymocyte immune globulin,Equine thymocyte immune globulin,,Immunoglobulin G,openfda,Atgam,n
eravacycline,Eravacycline,antibiotic_chelating|photosensitizing,Tetracycline-class Antibacterial,openfda,Xerava,n
erdafitinib,Erdafitinib,anticancer|cyp2c9_substrate,Kinase Inhibitor,openfda,Balversa,n
erenumab,Erenumab,,,openfda,Aimovig,n
ergocalciferol,Ergocalciferol,,Provitamin D2 Compound,openfda,,n
ergonovine,Ergonovine (ergometrine),,,janaushadhi,,n
ergotamine,Ergotamine,cyp3a4_substrate_narrow,Ergotamine Derivative,openfda,,n
eribulin,Eribulin,anticancer,Microtubule Inhibitor,openfda,Halaven,n
erlotinib,Erlotinib,anticancer,Kinase Inhibitor,openfda|janaushadhi,,n
ertapenem,Ertapenem,antibiotic_other,Penem Antibacterial,openfda,Invanz,n
ertugliflozin pidolate,Ertugliflozin pidolate,,,openfda,Steglatro,n
erythromycin,Erythromycin,antibiotic_other,Macrolide Antimicrobial|Macrolide,openfda|janaushadhi|manual,Ery-Ped|E.E.S,n
escitalopram,Escitalopram,antidepressant_ssri_snri|cyp2c19_substrate,Serotonin Reuptake Inhibitor,openfda|nlem|janaushadhi|manual,Lexapro,y
esketamine,Esketamine,anaesthesia_surgery,,openfda|manual,Spravato,n
eslicarbazepine,Eslicarbazepine,antiepileptic,,openfda|manual,Aptiom,n
esmolol,Esmolol,antihypertensive,beta-Adrenergic Blocker,openfda|nlem,Brevibloc,y
esomeprazole,Esomeprazole,ppi_antacid|cyp2c19_substrate,Proton Pump Inhibitor,openfda|janaushadhi|manual,Nexium,n
estazolam,Estazolam,sedative_hypnotic,Benzodiazepine,openfda,,n
estradiol,Estradiol,hormonal_contraceptive_estrogen,Estrogen,openfda|janaushadhi|manual,Climara|Divigel|Minivelle,n
estriol,Estriol,,,openfda,,n
eszopiclone,Eszopiclone,sedative_hypnotic,,openfda|manual,Lunesta,n
etamsylate,Etamsylate,,,janaushadhi,,n
etanercept,Etanercept,immunosuppressant,Tumor Necrosis Factor Blocker,openfda,Enbrel,n
etelcalcetide,Etelcalcetide,,Calcium-sensing Receptor Agonist,openfda,Parsabiv,n
eteplirsen,Eteplirsen,,Antisense Oligonucleotide,openfda,Exondys 51,n
ethacrynic acid,Ethacrynic acid,diuretic_loop_thiazide,Loop Diuretic,openfda,Edecrin,n
ethambutol,Ethambutol,antitubercular,Antimycobacterial,openfda|nlem|manual,,y
ethanolamine oleate,Ethanolamine oleate,,Sclerosing Agent,openfda,Ethamolin,n
ethinyl estradiol,Ethinyl estradiol (ethinylestradiol),hormonal_contraceptive_estrogen,Estrogen,openfda|nlem|janaushadhi|manual,,y
ethiodized oil,Ethiodized oil,,Radiographic Contrast Agent,openfda,Lipiodol,n
ethionamide,Ethionamide,antitubercular,,nlem|manual,,y
ethosuximide,Ethosuximide,antiepileptic,Anti-epileptic Agent,openfda|manual,Zarontin,n
ethyl methoxycinnamate,Ethyl methoxycinnamate,,,openfda,,n
ethylhexyl,Ethylhexyl,,,openfda,,n
ethylhexyl methoxycinnamate,Ethylhexyl methoxycinnamate,,,openfda,,n
ethylhexyl triazone,Ethylhexyl triazone,,,openfda,,n
ethylhexylglycerin,Ethylhexylglycerin,,,openfda,,n
ethylparaben,Ethylparaben,,,openfda,,n
etizolam,Etizolam,sedative_hypnotic,,janaushadhi|manual,,n
etodolac,Etodolac,nsaid|nephrotoxic,Nonsteroidal Anti-inflammatory Drug,openfda|janaushadhi|manual,,n
etofylline,Etofylline,theophylline,,janaushadhi|manual,,n
etomidate,Etomidate,anaesthesia_surgery,General Anesthetic,openfda|manual,Amidate,n
etonogestrel,Etonogestrel,hormonal_contraceptive_estrogen,Progestin,openfda,Nexplanon,n
etoposide,Etoposide,anticancer,Topoisomerase Inhibitor,openfda|nlem|janaushadhi,Avopef|Etopophos|VePesid,y
etoricoxib,Etoricoxib,nsaid|nephrotoxic,,janaushadhi|manual,,n
etrasimod,Etrasimod,immunosuppressant|cyp2c9_substrate,Sphingosine 1-phosphate Receptor Modulator,openfda,Velsipity,n
etravirine,Etravirine,antiretroviral,Human Immunodeficiency Virus 1 Non-Nucleoside Analog Reverse Transcriptase Inhibitor,openfda,Intelence,n
etripamil,Etripamil,,,openfda,Cardamyst,n
etuvetidigene autotemcel,Etuvetidigene autotemcel,,,openfda,Waskyra,n
eucalyptol,Eucalyptol,,,openfda|janaushadhi,,n
eucalyptus globulus leaf,Eucalyptus globulus leaf,,,openfda,,n
eucalyptus globulus leaf oil,Eucalyptus globulus leaf oil,,,openfda,,n
eucalyptus oil,Eucalyptus oil,,,openfda,,n
eugenol,Eugenol,,Standardized Chemical Allergen,openfda,,n
everolimus,Everolimus,immunosuppressant|anticancer|cyp3a4_substrate_narrow,Kinase Inhibitor|mTOR Inhibitor Immunosuppressant,openfda|janaushadhi|manual,Afinitor|Zortress,n
evogliptin,Evogliptin,antidiabetic_other,,janaushadhi|manual,,n
evolocumab,Evolocumab,,PCSK9 Inhibitor,openfda,Repatha,n
exagamglogene autotemcel,Exagamglogene autotemcel,,,openfda,Casgevy,n
exemestane,Exemestane,anticancer,Aromatase Inhibitor,openfda,Aromasin,n
exenatide,Exenatide,antidiabetic_other,GLP-1 Receptor Agonist,openfda|manual,Byetta,n
ezetimibe,Ezetimibe,,Dietary Cholesterol Absorption Inhibitor,openfda|janaushadhi,Zetia,n
famciclovir,Famciclovir,,Herpesvirus Nucleoside Analog DNA Polymerase Inhibitor|Herpes Simplex Virus Nucleoside Analog DNA Polymerase Inhibitor,openfda,,n
famotidine,Famotidine,ppi_antacid,Histamine-2 Receptor Antagonist,openfda|janaushadhi|manual,Maximum Strength PEPCID AC Icy Cool Mint,n
faricimab,Faricimab,,,openfda,Vabysmo,n
farnesol,Farnesol,,,openfda,,n
faropenem,Faropenem,antibiotic_other,,janaushadhi|manual,,n
fd&c blue no.,Fd&c blue no.,,,openfda,,n
fd&c yellow no.,Fd&c yellow no.,,,openfda,,n
febuxostat,Febuxostat,,Xanthine Oxidase Inhibitor,openfda|janaushadhi,Uloric,n
fedratinib,Fedratinib,,,openfda,Inrebic,n
felbamate,Felbamate,antiepileptic|hepatotoxic,Anti-epileptic Agent,openfda|manual,Felbatol,n
felis catus hair,Felis catus hair,,Standardized Animal Hair Allergenic Extract,openfda,Standardized Cat Hair,n
felodipine,Felodipine,antihypertensive|cyp3a4_substrate_narrow,Dihydropyridine Calcium Channel Blocker,openfda,,n
fenfluramine,Fenfluramine,,,openfda,Fintepla,n
fenofibrate,Fenofibrate,,Peroxisome Proliferator Receptor alpha Agonist,openfda|janaushadhi,Antara|Lipofen|Tricor,n
fenofibric acid,Fenofibric acid,,Peroxisome Proliferator Receptor alpha Agonist,openfda,,n
fenoprofen,Fenoprofen,nsaid|nephrotoxic,Nonsteroidal Anti-inflammatory Drug,openfda,,n
fentanyl,Fentanyl,opioid|anaesthesia_surgery|cyp3a4_substrate_narrow,Opioid Agonist,openfda|nlem|manual,,y
feracrylum,Feracrylum,,,janaushadhi,,n
ferment complex 6/pf,Ferment complex 6/pf,,,openfda,,n
ferric carboxymaltose,Ferric carboxymaltose,iron_mineral_supplement,Parenteral Iron Replacement|Phosphate Binder,openfda|janaushadhi|manual,Injectafer,n
ferric citrate,Ferric citrate,iron_mineral_supplement,Parenteral Iron Replacement|Phosphate Binder,openfda,,n
ferric derisomaltose,Ferric derisomaltose,,,openfda,,n
ferric ferrocyanide,Ferric ferrocyanide,,Decorporation Agent,openfda,Radiogardase,n
ferric maltol,Ferric maltol,iron_mineral_supplement,Parenteral Iron Replacement|Phosphate Binder,openfda,Accrufer,n
ferric oxide red,Ferric oxide red,,,openfda,,n
ferric oxyhydroxide,Ferric oxyhydroxide,,Phosphate Binder,openfda,Velphoro,n
ferric subsulfate,Ferric subsulfate,,Parenteral Iron Replacement|Phosphate Binder,openfda,,n
ferric sulfate,Ferric sulfate,iron_mineral_supplement,Parenteral Iron Replacement|Phosphate Binder,openfda,,n
ferrous ascorbate,Ferrous ascorbate,iron_mineral_supplement,,janaushadhi|manual,,n
ferrous asparto,Ferrous asparto,,,openfda|janaushadhi,,n
ferrous bisglycinate,Ferrous bisglycinate,iron_mineral_supplement,,openfda|manual,,n
ferrous fumarate,Ferrous fumarate,iron_mineral_supplement,,openfda|manual,,n
ferrous gluconate,Ferrous gluconate,iron_mineral_supplement,,openfda|manual,,n
ferrous salts,Ferrous salts,iron_mineral_supplement,,nlem|manual,,y
ferrous sulfate,Ferrous sulfate,iron_mineral_supplement,,openfda|manual,,n
ferulic acid,Ferulic acid,,,openfda,,n
ferumoxytol,Ferumoxytol,iron_mineral_supplement,Parenteral Iron Replacement,openfda,FeraBright,n
ferumoxytol non-stoichiometric magnetite,Ferumoxytol non-stoichiometric magnetite,iron_mineral_supplement,Parenteral Iron Replacement,openfda,Feraheme,n
fesoterodine,Fesoterodine,cyp2d6_substrate|anticholinergic,,openfda|manual,Toviaz,n
fexinidazole,Fexinidazole,antibiotic_other,Nitroimidazole Antimicrobial,openfda,,n
fexofenadine,Fexofenadine,pgp_substrate,Histamine-1 Receptor Antagonist,openfda|janaushadhi,Allegra Allergy,n
fezolinetant,Fezolinetant,cyp1a2_substrate,Neurokinin 3 Receptor Antagonist,openfda,Veozah,n
fibrinogen human,Fibrinogen human,,Human Blood Coagulation Factor,openfda,Fibryga|RiaSTAP,n
fidaxomicin,Fidaxomicin,antibiotic_other,Macrolide Antibacterial,openfda,Dificid,n
field mushroom,Field mushroom,,,openfda,,n
filgrastim,Filgrastim,,Leukocyte Growth Factor,openfda|nlem|janaushadhi,Neupogen|Nivestym|Releuko,y
finafloxacin,Finafloxacin,antibiotic_chelating|photosensitizing,Quinolone Antimicrobial,openfda,Xtoro,n
finasteride,Finasteride,,5-alpha Reductase Inhibitor,openfda|janaushadhi,Propecia|Proscar,n
finerenone,Finerenone,potassium_sparing,Nonsteroidal Mineralocorticoid-Receptor Antagonist,openfda|manual,Kerendia,n
fingolimod,Fingolimod,immunosuppressant,Sphingosine 1-phosphate Receptor Modulator,openfda,Gilenya|Tascenso Odt,n
fish oil,Fish oil,,,openfda,Omegaven,n
fitusiran,Fitusiran,,Antithrombin-directed RNA Interaction|Small Interfering RNA,openfda,Qfitlia,n
flavoxate,Flavoxate,anticholinergic,Cholinergic Muscarinic Antagonist,openfda|janaushadhi|manual,,n
flecainide,Flecainide,antiarrhythmic|cyp2d6_substrate,Antiarrhythmic,openfda|janaushadhi|manual,,n
flibanserin,Flibanserin,cyp2c19_substrate,,openfda,Addyi,n
floxuridine,Floxuridine,anticancer,Antimetabolite,openfda,,n
fluconazole,Fluconazole,,Azole Antifungal,openfda|nlem|janaushadhi,Diflucan,y
flucytosine,Flucytosine,,Nucleoside Analog Antifungal,openfda,Ancobon,n
fludarabine,Fludarabine,anticancer,Nucleoside Metabolic Inhibitor,openfda,,n
fludrocortisone,Fludrocortisone,corticosteroid,,openfda|nlem|manual,,y
flumazenil,Flumazenil,,Benzodiazepine Antagonist,openfda,,n
flunarizine,Flunarizine,,,nlem|janaushadhi,,y
flunisolide,Flunisolide,corticosteroid,Corticosteroid,openfda,,n
fluocinolone,Fluocinolone,corticosteroid,Corticosteroid,openfda|janaushadhi,Synalar|Derma-Smoothe/FS|Dermotic,n
fluocinonide,Fluocinonide,corticosteroid,Corticosteroid,openfda|janaushadhi,,n
fluorescein,Fluorescein,,Diagnostic Dye,openfda|nlem,Ak-Fluor|Fluorescite,y
fluoride ion,Fluoride ion,,,openfda,,n
fluorometholone,Fluorometholone,corticosteroid,Corticosteroid,openfda,Flarex|Fml,n
fluorouracil,Fluorouracil,anticancer,Nucleoside Metabolic Inhibitor,openfda|nlem|janaushadhi|manual,Efudex|Favlyxa|Tolak,y
fluoxetine,Fluoxetine,antidepressant_ssri_snri,Serotonin Reuptake Inhibitor,openfda|nlem|janaushadhi|manual,Prozac,y
flupentixol,Flupentixol,antipsychotic,,janaushadhi|manual,,n
fluphenazine,Fluphenazine,antipsychotic,Phenothiazine,openfda|nlem|manual,,y
flupirtine,Flupirtine,hepatotoxic,,janaushadhi|manual,,n
flurandrenolide,Flurandrenolide,corticosteroid,Corticosteroid,openfda,Cordran,n
flurazepam,Flurazepam,sedative_hypnotic,Benzodiazepine,openfda,,n
flurbiprofen,Flurbiprofen,nsaid|nephrotoxic|cyp2c9_substrate,Nonsteroidal Anti-inflammatory Drug,openfda|janaushadhi|manual,,n
flutamide,Flutamide,anticancer|hepatotoxic,Androgen Receptor Inhibitor,openfda|manual,,n
fluticasone,Fluticasone,corticosteroid|cyp3a4_substrate_narrow,Corticosteroid,openfda|janaushadhi|manual,Flonase Sensimist Allergy Relief|Arnuity Ellipta|Flovent Diskus,n
fluvastatin,Fluvastatin,statin,HMG-CoA Reductase Inhibitor,openfda|manual,Lescol XL,n
fluvoxamine,Fluvoxamine,antidepressant_ssri_snri|cyp2d6_substrate,Serotonin Reuptake Inhibitor,openfda|janaushadhi|manual,,n
folate,Folate,,,openfda|janaushadhi,,n
folic acid,Folic acid,,,openfda|nlem|janaushadhi,Quiofic,y
follitropin,Follitropin,,Gonadotropin,openfda,Follistim AQ|Gonal-f RFF Redi-ject,n
fomepizole,Fomepizole,,Antidote,openfda,,n
fondaparinux,Fondaparinux,anticoagulant_heparin,Factor Xa Inhibitor,openfda|manual,Arixtra,n
formoterol,Formoterol,,beta2-Adrenergic Agonist,openfda|nlem|janaushadhi,Perforomist,y
fosamprenavir,Fosamprenavir,antiretroviral,Protease Inhibitor,openfda,,n
fosaprepitant,Fosaprepitant,,Substance P/Neurokinin-1 Receptor Antagonist,openfda,Focinvez|Emend|Navitrux,n
foscarbidopa,Foscarbidopa,,,openfda,,n
foscarnet,Foscarnet,nephrotoxic,Pyrophosphate Analog DNA Polymerase Inhibitor,openfda|manual,Foscavir,n
fosdenopterin,Fosdenopterin,,Cyclic Pyranopterin Monophosphate,openfda,Nulibry,n
fosfomycin,Fosfomycin,,,openfda,Contepo,n
fosinopril,Fosinopril,antihypertensive|potassium_sparing,Angiotensin Converting Enzyme Inhibitor,openfda,,n
foslevodopa,Foslevodopa,,,openfda,,n
fosnetupitant,Fosnetupitant,,,openfda,,n
fosphenytoin,Fosphenytoin,antiepileptic|cyp2c9_substrate,Anti-epileptic Agent,openfda|manual,Cerebyx,n
fostamatinib,Fostamatinib,cyp3a4_substrate_narrow,,openfda,Tavalisse,n
fostemsavir,Fostemsavir,,,openfda,Rukobia,n
fragaria ananassa (strawberry) fruit,Fragaria ananassa (strawberry) fruit,,,openfda,,n
fragrance,Fragrance,,,openfda,,n
framycetin,Framycetin,,,nlem|janaushadhi,,y
frankincense,Frankincense,,,openfda,,n
fremanezumab,Fremanezumab,,,openfda,Ajovy,n
frovatriptan,Frovatriptan,,Serotonin-1b and Serotonin-1d Receptor Agonist,openfda,,n
fruquintinib,Fruquintinib,,,openfda,Fruzaqla,n
fulvestrant,Fulvestrant,anticancer,Estrogen Receptor Antagonist,openfda,Cligavyx|Faslodex,n
fungal diastase,Fungal diastase,,,janaushadhi,,n
furazolidone,Furazolidone,antibiotic_other,,janaushadhi|manual,,n
furosemide,Furosemide (frusemide),diuretic_loop_thiazide,Loop Diuretic,openfda|nlem|janaushadhi|manual,Lasix|Furoscix,y
fusidic acid,Fusidic acid,,,nlem|janaushadhi,,y
futibatinib,Futibatinib,anticancer,Kinase Inhibitor,openfda,Lytgobi,n
gabapentin,Gabapentin,antiepileptic,Anti-epileptic Agent,openfda|janaushadhi|manual,Neurontin|Gralise,n
gabapentin enacarbil,Gabapentin enacarbil,,,openfda,Horizant,n
gadobenate,Gadobenate,,Gadolinium-based Contrast Agent,openfda|nlem,MultiHance,y
gadobutrol,Gadobutrol,,Gadolinium-based Contrast Agent,openfda,Gadavist,n
gadodiamide,Gadodiamide,,Paramagnetic Contrast Agent,openfda,Omniscan,n
gadopiclenol,Gadopiclenol,,,openfda,Elucirem|Vueway,n
gadoquatrane,Gadoquatrane,,,openfda,Ambelvist,n
gadoterate,Gadoterate,,Gadolinium-based Contrast Agent,openfda,Dotarem,n
gadoteridol,Gadoteridol,,Paramagnetic Contrast Agent,openfda,ProHance,n
gadoxetate,Gadoxetate,,Gadolinium-based Contrast Agent,openfda,Eovist,n
galantamine,Galantamine,cyp2d6_substrate,Cholinesterase Inhibitor,openfda,,n
galcanezumab,Galcanezumab,,,openfda,Emgality,n
galsulfase,Galsulfase,,Hydrolytic Lysosomal Glycosaminoglycan-specific Enzyme,openfda,Naglazyme,n
ganaxolone,Ganaxolone,,Neuroactive Steroid Gamma-Aminobutyric Acid A Receptor Positive Modulator,openfda,Ztalmy,n
ganciclovir,Ganciclovir,,Cytomegalovirus Nucleoside Analog DNA Polymerase Inhibitor|Nucleoside Analog Antiviral,openfda,Zirgan,n
ganirelix,Ganirelix,,Gonadotropin Releasing Hormone Receptor Antagonist,openfda,,n
garadacimab,Garadacimab,,,openfda,Andembry,n
garden snail mucin,Garden snail mucin,,,openfda,,n
garetosmab,Garetosmab,,,openfda,Pasatru,n
gastrodia elata whole,Gastrodia elata whole,,,openfda,,n
gatifloxacin,Gatifloxacin,antibiotic_chelating|photosensitizing,Quinolone Antimicrobial,openfda|janaushadhi,Zymaxid,n
gedatolisib,Gedatolisib,anticancer,Kinase Inhibitor,openfda,Revtorpyk,n
gefitinib,Gefitinib,anticancer|cyp2d6_substrate,Kinase Inhibitor,openfda|nlem|janaushadhi,Iressa,y
gemcitabine,Gemcitabine,anticancer,Nucleoside Metabolic Inhibitor,openfda|nlem|janaushadhi,Avgemsi|Inlexzo,y
gemfibrozil,Gemfibrozil,,Peroxisome Proliferator Receptor alpha Agonist,openfda,Lopid,n
gemtuzumab ozogamicin,Gemtuzumab ozogamicin,anticancer,CD33-directed Immunoconjugate,openfda,Mylotarg,n
gentamicin,Gentamicin,antibiotic_other|nephrotoxic,Aminoglycoside Antibacterial,openfda|nlem|janaushadhi|manual,,y
gentian violet,Gentian violet (methylrosanilinium chloride),,,openfda|nlem,,y
gentiana scabra root,Gentiana scabra root,,,openfda,,n
gepirone,Gepirone,,,openfda,Exxua,n
gepotidacin,Gepotidacin,antibiotic_other,Triazaacenaphthylene Bacterial Type II Topoisomerase Inhibitor,openfda,Blujepa,n
geraniol,Geraniol,,,openfda,,n
gilteritinib,Gilteritinib,,,openfda,Xospata,n
ginger,Ginger,,Non-Standardized Food Allergenic Extract|Non-Standardized Plant Allergenic Extract,openfda,,n
ginger oil,Ginger oil,,,openfda,,n
ginkgo biloba leaf,Ginkgo biloba leaf,,,openfda,,n
givinostat,Givinostat,,Histone Deacetylase Inhibitor,openfda,Duvyzat,n
givosiran,Givosiran,,Aminolevulinate Synthase 1-directed RNA Interaction|Small Interfering RNA,openfda,Givlaari,n
glasdegib,Glasdegib,anticancer,Hedgehog Pathway Inhibitor,openfda,Daurismo,n
glatiramer,Glatiramer,,,openfda,Copaxone,n
glecaprevir,Glecaprevir,,,openfda,,n
gliclazide,Gliclazide,antidiabetic_sulfonylurea,,janaushadhi|manual,,n
glimepiride,Glimepiride,antidiabetic_sulfonylurea|cyp2c9_substrate,Sulfonylurea,openfda|nlem|janaushadhi|manual,,y
glipizide,Glipizide,antidiabetic_sulfonylurea,Sulfonylurea,openfda|janaushadhi|manual,Glucotrol XL,n
glofitamab,Glofitamab,anticancer,Bispecific CD20-directed CD3 T Cell Engager,openfda,Columvi,n
glucagon,Glucagon,,Antihypoglycemic Agent|Gastrointestinal Motility Inhibitor,openfda,Baqsimi|Gvoke HypoPen 0.5 mg Auto-Injector,n
glucarpidase,Glucarpidase,,Carboxypeptidase,openfda,Voraxaze,n
gluconolactone,Gluconolactone,,,openfda,,n
glucosamine,Glucosamine,,,openfda|janaushadhi,,n
glutamic acid,Glutamic acid,,,openfda,,n
glutamine,Glutamine,,Amino Acid,openfda,Endari,n
glutaraldehyde,Glutaraldehyde,,,nlem,,y
glutathione,Glutathione,,,openfda,,n
glyburide,Glyburide (glibenclamide),antidiabetic_sulfonylurea,Sulfonylurea,openfda|janaushadhi|manual,,n
glycerin,Glycerin,,Non-Standardized Chemical Allergen,openfda|nlem|janaushadhi,,y
glycerol phenylbutyrate,Glycerol phenylbutyrate,,Nitrogen Binding Agent,openfda,Ravicti,n
glyceryl monostearate,Glyceryl monostearate,,,openfda,,n
glyceryl stearate se,Glyceryl stearate se,,,openfda,,n
glycine,Glycine,,,openfda,,n
glycine soja (soybean) oil unsaponifiables,Glycine soja (soybean) oil unsaponifiables,,,openfda,,n
glycol salicylate,Glycol salicylate,,,openfda,,n
glycolic acid,Glycolic acid,,,openfda|janaushadhi,,n
glycopyrrolate,Glycopyrrolate (glycopyrronium),anticholinergic,Anticholinergic|Cholinergic Muscarinic Antagonist,openfda|nlem|janaushadhi|manual,Glyrx-Pf|Cuvposa|Qbrexza,y
glycyrrhiza glabra (licorice) root,Glycyrrhiza glabra (licorice) root,,,openfda,,n
glycyrrhiza uralensis root,Glycyrrhiza uralensis root,,,openfda,,n
golimumab,Golimumab,immunosuppressant,Tumor Necrosis Factor Blocker,openfda,Simponi,n
golodirsen,Golodirsen,,Antisense Oligonucleotide,openfda,Vyondys 53,n
goserelin,Goserelin,,Gonadotropin Releasing Hormone Receptor Agonist,openfda,Zoladex,n
gossypium herbaceum (cotton) seed oil,Gossypium herbaceum (cotton) seed oil,,,openfda,,n
gozetotide,Gozetotide,,,openfda,Locametz,n
gramicidin,Gramicidin,,,openfda,,n
granisetron,Granisetron,,Serotonin-3 Receptor Antagonist,openfda,Sancuso|Sustol,n
grape seed oil,Grape seed oil,,,openfda,,n
graphite,Graphite,,,openfda,,n
grazoprevir,Grazoprevir,,,openfda,,n
green tea leaf,Green tea leaf,,,openfda,,n
griseofulvin,Griseofulvin,photosensitizing,Tubulin Inhibiting Agent,openfda|nlem|janaushadhi|manual,,y
guaifenesin,Guaifenesin,,Expectorant,openfda|janaushadhi,Mucinex,n
guanfacine,Guanfacine,antihypertensive,Central alpha-2 Adrenergic Agonist,openfda,Intuniv,n
guselkumab,Guselkumab,,Interleukin-23 Antagonist,openfda,Tremfya,n
halcinonide,Halcinonide,corticosteroid,Corticosteroid,openfda,Halog,n
halobetasol,Halobetasol,corticosteroid,Corticosteroid,openfda|janaushadhi,Bryhali|Ultravate,n
haloperidol,Haloperidol,antipsychotic,Typical Antipsychotic,openfda|nlem|manual,,y
halothane,Halothane,anaesthesia_surgery,,nlem|manual,,y
hamamelis virginiana (witch hazel) leaf water,Hamamelis virginiana (witch hazel) leaf water,,,openfda,,n
hamamelis virginiana top,Hamamelis virginiana top,,,openfda,,n
hard fat,Hard fat,,,openfda,,n
helianthus annuus (sunflower) seed oil,Helianthus annuus (sunflower) seed oil,,,openfda,,n
helium,Helium,,,openfda,,n
hemin,Hemin,,,openfda,Panhematin,n
heparin,Heparin,anticoagulant_heparin,Anti-coagulant|Unfractionated Heparin,openfda|nlem|janaushadhi|manual,,y
hepatitis b immunoglobulin,Hepatitis b immunoglobulin,,,nlem,,y
hepatitis b vaccine,Hepatitis b vaccine,,,nlem,,y
hesperidin,Hesperidin,,,openfda|janaushadhi,,n
hetastarch,Hetastarch,,Plasma Volume Expander,openfda,Hextend,n
hexamidine diisethionate,Hexamidine diisethionate,,,openfda,,n
hexyl laurate,Hexyl laurate,,,openfda,,n
hexylresorcinol,Hexylresorcinol,,,openfda,,n
hibiscus sabdariffa seed oil,Hibiscus sabdariffa seed oil,,,openfda,,n
hippophae rhamnoides seed oil,Hippophae rhamnoides seed oil,,,openfda,,n
histamine,Histamine,,,openfda,,n
histidine,Histidine,,,openfda,,n
histrelin,Histrelin,,Gonadotropin Releasing Hormone Receptor Agonist,openfda,Supprelin La,n
homatropine,Homatropine,,,openfda|nlem|janaushadhi,,y
homosalate,Homosalate,,,openfda,,n
honey,Honey,,,openfda,,n
hops,Hops,,,openfda,,n
human albumin microspheres,Human albumin microspheres,,,openfda,,n
human amniotic membrane,Human amniotic membrane,,,openfda,,n
human botulinum neurotoxin a/b immune globulin,Human botulinum neurotoxin a/b immune globulin,,Human Immunoglobulin G,openfda,BabyBIG,n
human c1-esterase inhibitor,Human c1-esterase inhibitor,,Human C1 Esterase Inhibitor,openfda,Cinryze,n
human cytomegalovirus immune globulin,Human cytomegalovirus immune globulin,,Human Immunoglobulin G,openfda,Cytogam,n
human hepatitis b virus immune globulin,Human hepatitis b virus immune globulin,,Human Immunoglobulin,openfda,HepaGam B|Nabi-HB|Hyperhep B,n
human immunoglobulin g,Human immunoglobulin g,,Human Immunoglobulin G,openfda,Cutaquig|Hizentra|Panzyga,n
human normal immunoglobulin,Human normal immunoglobulin,,,nlem|janaushadhi,,y
human peripheral nerve tissue,Human peripheral nerve tissue,,,openfda,,n
human rabies virus immune globulin,Human rabies virus immune globulin,,,openfda,HyperRAB|Kedrab,n
human rho(d) immune globulin,Human rho(d) immune globulin,,Human Immunoglobulin G,openfda,Hyperrho Full Dose|RhoGAM Ultra-Filtered PLUS|Rhophylac,n
human thrombin,Human thrombin,,Human Blood Coagulation Factor,openfda,,n
human vaccinia virus immune globulin,Human vaccinia virus immune globulin,,Human Immunoglobulin G,openfda,Cnj-016,n
human varicella-zoster immune globulin,Human varicella-zoster immune globulin,,,openfda,Varizig,n
hyaluronate,Hyaluronate,,,openfda|janaushadhi,,n
hyaluronic acid,Hyaluronic acid,,,openfda,,n
hyaluronidase,Hyaluronidase,,Endoglycosidase,openfda,Amphadase,n
hyaluronidase (human recombinant),Hyaluronidase (human recombinant),,Endoglycosidase,openfda,HYLENEX Recombinant,n
hydralazine,Hydralazine,antihypertensive,Arteriolar Vasodilator,openfda|janaushadhi|manual,,n
hydrochlorothiazide,Hydrochlorothiazide,antihypertensive|diuretic_loop_thiazide|photosensitizing,Thiazide Diuretic,openfda|nlem|janaushadhi|manual,Inzirqo,y
hydrocodone,Hydrocodone,opioid,Opioid Agonist,openfda|manual,Hysingla ER,n
hydrocortisone,Hydrocortisone,corticosteroid,Corticosteroid,openfda|nlem|janaushadhi|manual,Solu-Cortef|Alkindi Sprinkle|Cortef,y
hydrogen peroxide,Hydrogen peroxide,,,openfda|nlem,,y
hydrogenated castor oil,Hydrogenated castor oil,,,openfda,,n
hydrogenated coconut oil,Hydrogenated coconut oil,,,openfda,,n
hydromorphone,Hydromorphone,opioid,Opioid Agonist,openfda,Dilaudid,n
hydroquinone,Hydroquinone,,Melanin Synthesis Inhibitor,openfda|janaushadhi,,n
hydroxocobalamin,Hydroxocobalamin (hydroxocobalamine),,Antidote,openfda|nlem,Cyanokit,y
hydroxyacetophenone,Hydroxyacetophenone,,,openfda,,n
hydroxychloroquine,Hydroxychloroquine,,Antimalarial|Antirheumatic Agent,openfda|nlem|janaushadhi,Plaquenil|Sovuna,y
hydroxycitronellal,Hydroxycitronellal,,,openfda,,n
hydroxyethyl cellulose,Hydroxyethyl cellulose,,,openfda,,n
hydroxyethyl cellulose (140 cps at 5%),Hydroxyethyl cellulose (140 cps at 5%),,,openfda,,n
hydroxyethylcellulose,Hydroxyethylcellulose,,,openfda,,n
hydroxypinacolone retinoate,Hydroxypinacolone retinoate,,,openfda,,n
hydroxyprogesterone,Hydroxyprogesterone,hormonal_contraceptive_estrogen,Progestin,openfda|janaushadhi,,n
hydroxyurea,Hydroxyurea,anticancer,Antimetabolite,openfda|nlem|janaushadhi|manual,Droxia|Hydrea|Siklos,y
hydroxyzine,Hydroxyzine,anticholinergic,Antihistamine,openfda|janaushadhi|manual,,n
hyoscine butylbromide,Hyoscine butylbromide,anticholinergic,,nlem|janaushadhi|manual,,y
hyoscyamine,Hyoscyamine,anticholinergic,,openfda|manual,,n
hypochlorous acid,Hypochlorous acid,,,openfda,,n
hypromellose,Hypromellose (hydroxypropyl methylcellulose),,,openfda|nlem|janaushadhi,,y
hypromelloses,Hypromelloses,,,openfda,,n
ibalizumab,Ibalizumab,antiretroviral,CD4-directed Blocking Antibody|Human Immunodeficiency Virus 1 Post-attachment Fusion Inhibitor,openfda,Trogarzo,n
ibandronate,Ibandronate,,Bisphosphonate,openfda,,n
iberdomide,Iberdomide,,,openfda,Zenbexus,n
ibrutinib,Ibrutinib,anticancer|cyp3a4_substrate_narrow,Kinase Inhibitor,openfda|janaushadhi,Imbruvica,n
ibuprofen,Ibuprofen,nsaid|nephrotoxic|cyp2c9_substrate,Nonsteroidal Anti-inflammatory Drug,openfda|nlem|janaushadhi|manual,Advil|Childrens Motrin|Caldolor,y
ibutilide,Ibutilide,antiarrhythmic,Antiarrhythmic,openfda,Corvert,n
icatibant,Icatibant,,Bradykinin B2 Receptor Antagonist,openfda,Firazyr,n
icodextrin,Icodextrin,,,openfda,,n
icosapent ethyl,Icosapent ethyl (eicosapentaenoic acid),,,openfda|janaushadhi,Vascepa,n
icotrokinra,Icotrokinra,,,openfda,Icotyde,n
idarubicin,Idarubicin,anticancer,Anthracycline Topoisomerase Inhibitor,openfda,Idamycin PFS,n
idarucizumab,Idarucizumab,,Humanized Monoclonal Antibody Fragment,openfda,Praxbind,n
idecabtagene vicleucel,Idecabtagene vicleucel,,,openfda,Abecma,n
idelalisib,Idelalisib,anticancer|hepatotoxic,Kinase Inhibitor,openfda|manual,Zydelig,n
idursulfase,Idursulfase,,Hydrolytic Lysosomal Glycosaminoglycan-specific Enzyme,openfda,Elaprase,n
ifosfamide,Ifosfamide,anticancer|nephrotoxic,Alkylating Drug,openfda|nlem|janaushadhi|manual,Ifex,y
ilaprazole,Ilaprazole,ppi_antacid,,janaushadhi|manual,,n
iloperidone,Iloperidone,antipsychotic|cyp2d6_substrate,Atypical Antipsychotic,openfda|manual,Fanapt,n
iloprost,Iloprost,,Prostacycline,openfda,Aurlumyn,n
imatinib,Imatinib,anticancer,Kinase Inhibitor,openfda|nlem|janaushadhi|manual,Gleevec|Imkeldi,y
imeglimin,Imeglimin,antidiabetic_other,,janaushadhi|manual,,n
imetelstat,Imetelstat,anticancer,Oligonucleotide Telomerase Inhibitor,openfda,Rytelo,n
imidurea,Imidurea,,,openfda,,n
imiglucerase,Imiglucerase,,Hydrolytic Lysosomal Glucocerebroside-specific Enzyme,openfda,Cerezyme,n
imipenem,Imipenem,,,openfda|janaushadhi,,n
imipramine,Imipramine,antidepressant_tca|cyp2d6_substrate|anticholinergic,Tricyclic Antidepressant,openfda|janaushadhi|manual,,n
imiquimod,Imiquimod,,,openfda,Zyclara,n
imlunestrant,Imlunestrant,anticancer,Estrogen Receptor Antagonist,openfda,Inluriyo,n
inavolisib,Inavolisib,anticancer,Kinase Inhibitor,openfda,Itovebi,n
incised notopterygium rhizome or root (notopterygium franchetii),Incised notopterygium rhizome or root (notopterygium franchetii),,,openfda,,n
inclisiran,Inclisiran,,,openfda,Leqvio,n
indacaterol,Indacaterol,,,janaushadhi,,n
indapamide,Indapamide,antihypertensive|diuretic_loop_thiazide|photosensitizing,Thiazide-like Diuretic,openfda|janaushadhi|manual,,n
indigotindisulfonate,Indigotindisulfonate,,Diagnostic Dye,openfda,Bludigo,n
indocyanine green,Indocyanine green,,Diagnostic Dye,openfda,,n
indomethacin,Indomethacin,nsaid|nephrotoxic,Nonsteroidal Anti-inflammatory Drug,openfda|janaushadhi|manual,Indocin,n
inebilizumab,Inebilizumab,immunosuppressant,CD19-directed Cytolytic Antibody,openfda|manual,Uplizna,n
infliximab,Infliximab,immunosuppressant,Tumor Necrosis Factor Blocker,openfda,Avsola|Inflectra|Remicade,n
inosine,Inosine,,,openfda|janaushadhi,,n
inositol,Inositol,,,janaushadhi,,n
inotuzumab ozogamicin,Inotuzumab ozogamicin,anticancer,CD22-directed Immunoconjugate,openfda,Besponsa,n
insulin aspart,Insulin aspart,antidiabetic_insulin,Insulin Analog,openfda|janaushadhi,Novolog|Fiasp|Merilog,n
insulin degludec,Insulin degludec,antidiabetic_insulin,Insulin Analog,openfda,Tresiba,n
insulin detemir,Insulin detemir,antidiabetic_insulin,Insulin Analog,openfda,Levemir,n
insulin efsitora alfa,Insulin efsitora alfa,,,openfda,ONSWIK KwikPen,n
insulin glargine,Insulin glargine,antidiabetic_insulin,Insulin Analog,openfda|nlem|janaushadhi,Lantus Solostar|Toujeo|Semglee,y
insulin glulisine,Insulin glulisine,antidiabetic_insulin,Insulin Analog,openfda,Apidra,n
insulin human,Insulin human,antidiabetic_insulin,Insulin,openfda|nlem|janaushadhi,Humulin R|Afrezza|Novolin 70/30,y
insulin icodec,Insulin icodec,,,openfda,Awiqli,n
insulin lispro,Insulin lispro,antidiabetic_insulin,Insulin Analog,openfda|janaushadhi,Admelog|Humalog|Lyumjev,n
interferon beta-1a,Interferon beta-1a,,Interferon beta,openfda,Rebif|Avonex,n
interferon gamma-1b,Interferon gamma-1b,,Interferon gamma,openfda,Actimmune,n
iodine,Iodine,,,openfda|janaushadhi,,n
iodine povacrylex,Iodine povacrylex,,,openfda,,n
iodixanol,Iodixanol,,Radiographic Contrast Agent,openfda,Visipaque,n
iohexol,Iohexol,,Radiographic Contrast Agent,openfda|nlem,Omnipaque,y
iomeprol,Iomeprol,,Radiographic Contrast Agent,openfda,Iomervu,n
iopamidol,Iopamidol,,Radiographic Contrast Agent,openfda,Isovue 300|Isovue-M,n
iopromide,Iopromide,,Radiographic Contrast Agent,openfda,Ultravist,n
iothalamate,Iothalamate,,Radiographic Contrast Agent,openfda,Cysto-Conray II,n
ioversol,Ioversol,,Radiographic Contrast Agent,openfda,Optiray 320,n
ipilimumab,Ipilimumab,anticancer,CTLA-4-directed Blocking Antibody,openfda,Yervoy,n
ipratropium,Ipratropium,anticholinergic,Anticholinergic,openfda|nlem|janaushadhi,Atrovent HFA,y
iptacopan,Iptacopan,,Complement Factor B Inhibitor,openfda,Fabhalta,n
irbesartan,Irbesartan,antihypertensive|potassium_sparing,Angiotensin 2 Receptor Blocker,openfda,Avapro,n
irinotecan,Irinotecan,anticancer,Topoisomerase Inhibitor,openfda|nlem,Camptosar|Onivyde,y
iron,Iron,iron_mineral_supplement,,openfda|janaushadhi|manual,,n
iron dextran,Iron dextran,iron_mineral_supplement,Parenteral Iron Replacement|Phosphate Binder,openfda|manual,INFeD,n
iron sucrose,Iron sucrose,iron_mineral_supplement,Parenteral Iron Replacement|Phosphate Binder,openfda|nlem|janaushadhi|manual,Venofer,y
isatuximab,Isatuximab,anticancer,CD38-directed Cytolytic Antibody,openfda,Sarclisa,n
isavuconazonium,Isavuconazonium,,Azole Antifungal,openfda,Cresemba,n
iscotrizinol,Iscotrizinol,,,openfda,,n
islatravir,Islatravir,,,openfda,,n
isocarboxazid,Isocarboxazid,antidepressant_maoi,Monoamine Oxidase Inhibitor,openfda|manual,Marplan,n
isoflurane,Isoflurane,anaesthesia_surgery,General Anesthetic,openfda|nlem|manual,Forane,y
isoleucine,Isoleucine,,,openfda,,n
isomethyl-.alpha.-ionone,Isomethyl-.alpha.-ionone,,,openfda,,n
isoniazid,Isoniazid,antitubercular|hepatotoxic,Antimycobacterial,openfda|nlem|manual,,y
isopropyl alcohol,Isopropyl alcohol,,,openfda|janaushadhi,,n
isoproterenol,Isoproterenol,,beta-Adrenergic Agonist,openfda,,n
isosorbide dinitrate,Isosorbide dinitrate,nitrate_pde5,Nitrate Vasodilator,openfda|nlem|janaushadhi|manual,,y
isosorbide mononitrate,Isosorbide mononitrate,nitrate_pde5,Nitrate Vasodilator,openfda|janaushadhi|manual,,n
isosulfan blue,Isosulfan blue,,,openfda,,n
isotonic sodium chloride solution,Isotonic sodium chloride solution,,Osmotic Laxative,openfda,,n
isotretinoin,Isotretinoin,photosensitizing,Retinoid,openfda|janaushadhi|manual,Absorica,n
isoxsuprine,Isoxsuprine,,,janaushadhi,,n
isradipine,Isradipine,antihypertensive,Dihydropyridine Calcium Channel Blocker,openfda,,n
istradefylline,Istradefylline,,,openfda,Nourianz,n
itopride,Itopride,,,janaushadhi,,n
itraconazole,Itraconazole,,Azole Antifungal,openfda|nlem|janaushadhi,Sporanox|Tolsura,y
ivabradine,Ivabradine,cyp3a4_substrate_narrow,Hyperpolarization-activated Cyclic Nucleotide-gated Channel Blocker,openfda|janaushadhi,Corlanor,n
ivacaftor,Ivacaftor,,Cystic Fibrosis Transmembrane Conductance Regulator Potentiator,openfda,Kalydeco,n
ivermectin,Ivermectin,,Antiparasitic|Pediculicide,openfda|nlem|janaushadhi,Sklice|Soolantra|Stromectol,y
ivosidenib,Ivosidenib,anticancer,Isocitrate Dehydrogenase 1 Inhibitor,openfda,Tibsovo,n
ixazomib,Ixazomib,anticancer,Proteasome Inhibitor,openfda,Ninlaro,n
ixekizumab,Ixekizumab,,Interleukin-17A Antagonist,openfda,Taltz,n
japanese encephalitis vaccine,Japanese encephalitis vaccine,,,nlem,,y
jojoba oil,Jojoba oil,,,openfda,,n
jujube seed,Jujube seed,,,openfda,,n
juniper tar,Juniper tar,,,openfda,,n
kaolin,Kaolin,,,openfda,,n
ketamine,Ketamine,anaesthesia_surgery,General Anesthetic,openfda|nlem|manual,Ketalar,y
ketoconazole,Ketoconazole,hepatotoxic,Azole Antifungal,openfda|janaushadhi|manual,Nizoral,n
ketoprofen,Ketoprofen,nsaid|nephrotoxic,Nonsteroidal Anti-inflammatory Drug,openfda|janaushadhi|manual,,n
ketorolac,Ketorolac,nsaid|nephrotoxic,Cyclooxygenase Inhibitor|Nonsteroidal Anti-inflammatory Drug,openfda|janaushadhi|manual,Acular|Acuvail|Sprix,n
ketotifen,Ketotifen,,Histamine-1 Receptor Inhibitor,openfda,Eye Itch Relief|Alaway,n
kojic acid,Kojic acid,,,openfda,,n
l-arginine,L-arginine,,,janaushadhi,,n
l-lysine,L-lysine,,,janaushadhi,,n
l-methylfolate,L-methylfolate,,,janaushadhi,,n
l-ornithine l-aspartate,L-ornithine l-aspartate,,,janaushadhi,,n
labetalol,Labetalol,antihypertensive,beta-Adrenergic Blocker,openfda|nlem|janaushadhi,,y
lacosamide,Lacosamide,antiepileptic,,openfda|janaushadhi|manual,Vimpat|Motpoly Xr,n
lactic acid,Lactic acid,,,openfda|janaushadhi,,n
lactic acid l-,Lactic acid l-,,,openfda,,n
lactitol,Lactitol,,,janaushadhi,,n
lactobacillus,Lactobacillus (lactic acid bacillus),,,janaushadhi,,n
lactulose,Lactulose,,Osmotic Laxative,openfda|nlem|janaushadhi,,y
laminaria digitata,Laminaria digitata,,,openfda,,n
lamivudine,Lamivudine,antiretroviral,Hepatitis B Virus Nucleoside Analog Reverse Transcriptase Inhibitor|Human Immunodeficiency Virus Nucleoside Analog Reverse Transcriptase Inhibitor,openfda|nlem|janaushadhi|manual,Epivir,y
lamotrigine,Lamotrigine,antiepileptic,Anti-epileptic Agent|Mood Stabilizer,openfda|janaushadhi|manual,Lamictal|Subvenite,n
lanadelumab,Lanadelumab,,Plasma Kallikrein Inhibitor,openfda,Takhzyro,n
landiolol,Landiolol,antihypertensive,beta-Adrenergic Blocker,openfda,Rapiblyk,n
lanolin,Lanolin,,,openfda,,n
lanreotide,Lanreotide,,Somatostatin Analog,openfda,Somatuline Depot,n
lansoprazole,Lansoprazole,ppi_antacid|cyp2c19_substrate,Proton Pump Inhibitor,openfda|janaushadhi|manual,Prevacid,n
lanthanum carbonate,Lanthanum carbonate,,Phosphate Binder,openfda,Fosrenol,n
lapatinib,Lapatinib,anticancer|hepatotoxic,Kinase Inhibitor,openfda|janaushadhi|manual,Tykerb,n
lapine t-lymphocyte immune globulin,Lapine t-lymphocyte immune globulin,,Immunoglobulin G,openfda,,n
laronidase,Laronidase,,Hydrolytic Lysosomal Glycosaminoglycan-specific Enzyme,openfda,Aldurazyme,n
larotrectinib,Larotrectinib,anticancer|cyp3a4_substrate_narrow,Kinase Inhibitor,openfda,Vitrakvi,n
lasmiditan,Lasmiditan,,,openfda,Reyvow,n
latanoprost,Latanoprost,,Prostaglandin Analog,openfda|nlem|janaushadhi,Iyuzeh|Xalatan|Xelpros,y
latanoprostene bunod,Latanoprostene bunod,,,openfda,Vyzulta,n
laureth-7,Laureth-7,,,openfda,,n
lavandula angustifolia (lavender) oil,Lavandula angustifolia (lavender) oil,,,openfda,,n
lazertinib,Lazertinib,anticancer,Kinase Inhibitor,openfda,Lazcluze,n
lebrikizumab,Lebrikizumab,,Interleukin-13 Antagonist,openfda,Ebglyss,n
lecanemab,Lecanemab,,Amyloid Beta-directed Antibody,openfda,Leqembi,n
lecithin soybean,Lecithin soybean,,,openfda,,n
ledipasvir,Ledipasvir,,Hepatitis C Virus NS5A Inhibitor,openfda,,n
lefamulin,Lefamulin,antibiotic_other,Pleuromutilin Antibacterial,openfda,Xenleta,n
leflunomide,Leflunomide,immunosuppressant|hepatotoxic,Antirheumatic Agent,openfda|janaushadhi|manual,Arava,n
lemborexant,Lemborexant,sedative_hypnotic|cyp3a4_substrate_narrow,Orexin Receptor Antagonist,openfda|manual,Dayvigo,n
lemna minor,Lemna minor,,,openfda,,n
lemon,Lemon,,,openfda,,n
lenacapavir,Lenacapavir,antiretroviral,Human Immunodeficiency Virus 1 Capsid Inhibitor,openfda,Sunlenca|Yeztugo,n
lenalidomide,Lenalidomide,anticancer,Thalidomide Analog,openfda|nlem|janaushadhi|manual,Revlimid,y
leniolisib,Leniolisib,cyp3a4_substrate_narrow,Kinase Inhibitor,openfda,Joenja,n
lenvatinib,Lenvatinib,anticancer,Kinase Inhibitor,openfda|janaushadhi,Lenvima,n
lerodalcibep,Lerodalcibep,,,openfda,Lerochol,n
letermovir,Letermovir,,Cytomegalovirus DNA Terminase Complex Inhibitor,openfda,Prevymis,n
letibotulinumtoxina,Letibotulinumtoxina,,Acetylcholine Release Inhibitor|Neuromuscular Blocker,openfda,Letybo,n
letrozole,Letrozole,anticancer,Aromatase Inhibitor,openfda|nlem|janaushadhi|manual,Femara,y
leucine,Leucine,,,openfda,,n
leuconostoc/radish root ferment filtrate,Leuconostoc/radish root ferment filtrate,,,openfda,,n
leucovorin,Leucovorin (calcium folinate),,Folate Analog,openfda|nlem|janaushadhi,Vykoura,y
leuprolide,Leuprolide,,Gonadotropin Releasing Hormone Receptor Agonist,openfda|nlem|janaushadhi,Eligard|Vabrinty|Camcevi,y
leuzea carthamoides root,Leuzea carthamoides root,,,openfda,,n
levacetylleucine,Levacetylleucine,,,openfda,Aqneursa,n
levalbuterol,Levalbuterol (levosalbutamol),,beta2-Adrenergic Agonist,openfda|janaushadhi,Xopenex Hfa,n
levamlodipine,Levamlodipine (s-amlodipine),antihypertensive,,openfda|janaushadhi|manual,Conjupri,n
levetiracetam,Levetiracetam,antiepileptic,,openfda|nlem|janaushadhi|manual,Keppra|Spritam|Elepsia Xr 1000 Mg,y
levmetamfetamine,Levmetamfetamine,,,openfda,,n
levobunolol,Levobunolol,antihypertensive,beta-Adrenergic Blocker,openfda,,n
levocarnitine,Levocarnitine (l-carnitine),,Carnitine Analog,openfda|janaushadhi,Carnitor,n
levocetirizine,Levocetirizine,,Histamine-1 Receptor Antagonist,openfda|janaushadhi,Xyzal Allergy 24HR,n
levocloperastine,Levocloperastine,,,janaushadhi,,n
levodopa,Levodopa,antiparkinson_levodopa,Aromatic Amino Acid,openfda|nlem|janaushadhi|manual,Inbrija,y
levodropropizine,Levodropropizine,,,janaushadhi,,n
levofloxacin,Levofloxacin,antibiotic_chelating|photosensitizing,Fluoroquinolone Antibacterial,openfda|nlem|janaushadhi|manual,,y
levoketoconazole,Levoketoconazole,,Cortisol Synthesis Inhibitor,openfda,Recorlev,n
levoleucovorin,Levoleucovorin,,Folate Analog,openfda,Khapzory,n
levomenol,Levomenol,,,openfda,,n
levomenthol,Levomenthol,,,openfda,,n
levomilnacipran,Levomilnacipran,antidepressant_ssri_snri,Serotonin and Norepinephrine Reuptake Inhibitor,openfda|manual,Fetzima,n
levonorgestrel,Levonorgestrel,hormonal_contraceptive_estrogen,Progestin|Progestin-containing Intrauterine System|Progestin-containing Intrauterine Device,openfda|nlem|janaushadhi|manual,Plan B One-Step|Aftera|Kyleena,y
levorphanol,Levorphanol,opioid,Opioid Agonist,openfda,,n
levosulpiride,Levosulpiride,antipsychotic,,janaushadhi|manual,,n
levothyroxine,Levothyroxine (thyroxine),thyroid_hormone,l-Thyroxine,openfda|nlem|janaushadhi|manual,Tirosint|Synthroid|Unithroid,y
licorice,Licorice,,,openfda|janaushadhi,,n
lidocaine,Lidocaine (lignocaine),antiarrhythmic,Amide Local Anesthetic|Antiarrhythmic,openfda|nlem|janaushadhi,Xylocaine MPF|Akten|Bondlido,y
lifileucel,Lifileucel,,,openfda,Amtagvi,n
lifitegrast,Lifitegrast,,Lymphocyte Function-Associated Antigen-1 Antagonist,openfda,Xiidra,n
light mineral oil,Light mineral oil,,,openfda,,n
ligustrum lucidum fruit,Ligustrum lucidum fruit,,,openfda,,n
lilium pumilum bulb,Lilium pumilum bulb,,,openfda,,n
limonene (+)-,Limonene (+)-,,,openfda,,n
limosilactobacillus fermentum,Limosilactobacillus fermentum,,,openfda,,n
linaclotide,Linaclotide,,Guanylate Cyclase-C Agonist,openfda,Linzess,n
linagliptin,Linagliptin,antidiabetic_other,Dipeptidyl Peptidase 4 Inhibitor,openfda|janaushadhi|manual,Tradjenta,n
linalool (+/-)-,Linalool (+/-)-,,,openfda,,n
lincomycin,Lincomycin,,,openfda|janaushadhi,Lincocin,n
lindane,Lindane,,,janaushadhi,,n
linerixibat,Linerixibat,,Ileal Bile Acid Transporter Inhibitor,openfda,Lynavoy,n
linezolid,Linezolid,antibiotic_other,Oxazolidinone Antibacterial,openfda|nlem|janaushadhi|manual,Zyvox,y
linoleic acid,Linoleic acid,,,openfda,,n
linolenic acid,Linolenic acid,,,openfda,,n
liothyronine,Liothyronine,thyroid_hormone,l-Triiodothyronine,openfda|manual,Cytomel,n
liraglutide,Liraglutide,antidiabetic_other,GLP-1 Receptor Agonist,openfda|manual,Victoza|Saxenda,n
lisdexamfetamine,Lisdexamfetamine,,Central Nervous System Stimulant,openfda,Vyvanse|Arynta,n
lisinopril,Lisinopril,antihypertensive|potassium_sparing,Angiotensin Converting Enzyme Inhibitor,openfda|janaushadhi,Zestril|Qbrelis,n
lithium carbonate,Lithium carbonate,lithium,Mood Stabilizer,openfda|nlem|janaushadhi|manual,Lithobid,y
lithium citrate,Lithium citrate,lithium,Mood Stabilizer,openfda|manual,,n
lixisenatide,Lixisenatide,antidiabetic_other,GLP-1 Receptor Agonist,openfda,,n
lobeglitazone,Lobeglitazone,antidiabetic_other,,janaushadhi|manual,,n
lofexidine,Lofexidine,cyp2d6_substrate,,openfda,Lucemyra,n
lomitapide,Lomitapide,hepatotoxic|cyp3a4_substrate_narrow,Microsomal Triglyceride Transfer Protein Inhibitor,openfda|manual,Juxtapid,n
lomustine,Lomustine,anticancer,Alkylating Drug,openfda,Gleostine,n
lonafarnib,Lonafarnib,,Farnesyltransferase Inhibitor,openfda,Zokinvy,n
lonapegsomatropin,Lonapegsomatropin,,Recombinant Human Growth Hormone,openfda,Skytrofa,n
loncastuximab tesirine,Loncastuximab tesirine,,,openfda,Zynlonta,n
lonicera caprifolium whole,Lonicera caprifolium whole,,,openfda,,n
lonicera japonica flower,Lonicera japonica flower,,,openfda,,n
loperamide,Loperamide,cyp3a4_substrate_narrow|pgp_substrate,Opioid Agonist,openfda|nlem|janaushadhi,Anti-Diarrheal|Imodium A-D,y
lopinavir,Lopinavir,antiretroviral,,openfda|nlem|janaushadhi|manual,,y
loratadine,Loratadine,,,openfda|janaushadhi,"Claritin|Alavert Allergy|Lil Drug Store Claritin Non-Drowsy, 24 Hour",n
lorazepam,Lorazepam,sedative_hypnotic,Benzodiazepine,openfda|nlem|janaushadhi|manual,Ativan|Loreev Xr,y
lorlatinib,Lorlatinib,anticancer,Kinase Inhibitor,openfda,Lorbrena,n
lornoxicam,Lornoxicam,nsaid|nephrotoxic,,janaushadhi|manual,,n
losartan,Losartan,antihypertensive|potassium_sparing,Angiotensin 2 Receptor Blocker,openfda|janaushadhi|manual,Cozaar|Arbli,n
loteprednol,Loteprednol,corticosteroid,Corticosteroid,openfda,Lotemax|Alrex|Eysuvis,n
lotilaner,Lotilaner,,Ectoparasiticide,openfda,Xdemvy,n
lovastatin,Lovastatin,statin|cyp3a4_substrate_narrow,HMG-CoA Reductase Inhibitor,openfda|manual,,n
lovotibeglogene autotemcel,Lovotibeglogene autotemcel,,,openfda,Lyfgenia,n
loxapine,Loxapine,antipsychotic,,openfda|manual,Adasuve,n
lubiprostone,Lubiprostone,,Chloride Channel Activator,openfda,Amitiza,n
luliconazole,Luliconazole,,Azole Antifungal,openfda|janaushadhi,Luzu,n
lumacaftor,Lumacaftor,,,openfda,,n
lumasiran,Lumasiran,,,openfda,Oxlumo,n
lumateperone,Lumateperone,antipsychotic,Atypical Antipsychotic,openfda,Caplyta,n
lumefantrine,Lumefantrine,,,openfda|nlem|janaushadhi,,y
lunsotogene parvec,Lunsotogene parvec,,,openfda,Otarmeni,n
lurasidone,Lurasidone,antipsychotic|cyp3a4_substrate_narrow,Atypical Antipsychotic,openfda|janaushadhi|manual,Latuda,n
lurbinectedin,Lurbinectedin,anticancer,Alkylating Drug,openfda,Zepzelca,n
luspatercept,Luspatercept,,Erythroid Maturation Agent,openfda,Reblozyl,n
lusutrombopag,Lusutrombopag,,,openfda,Mulpleta,n
lutein,Lutein,,,openfda|janaushadhi,,n
lutetium lu-177 vipivotide tetraxetan,Lutetium lu-177 vipivotide tetraxetan,anticancer,Radioligand Therapeutic Agent,openfda,Pluvicto,n
lutetium oxodotreotide lu-177,Lutetium oxodotreotide lu-177,,,openfda,Lutathera|Bexlutry,n
lycopene,Lycopene,,,janaushadhi,,n
lysine,Lysine,,,openfda,,n
lysine acetate,Lysine acetate,,,openfda,,n
lysine hydrochloride,Lysine hydrochloride,,,openfda,,n
lysozyme,Lysozyme,,,openfda,,n
macimorelin,Macimorelin,,Growth Hormone Secretagogue Receptor Agonist,openfda,Macrilen,n
macitentan,Macitentan,,Endothelin Receptor Antagonist,openfda|janaushadhi,Opsumit,n
mafenide,Mafenide,antibiotic_other,Methylated Sulfonamide Antibacterial,openfda,Sulfamylon,n
maftivimab,Maftivimab,,,openfda,,n
magaldrate,Magaldrate,ppi_antacid,,janaushadhi|manual,,n
magnesium,Magnesium,,,openfda|janaushadhi,,n
magnesium acetate,Magnesium acetate,,,openfda,,n
magnesium carbonate,Magnesium carbonate,ppi_antacid,,openfda|manual,,n
magnesium chloride,Magnesium chloride,,Calculi Dissolution Agent|Osmotic Laxative,openfda,,n
magnesium citrate,Magnesium citrate,,Calculi Dissolution Agent|Osmotic Laxative,openfda|janaushadhi,,n
magnesium hydroxide,Magnesium hydroxide (milk of magnesia),ppi_antacid,Calculi Dissolution Agent|Osmotic Laxative,openfda|janaushadhi|manual,,n
magnesium oxide,Magnesium oxide,iron_mineral_supplement,Calculi Dissolution Agent|Osmotic Laxative,openfda|janaushadhi|manual,,n
magnesium oxybate,Magnesium oxybate,,,openfda,,n
magnesium salicylate,Magnesium salicylate,,,openfda,,n
magnesium sulfate,Magnesium sulfate,iron_mineral_supplement,,openfda|nlem|janaushadhi|manual,,y
magnesium sulfate anhydrous,Magnesium sulfate anhydrous,,,openfda,,n
magnesium sulfate heptahydrate,Magnesium sulfate heptahydrate,,Calculi Dissolution Agent|Osmotic Laxative,openfda,,n
magnesium sulfate unspecified,Magnesium sulfate unspecified,,Calculi Dissolution Agent|Osmotic Laxative,openfda,,n
magnesium sulfate unspecified form,Magnesium sulfate unspecified form,,Calculi Dissolution Agent|Osmotic Laxative,openfda,,n
malathion,Malathion,,Cholinesterase Inhibitor,openfda,,n
malondialdehyde,Malondialdehyde,,,openfda,,n
malva sylvestris flowering top,Malva sylvestris flowering top,,,openfda,,n
manganese chloride,Manganese chloride,,Paramagnetic Contrast Agent,openfda,,n
manganese sulfate,Manganese sulfate,,,openfda|janaushadhi,,n
mango seed oil,Mango seed oil,,,openfda,,n
mannitol,Mannitol,,Osmotic Diuretic,openfda|nlem|janaushadhi,Osmitrol,y
maralixibat,Maralixibat,,Ileal Bile Acid Transporter Inhibitor,openfda,Livmarli,n
maraviroc,Maraviroc,antiretroviral|hepatotoxic|cyp3a4_substrate_narrow,CCR5 Co-receptor Antagonist,openfda|janaushadhi|manual,Selzentry,n
margetuximab,Margetuximab,anticancer,HER2/neu Receptor Antagonist,openfda,Margenza,n
maribavir,Maribavir,,Cytomegalovirus pUL97 Kinase Inhibitor,openfda,Livtencity,n
marnetegragene autotemcel,Marnetegragene autotemcel,,,openfda,Kresladi,n
marstacimab,Marstacimab,,,openfda,Hympavzi,n
mavacamten,Mavacamten,cyp2c19_substrate,Cardiac Myosin Inhibitor,openfda,Camzyos,n
mavorixafor,Mavorixafor,,CXC Chemokine Receptor 4 Antagonist,openfda,Xolremdi,n
measles vaccine,Measles vaccine,,,nlem,,y
mebendazole,Mebendazole,,Anthelmintic,openfda|nlem|janaushadhi,Vermox,y
mebeverine,Mebeverine,,,janaushadhi,,n
mebrofenin,Mebrofenin,,,openfda,Choletec,n
mecamylamine,Mecamylamine,,Autonomic Ganglionic Blocker,openfda,,n
mecasermin,Mecasermin,,,openfda,Increlex,n
mechlorethamine,Mechlorethamine,anticancer,Alkylating Drug,openfda,Valchlor,n
meclizine,Meclizine,cyp2d6_substrate|anticholinergic,Antiemetic,openfda|manual,,n
meclofenamate,Meclofenamate,,,openfda,,n
medium-chain triglycerides,Medium-chain triglycerides,,,openfda,,n
medronic acid,Medronic acid,,,openfda,,n
medroxyprogesterone,Medroxyprogesterone,hormonal_contraceptive_estrogen,Progestin,openfda|nlem|janaushadhi|manual,Provera|Depo-Provera|Depo-SubQ Provera,y
mefenamic acid,Mefenamic acid,nsaid|nephrotoxic,Nonsteroidal Anti-inflammatory Drug,openfda|nlem|janaushadhi|manual,,y
mefloquine,Mefloquine,,Antimalarial,openfda|nlem|janaushadhi,,y
megestrol,Megestrol,hormonal_contraceptive_estrogen,Progestin,openfda|janaushadhi,,n
meglumine diatrizoate,Meglumine diatrizoate,,,nlem,,y
melaleuca alternifolia (tea tree) leaf oil,Melaleuca alternifolia (tea tree) leaf oil,,,openfda,,n
melaleuca alternifolia flowering top,Melaleuca alternifolia flowering top,,,openfda,,n
melaleuca alternifolia leaf,Melaleuca alternifolia leaf,,,openfda,,n
melatonin,Melatonin,cyp1a2_substrate,,janaushadhi,,n
melia azadirachta leaf,Melia azadirachta leaf,,,openfda,,n
melitracen,Melitracen,antidepressant_tca|anticholinergic,,janaushadhi|manual,,n
meloxicam,Meloxicam,nsaid|nephrotoxic|cyp2c9_substrate,Nonsteroidal Anti-inflammatory Drug,openfda|janaushadhi|manual,Qamzova|Xifyrm|Zybic,n
melphalan,Melphalan,anticancer,Alkylating Drug,openfda|nlem,Evomela|Ivra,y
memantine,Memantine,,N-methyl-D-aspartate Receptor Antagonist,openfda|janaushadhi,,n
menaquinone-7,Menaquinone-7,,,openfda,,n
mentha arvensis leaf,Mentha arvensis leaf,,,openfda,,n
mentha arvensis leaf oil,Mentha arvensis leaf oil,,,openfda,,n
mentha piperita (peppermint) leaf,Mentha piperita (peppermint) leaf,,,openfda,,n
mentha piperita leaf,Mentha piperita leaf,,,openfda,,n
menthol,Menthol,,,openfda|janaushadhi,,n
menthol (+)-,Menthol (+)-,,,openfda,,n
menthol glucuronide,Menthol glucuronide,,,openfda,,n
menthyl salicylate (+/-)-,Menthyl salicylate (+/-)-,,,openfda,,n
meperidine,Meperidine,opioid,Opioid Agonist,openfda|manual,Demerol,n
mepivacaine,Mepivacaine,,Amide Local Anesthetic,openfda,,n
mepolizumab,Mepolizumab,,Interleukin-5 Antagonist,openfda,Nucala,n
meprobamate,Meprobamate,sedative_hypnotic,,openfda|manual,,n
meradimate,Meradimate,,,openfda,,n
mercaptopurine,Mercaptopurine,immunosuppressant|anticancer,Nucleoside Metabolic Inhibitor,openfda|nlem|manual,,y
meropenem,Meropenem,antibiotic_other,Penem Antibacterial,openfda|nlem|janaushadhi,,y
mesalamine,Mesalamine (mesalazine),,Aminosalicylate,openfda|nlem|janaushadhi,Pentasa|Apriso|Canasa,y
mesna,Mesna,,Cytoprotective Agent,openfda|nlem,Mesnex,y
metadoxine,Metadoxine,,,janaushadhi,,n
metaxalone,Metaxalone,,Muscle Relaxant,openfda|janaushadhi,,n
metformin,Metformin,antidiabetic_other,Biguanide,openfda|nlem|janaushadhi|manual,Glumetza|Riomet,y
methacholine,Methacholine,,Cholinergic Receptor Agonist,openfda,Provocholine,n
methadone,Methadone,opioid,Opioid Agonist,openfda|manual,Diskets|Methadose,n
methamphetamine,Methamphetamine,,Amphetamine Anorectic|Central Nervous System Stimulant,openfda,,n
methazolamide,Methazolamide,,,openfda,,n
methenamine,Methenamine,,,openfda,,n
methimazole,Methimazole,antithyroid,Thyroid Hormone Synthesis Inhibitor,openfda|janaushadhi|manual,,n
methionine,Methionine,,,openfda|janaushadhi,,n
methocarbamol,Methocarbamol,,Muscle Relaxant,openfda,Robaxin|Atmeksi,n
methohexital,Methohexital,sedative_hypnotic|anaesthesia_surgery,Barbiturate,openfda|manual,,n
methotrexate,Methotrexate,immunosuppressant|anticancer|hepatotoxic|nephrotoxic,Folate Analog Metabolic Inhibitor,openfda|nlem|janaushadhi|manual,Rasuvo|Otrexup|Jylamvo,y
methoxsalen,Methoxsalen,photosensitizing,Photoactivated Radical Generator|Psoralen,openfda|manual,,n
methoxy polyethylene glycol-epoetin beta,Methoxy polyethylene glycol-epoetin beta,,Erythropoiesis-stimulating Agent,openfda,Mircera,n
methscopolamine,Methscopolamine,anticholinergic,Anticholinergic,openfda|manual,,n
methsuximide,Methsuximide,antiepileptic,Anti-epileptic Agent,openfda,Celontin,n
methyl aminolevulinate,Methyl aminolevulinate,photosensitizing,Porphyrin Precursor,openfda|manual,,n
methyl nicotinate,Methyl nicotinate,,,openfda,,n
methyl salicylate,Methyl salicylate,,,openfda|janaushadhi,,n
methyl salicylate 2-ethylbutyrate,Methyl salicylate 2-ethylbutyrate,,,openfda,,n
methylcellulose (4000 cps),Methylcellulose (4000 cps),,,openfda,,n
methylchloroisothiazolinone,Methylchloroisothiazolinone,,,openfda,,n
methylcobalamin,Methylcobalamin (mecobalamin),,,openfda|janaushadhi,,n
methyldopa,Methyldopa,antihypertensive,Central alpha-2 Adrenergic Agonist,openfda|manual,,n
methylene bis-benzotriazolyl tetramethylbutylphenol,Methylene bis-benzotriazolyl tetramethylbutylphenol,,,openfda,,n
methylene blue,Methylene blue (methylthioninium chloride),,Oxidation-Reduction Agent,openfda|nlem,Provayblue,y
methylergonovine,Methylergonovine (methylergometrine),,Ergot Derivative,openfda|nlem,,y
methylisothiazolinone,Methylisothiazolinone,,,openfda,,n
methylnaltrexone,Methylnaltrexone,,Opioid Antagonist,openfda,Relistor,n
methylparaben,Methylparaben,,,openfda,,n
methylphenidate,Methylphenidate,,Central Nervous System Stimulant,openfda|janaushadhi,Metadate Cd|Relexxii|JORNAY PM Extended-Release,n
methylprednisolone,Methylprednisolone,corticosteroid,Corticosteroid,openfda|nlem|janaushadhi|manual,Solu-Medrol|Depo-Medrol|Medrol,y
methylsulfonylmethane,Methylsulfonylmethane,,,janaushadhi,,n
methyltestosterone,Methyltestosterone,,Androgen,openfda,,n
metoclopramide,Metoclopramide,cyp2d6_substrate,Dopamine-2 Receptor Antagonist,openfda|nlem|janaushadhi,Reglan|Gimoti,y
metolazone,Metolazone,antihypertensive|diuretic_loop_thiazide|photosensitizing,Thiazide-like Diuretic,openfda|janaushadhi|manual,,n
metoprolol,Metoprolol,antihypertensive|cyp2d6_substrate,beta-Adrenergic Blocker,openfda|nlem|janaushadhi|manual,Lopressor|Toprol Xl|Kapspargo,y
metreleptin,Metreleptin,,Leptin Analog,openfda,Myalept,n
metronidazole,Metronidazole,antibiotic_other,Nitroimidazole Antimicrobial,openfda|nlem|janaushadhi|manual,Likmez|Flagyl|Noritate,y
metyrapone,Metyrapone,,Adrenal Steroid Synthesis Inhibitor,openfda,Metopirone,n
metyrosine,Metyrosine,,Catecholamine Synthesis Inhibitor,openfda,Demser,n
mexiletine,Mexiletine,antiarrhythmic,Antiarrhythmic,openfda|manual,,n
micafungin,Micafungin,,Echinocandin Antifungal,openfda,,n
miconazole,Miconazole,,Azole Antifungal,openfda|janaushadhi,Monistat 3 3 Day|Oravig,n
microcrystalline cellulose,Microcrystalline cellulose,,,openfda,,n
midazolam,Midazolam,sedative_hypnotic|anaesthesia_surgery|cyp3a4_substrate_narrow,Benzodiazepine,openfda|nlem|janaushadhi|manual,Nayzilam|N/A,y
midodrine,Midodrine,,alpha-Adrenergic Agonist,openfda|janaushadhi,,n
midostaurin,Midostaurin,anticancer,Kinase Inhibitor,openfda,,n
mifepristone,Mifepristone,,Progestin Antagonist,openfda|nlem|janaushadhi,Korlym,y
migalastat,Migalastat,,,openfda,Galafold,n
miglitol,Miglitol,antidiabetic_other,alpha-Glucosidase Inhibitor,openfda|manual,,n
miglustat,Miglustat,,Glucosylceramide Synthase Inhibitor|Enzyme Stabilizer,openfda,Opfolda|Zavesca,n
milnacipran,Milnacipran,antidepressant_ssri_snri,Serotonin and Norepinephrine Reuptake Inhibitor,openfda|manual,Savella,n
milrinone,Milrinone,,Phosphodiesterase 3 Inhibitor,openfda,,n
milsaperidone,Milsaperidone,cyp2d6_substrate,,openfda,Bysanti,n
miltefosine,Miltefosine,,Antileishmanial,openfda|nlem,Impavido,y
mineral oil,Mineral oil (paraffin),,,openfda|janaushadhi,,n
minocycline,Minocycline,antibiotic_chelating|photosensitizing,Tetracycline-class Drug,openfda|janaushadhi|manual,Amzeeq|Arestin|Emrosi,n
minoxidil,Minoxidil,antihypertensive,Arteriolar Vasodilator,openfda|janaushadhi|manual,Womens Rogaine Unscented|Mens Rogaine Extra Strength Unscented,n
mint,Mint,,,openfda,,n
mirabegron,Mirabegron,cyp2d6_substrate,beta3-Adrenergic Agonist,openfda|janaushadhi,Myrbetriq,n
mirdametinib,Mirdametinib,anticancer,Kinase Inhibitor,openfda,Gomekli,n
mirikizumab,Mirikizumab,,Interleukin-23 Antagonist,openfda,Omvoh,n
mirtazapine,Mirtazapine,,,openfda|janaushadhi,Remeronsoltab|Remeron,n
mirvetuximab soravtansine,Mirvetuximab soravtansine,,,openfda,Elahere,n
misoprostol,Misoprostol,,Prostaglandin E1 Analog,openfda|nlem|janaushadhi,Cytotec,y
mitapivat,Mitapivat,,Pyruvate Kinase Activator,openfda,Pyrukynd|Aqvesme,n
mitomycin,Mitomycin,anticancer,Alkylating Drug,openfda,,n
mitotane,Mitotane,,,openfda,Lysodren,n
mitoxantrone,Mitoxantrone,anticancer,Topoisomerase Inhibitor,openfda,,n
modafinil,Modafinil,,Sympathomimetic-like Agent,openfda|janaushadhi,Provigil,n
moexipril,Moexipril,antihypertensive|potassium_sparing,Angiotensin Converting Enzyme Inhibitor,openfda,,n
mogamulizumab,Mogamulizumab,,Chemokine Receptor Type 4 Interaction|Monoclonal Antibody,openfda,Poteligeo,n
molindone,Molindone,antipsychotic,Typical Antipsychotic,openfda,,n
momelotinib,Momelotinib,anticancer,Kinase Inhibitor,openfda,Ojjaara,n
mometasone,Mometasone,corticosteroid,Corticosteroid,openfda|janaushadhi|manual,Asmanex Hfa|Childrens Nasonex|Sinuva,n
monobasic potassium phosphate,Monobasic potassium phosphate,,,openfda,,n
monomethyl,Monomethyl,,,openfda,Bafiertam,n
montelukast,Montelukast,,Leukotriene Receptor Antagonist,openfda|nlem|janaushadhi,Singulair,y
morinda citrifolia fruit,Morinda citrifolia fruit,,,openfda,,n
moringa oleifera seed oil,Moringa oleifera seed oil,,,openfda,,n
morphine,Morphine,opioid,Opioid Agonist,openfda|nlem|manual,MS Contin|Duramorph|Infumorph 200,y
mosapride,Mosapride,,,janaushadhi,,n
mosunetuzumab,Mosunetuzumab,,,openfda,Lunsumio,n
motixafortide,Motixafortide,,,openfda,Aphexda,n
moxidectin,Moxidectin,,,openfda,,n
moxifloxacin,Moxifloxacin,antibiotic_chelating|photosensitizing,Fluoroquinolone Antibacterial|Quinolone Antimicrobial,openfda|nlem|janaushadhi|manual,Vigamox,y
moxonidine,Moxonidine,antihypertensive,,janaushadhi|manual,,n
mupirocin,Mupirocin,antibiotic_other,RNA Synthetase Inhibitor Antibacterial,openfda|nlem|janaushadhi,,y
mycophenolic acid,Mycophenolic acid (mycophenolate),immunosuppressant,Antimetabolite Immunosuppressant,openfda|nlem|janaushadhi|manual,CellCept|Myfortic|Myhibbin,y
myo-inositol,Myo-inositol,,,janaushadhi,,n
nabumetone,Nabumetone,nsaid|nephrotoxic,Nonsteroidal Anti-inflammatory Drug,openfda,,n
nadifloxacin,Nadifloxacin,antibiotic_chelating|photosensitizing,,janaushadhi|manual,,n
nadofaragene firadenovec,Nadofaragene firadenovec,,,openfda,Adstiladrin,n
nadolol,Nadolol,antihypertensive,beta-Adrenergic Blocker,openfda,,n
nafarelin,Nafarelin,,Gonadotropin Releasing Hormone Receptor Agonist,openfda,Synarel,n
nafcillin,Nafcillin,antibiotic_other,Penicillin-class Antibacterial,openfda,,n
naftifine,Naftifine,,Allylamine Antifungal,openfda|janaushadhi,Naftin,n
nalbuphine,Nalbuphine,opioid,Opioid Agonist/Antagonist,openfda|manual,,n
naldemedine,Naldemedine,,Opioid Antagonist,openfda,Symproic,n
nalidixic acid,Nalidixic acid,antibiotic_chelating|photosensitizing,,janaushadhi|manual,,n
nalmefene,Nalmefene,,Opioid Antagonist,openfda,Opvee|Zurnai,n
naloxegol,Naloxegol,cyp3a4_substrate_narrow,Opioid Antagonist,openfda,Movantik,n
naloxone,Naloxone,,Opioid Antagonist,openfda|nlem,Narcan|Kloxxado|Rezenopy,y
naltrexone,Naltrexone,,Opioid Antagonist,openfda|janaushadhi,,n
nandrolone,Nandrolone,,,janaushadhi,,n
naphazoline,Naphazoline,,,openfda,,n
naproxen,Naproxen,nsaid|nephrotoxic,Nonsteroidal Anti-inflammatory Drug,openfda|janaushadhi|manual,Aleve|Naprelan|Bayer Aleve,n
naratriptan,Naratriptan,,Serotonin-1b and Serotonin-1d Receptor Agonist,openfda,,n
narsoplimab,Narsoplimab,,,openfda,Yartemlea,n
natalizumab,Natalizumab,,Integrin Receptor Antagonist,openfda,Tyruko|Tysabri,n
natamycin,Natamycin,,Polyene Antimicrobial,openfda|nlem|janaushadhi,Natacyn,y
nateglinide,Nateglinide,antidiabetic_other|cyp2c9_substrate,Glinide,openfda|manual,,n
naxitamab,Naxitamab,anticancer,Glycolipid Disialoganglioside-directed Antibody,openfda,Danyelza,n
nebivolol,Nebivolol,antihypertensive|cyp2d6_substrate,beta-Adrenergic Blocker,openfda|janaushadhi,Bystolic,n
nedosiran,Nedosiran,,,openfda,Rivfloza,n
nefazodone,Nefazodone,antidepressant_ssri_snri,Serotonin Reuptake Inhibitor,openfda,,n
nelarabine,Nelarabine,anticancer,Nucleoside Metabolic Inhibitor,openfda,Arranon,n
nelfinavir,Nelfinavir,antiretroviral,Protease Inhibitor,openfda,Viracept,n
nemolizumab,Nemolizumab,,Interleukin-31 Receptor alpha Antagonist,openfda,Nemluvio,n
neomycin,Neomycin,antibiotic_other|nephrotoxic,Aminoglycoside Antibacterial,openfda|janaushadhi,,n
neostigmine,Neostigmine,,Cholinesterase Inhibitor,openfda|nlem|janaushadhi,Bloxiverz,y
nepafenac,Nepafenac,nsaid,Nonsteroidal Anti-inflammatory Drug,openfda|janaushadhi,Ilevro|Nevanac,n
nerandomilast,Nerandomilast,,,openfda,Jascayd,n
neratinib,Neratinib,anticancer,Kinase Inhibitor,openfda,Nerlynx,n
netarsudil,Netarsudil,,Rho Kinase Inhibitor,openfda,Rhopressa,n
netupitant,Netupitant,,Substance P/Neurokinin-1 Receptor Antagonist,openfda,,n
nevirapine,Nevirapine,antiretroviral|hepatotoxic,Human Immunodeficiency Virus 1 Non-Nucleoside Analog Reverse Transcriptase Inhibitor,openfda|nlem|manual,,y
niacin,Niacin,,Nicotinic Acid,openfda,,n
niacinamide,Niacinamide (nicotinamide),,,openfda|janaushadhi,,n
nicardipine,Nicardipine,antihypertensive,Dihydropyridine Calcium Channel Blocker,openfda,Cardene Iv,n
nicorandil,Nicorandil,nitrate_pde5,,janaushadhi|manual,,n
nicotine,Nicotine,,Cholinergic Nicotinic Agonist,openfda|nlem|janaushadhi,Nicorette|Nicoderm Cq|Habitrol Step 3,y
nifedipine,Nifedipine,antihypertensive,Dihydropyridine Calcium Channel Blocker,openfda|nlem|janaushadhi,Procardia XL,y
nifurtimox,Nifurtimox,,,openfda,Lampit,n
nilotinib,Nilotinib,anticancer,Kinase Inhibitor,openfda,Tasigna|Cavhanza|Danziten,n
nilutamide,Nilutamide,anticancer,Androgen Receptor Inhibitor,openfda,,n
nimesulide,Nimesulide,nsaid|hepatotoxic|nephrotoxic,,janaushadhi|manual,,n
nimodipine,Nimodipine,antihypertensive,Dihydropyridine Calcium Channel Blocker,openfda|janaushadhi,Nymalize,n
nintedanib,Nintedanib,,Kinase Inhibitor,openfda|janaushadhi,Ofev,n
nipocalimab,Nipocalimab,,,openfda,Imaavy,n
niraparib,Niraparib,anticancer,Poly(ADP-Ribose) Polymerase Inhibitor,openfda,Zejula,n
nirogacestat,Nirogacestat,,Gamma Secretase Inhibitor,openfda,Ogsiveo,n
nirsevimab,Nirsevimab,,Respiratory Syncytial Virus Anti-F Protein Monoclonal Antibody,openfda,Beyfortus,n
nisoldipine,Nisoldipine,antihypertensive|cyp3a4_substrate_narrow,Dihydropyridine Calcium Channel Blocker,openfda,Sular,n
nitazoxanide,Nitazoxanide,,Antiprotozoal,openfda|janaushadhi,,n
nitisinone,Nitisinone,,4-Hydroxyphenyl-Pyruvate Dioxygenase Inhibitor,openfda,Orfadin|Nityr|Harliku,n
nitrazepam,Nitrazepam,sedative_hypnotic,,janaushadhi|manual,,n
nitric oxide,Nitric oxide,,Vasodilator,openfda,Genosyl|Inomax,n
nitrofurantoin,Nitrofurantoin,antibiotic_other,Nitrofuran Antibacterial,openfda|nlem|janaushadhi|manual,Macrobid,y
nitrogen,Nitrogen,,,openfda,,n
nitroglycerin,Nitroglycerin (glyceryl trinitrate),nitrate_pde5,Nitrate Vasodilator,openfda|nlem|janaushadhi|manual,Nitrostat|Nitro-Dur|Nitrolingual,y
nitrous oxide,Nitrous oxide,anaesthesia_surgery,,openfda|nlem|manual,,y
nivolumab,Nivolumab,anticancer,Programmed Death Receptor-1 Blocking Antibody,openfda,Opdivo,n
nizatidine,Nizatidine,ppi_antacid,Histamine-2 Receptor Antagonist,openfda|manual,,n
nogapendekin alfa inbakicept-pmln,Nogapendekin alfa inbakicept-pmln,,Interleukin-15 Receptor Agonist,openfda,Anktiva,n
nonivamide,Nonivamide,,,openfda,,n
nonoxynol-9,Nonoxynol-9,,,openfda,,n
norelgestromin,Norelgestromin,,,openfda,,n
norepinephrine,Norepinephrine (noradrenaline),,Catecholamine,openfda|nlem,Levophed,y
norethindrone,Norethindrone (norethisterone),hormonal_contraceptive_estrogen,Progestin,openfda|nlem|janaushadhi|manual,Nora BE,y
norfloxacin,Norfloxacin,antibiotic_chelating|photosensitizing,,janaushadhi|manual,,n
norgestrel,Norgestrel,,,openfda,Opill|Daily Oral Contraceptive,n
nortriptyline,Nortriptyline,antidepressant_tca|cyp2d6_substrate|anticholinergic,Tricyclic Antidepressant,openfda|janaushadhi|manual,Pamelor,n
noscapine,Noscapine,,,janaushadhi,,n
nusinersen,Nusinersen,,Antisense Oligonucleotide|Survival Motor Neuron-2-directed RNA Interaction,openfda,Spinraza,n
nutmeg,Nutmeg,,Non-Standardized Food Allergenic Extract|Non-Standardized Plant Allergenic Extract,openfda,,n
nvx-cov2928,Nvx-cov2928,,,openfda,Nuvaxovid 2026-27,n
nystatin,Nystatin,,Polyene Antifungal,openfda|nlem,,y
oatmeal,Oatmeal,,Non-Standardized Food Allergenic Extract|Non-Standardized Plant Allergenic Extract,openfda,,n
obeticholic acid,Obeticholic acid,hepatotoxic,,janaushadhi|manual,,n
obiltoxaximab,Obiltoxaximab,,Anthrax Protective Antigen-directed Antibody,openfda,Anthim,n
obinutuzumab,Obinutuzumab,,CD20-directed Cytolytic Antibody,openfda,Gazyva,n
ocrelizumab,Ocrelizumab,,CD20-directed Cytolytic Antibody,openfda,Ocrevus,n
octinoxate,Octinoxate,,,openfda,,n
octisalate,Octisalate,,,openfda,,n
octocrylene,Octocrylene,,,openfda,,n
octreotide,Octreotide,,Somatostatin Analog,openfda|janaushadhi,Mycapssa|Sandostatin|BYNFEZIA Pen,n
odesivimab,Odesivimab,,,openfda,,n
odevixibat,Odevixibat,,Ileal Bile Acid Transporter Inhibitor,openfda,Bylvay,n
ofatumumab,Ofatumumab,,CD20-directed Cytolytic Antibody,openfda,Kesimpta,n
ofloxacin,Ofloxacin,antibiotic_chelating|photosensitizing,Quinolone Antimicrobial,openfda|janaushadhi|manual,Ocuflox,n
olanzapine,Olanzapine,antipsychotic,Atypical Antipsychotic,openfda|janaushadhi|manual,Zyprexa,n
olaparib,Olaparib,anticancer,Poly(ADP-Ribose) Polymerase Inhibitor,openfda|janaushadhi,Lynparza,n
olea europaea (olive) fruit oil,Olea europaea (olive) fruit oil,,,openfda,,n
olezarsen,Olezarsen,,APOC-III-directed RNA Interaction|Antisense Oligonucleotide,openfda,Tryngolza,n
oliceridine,Oliceridine,cyp2d6_substrate,,openfda,Olinvyk,n
olipudase alfa,Olipudase alfa,,,openfda,Xenpozyme,n
olive oil,Olive oil,,,openfda,,n
olmesartan,Olmesartan,antihypertensive|potassium_sparing,Angiotensin 2 Receptor Blocker,openfda|janaushadhi|manual,Benicar,n
olodaterol,Olodaterol,,beta2-Adrenergic Agonist,openfda,Striverdi Respimat,n
olopatadine,Olopatadine,,Histamine-1 Receptor Inhibitor|Histamine-1 Receptor Antagonist|Mast Cell Stabilizer,openfda|janaushadhi,Pataday Once Daily Relief,n
olsalazine,Olsalazine,,Aminosalicylate,openfda,Dipentum,n
olutasidenib,Olutasidenib,,,openfda,Rezlidhia,n
omadacycline,Omadacycline,antibiotic_chelating|photosensitizing,Tetracycline-class Antibacterial,openfda,Nuzyra,n
omalizumab,Omalizumab,,Anti-IgE,openfda,Omlyclo|Xolair,n
omaveloxolone,Omaveloxolone,,,openfda,Skyclarys,n
omega-3-acid ethyl esters,Omega-3-acid ethyl esters,,Omega-3 Fatty Acid,openfda,,n
omeprazole,Omeprazole,ppi_antacid|cyp2c19_substrate,Proton Pump Inhibitor,openfda|nlem|janaushadhi|manual,Prilosec OTC,y
omidenepag isopropyl,Omidenepag isopropyl,,Prostaglandin E2 Receptor Agonist,openfda,Omlonti,n
onasemnogene abeparvovec,Onasemnogene abeparvovec,,,openfda,Itvisma,n
ondansetron,Ondansetron,,Serotonin-3 Receptor Antagonist,openfda|nlem|janaushadhi,,y
opicapone,Opicapone,antiparkinson_levodopa,Catechol-O-Methyltransferase Inhibitor,openfda|manual,Ongentys,n
oral poliomyelitis vaccine,Oral poliomyelitis vaccine,,,nlem,,y
oral rehydration salts,Oral rehydration salts,,,nlem|janaushadhi,,y
orforglipron,Orforglipron,antidiabetic_other,GLP-1 Receptor Agonist,openfda,Foundayo,n
oritavancin,Oritavancin,antibiotic_other,Lipoglycopeptide Antibacterial,openfda,Kimyrsa|Orbactiv,n
orlistat,Orlistat,,Intestinal Lipase Inhibitor,openfda|janaushadhi,Alli|Xenical,n
ormeloxifene,Ormeloxifene (centchroman),hormonal_contraceptive_estrogen,,nlem|manual,,y
ornidazole,Ornidazole,antibiotic_other,,janaushadhi|manual,,n
orphenadrine,Orphenadrine,anticholinergic,Muscle Relaxant,openfda|manual,,n
oryza sativa (rice) seed oil,Oryza sativa (rice) seed oil,,,openfda,,n
oseltamivir,Oseltamivir,pgp_substrate,Neuraminidase Inhibitor,openfda|janaushadhi,Tamiflu,n
osilodrostat,Osilodrostat,,Cortisol Synthesis Inhibitor,openfda,Isturisa,n
osimertinib,Osimertinib,anticancer,Kinase Inhibitor,openfda,Tagrisso,n
ospemifene,Ospemifene,hormonal_contraceptive_estrogen,Estrogen Agonist/Antagonist,openfda,Osphena,n
oteseconazole,Oteseconazole,,Azole Antifungal,openfda,Vivjoa,n
oxaceprol,Oxaceprol,,,janaushadhi,,n
oxacillin,Oxacillin,antibiotic_other,Penicillin-class Antibacterial,openfda,,n
oxaliplatin,Oxaliplatin,anticancer,Platinum-based Drug,openfda|nlem|janaushadhi,,y
oxaprozin,Oxaprozin,nsaid|nephrotoxic,Nonsteroidal Anti-inflammatory Drug,openfda,Coxanto,n
oxazepam,Oxazepam,sedative_hypnotic,Benzodiazepine,openfda,,n
oxcarbazepine,Oxcarbazepine,antiepileptic,Anti-epileptic Agent,openfda|janaushadhi|manual,Trileptal|Oxtellar Xr,n
oxetacaine,Oxetacaine,,,janaushadhi,,n
oxiconazole,Oxiconazole,,Azole Antifungal,openfda,Oxistat,n
oxidronate,Oxidronate,,,openfda,Technescan HDP,n
oxybenzone,Oxybenzone,,,openfda,,n
oxybutynin,Oxybutynin,anticholinergic,Cholinergic Muscarinic Antagonist,openfda|janaushadhi|manual,Oxytrol,n
oxycodone,Oxycodone,opioid,Opioid Agonist,openfda|manual,OxyContin|Xtampza Er|RoxyBond,n
oxygen,Oxygen,,,openfda|nlem|janaushadhi,Medical Air|Air Compressed,y
oxymetazoline,Oxymetazoline,,Vasoconstrictor,openfda|janaushadhi,Rhofade|Upneeq,n
oxymorphone,Oxymorphone,opioid,Opioid Agonist,openfda,,n
oxytocin,Oxytocin,,Oxytocic,openfda|nlem,Pitocin,y
ozanimod,Ozanimod,immunosuppressant,Sphingosine 1-phosphate Receptor Modulator,openfda,ZEPOSIA 7-Day Starter Pack,n
ozenoxacin,Ozenoxacin,,,janaushadhi,,n
paclitaxel,Paclitaxel,anticancer|pgp_substrate,Microtubule Inhibitor,openfda|nlem|janaushadhi,Abraxane,y
pacritinib,Pacritinib,anticancer,Kinase Inhibitor,openfda,Vonjo,n
padimate o,Padimate o,,,openfda,,n
pafolacianine,Pafolacianine,,Optical Imaging Agent,openfda,Cytalux,n
palbociclib,Palbociclib,anticancer,Kinase Inhibitor,openfda,Ibrance,n
palifermin,Palifermin,,Mucocutaneous Epithelial Cell Growth Factor,openfda,Kepivance,n
paliperidone,Paliperidone,antipsychotic,Atypical Antipsychotic,openfda|manual,Erzofri extended-release|Invega Sustenna,n
palm kernel oil,Palm kernel oil,,,openfda,,n
palmitic acid,Palmitic acid,,,openfda,,n
palonosetron,Palonosetron,,Serotonin-3 Receptor Antagonist,openfda,posfrea,n
palopegteriparatide,Palopegteriparatide,,Parathyroid Hormone Analog,openfda,Yorvipath,n
palovarotene,Palovarotene,photosensitizing,Retinoid,openfda,Sohonos,n
paltusotine,Paltusotine,,,openfda,Palsonify,n
pamabrom,Pamabrom,,,openfda,,n
pamidronate,Pamidronate,,Bisphosphonate,openfda,,n
panax ginseng root,Panax ginseng root,,,openfda,,n
panax ginseng root oil,Panax ginseng root oil,,,openfda,,n
panax notoginseng root,Panax notoginseng root,,,openfda,,n
pancreatin,Pancreatin,,,janaushadhi,,n
pancrelipase amylase,Pancrelipase amylase,,,openfda,,n
pancrelipase lipase,Pancrelipase lipase,,,openfda,,n
pancrelipase protease,Pancrelipase protease,,,openfda,,n
panitumumab,Panitumumab,anticancer,Epidermal Growth Factor Receptor Antagonist,openfda|janaushadhi,Vectibix,n
panthenol,Panthenol,,,openfda,,n
pantoprazole,Pantoprazole,ppi_antacid|cyp2c19_substrate,Proton Pump Inhibitor,openfda|nlem|janaushadhi|manual,Protonix I.V.,y
papain,Papain,,,janaushadhi,,n
papaver rhoeas flower,Papaver rhoeas flower,,,openfda,,n
paradichlorobenzene,Paradichlorobenzene,,,janaushadhi,,n
paricalcitol,Paricalcitol,,Vitamin D2 Analog|Vitamin D Analog|Vitamin D3 Analog,openfda,Zemplar,n
paromomycin,Paromomycin,,Antiprotozoal,openfda|nlem,,y
paroxetine,Paroxetine,antidepressant_ssri_snri|cyp2d6_substrate,Serotonin Reuptake Inhibitor,openfda|janaushadhi|manual,Paxil|Brisdelle,n
pasireotide,Pasireotide,,Somatostatin Analog,openfda,Signifor,n
patiromer,Patiromer,,Potassium Binder,openfda,Veltassa,n
patisiran,Patisiran,,Small Interfering RNA|Transthyretin-directed RNA Interaction,openfda,Onpattro,n
pazopanib,Pazopanib,anticancer|hepatotoxic,Kinase Inhibitor,openfda|janaushadhi|manual,Votrient,n
peach,Peach,,,openfda,,n
pearl (hyriopsis cumingii),Pearl (hyriopsis cumingii),,,openfda,,n
pectin,Pectin,,,openfda,,n
peg/ppg-20/6 dimethicone,Peg/ppg-20/6 dimethicone,,,openfda,,n
pegaspargase,Pegaspargase,,Asparagine-specific Enzyme,openfda,Oncaspar,n
pegcetacoplan,Pegcetacoplan,,Complement Inhibitor,openfda,Empaveli|Syfovre,n
pegfilgrastim,Pegfilgrastim,,Leukocyte Growth Factor,openfda,Udenyca|Stimufend|Neulasta,n
peginterferon alfa-2a,Peginterferon alfa-2a,,Interferon alpha,openfda,Pegasys,n
peginterferon beta-1a,Peginterferon beta-1a,,Interferon beta,openfda,Plegridy,n
pegloticase,Pegloticase,,Uric Acid-specific Enzyme,openfda,Krystexxa,n
pegulicianine,Pegulicianine,,,openfda,Lumisight,n
pegunigalsidase alfa,Pegunigalsidase alfa,,Hydrolytic Lysosomal Neutral Glycosphingolipid-specific Enzyme,openfda,Elfabrio,n
pegvaliase,Pegvaliase,,Phenylalanine Metabolizing Enzyme,openfda,Palynziq,n
pegzilarginase,Pegzilarginase,,,openfda,Loargys,n
pembrolizumab,Pembrolizumab,anticancer,Programmed Death Receptor-1 Blocking Antibody,openfda,Keytruda,n
pemetrexed,Pemetrexed,anticancer,Folate Analog Metabolic Inhibitor,openfda|janaushadhi,Pemfexy|Pemrydi Rtu|Alimta,n
pemigatinib,Pemigatinib,anticancer,Kinase Inhibitor,openfda,Pemazyre,n
pemivibart,Pemivibart,,,openfda,,n
penciclovir,Penciclovir,,Herpesvirus Nucleoside Analog DNA Polymerase Inhibitor,openfda,Denavir,n
penicillamine,Penicillamine,,Antirheumatic Agent,openfda|nlem,Cuprimine|Depen,y
penicillin g,Penicillin g (benzylpenicillin),antibiotic_other,Penicillin-class Antibacterial,openfda|nlem,,y
penicillin g benzathine,Penicillin g benzathine,antibiotic_other,Penicillin-class Antibacterial,openfda|nlem,Bicillin L-A,y
penicillin g procaine,Penicillin g procaine,,,openfda|nlem,,y
penicillin v,Penicillin v,antibiotic_other,Penicillin-class Antibacterial,openfda|nlem,,y
penpulimab,Penpulimab,,,openfda,,n
pentaerythritol tetrakis(3-(3 5-di-tert-butyl-4-hydroxyphenyl)propionate),Pentaerythritol tetrakis(3-(3 5-di-tert-butyl-4-hydroxyphenyl)propionate),,,openfda,,n
pentamidine,Pentamidine,nephrotoxic,Antiprotozoal,openfda|manual,NebuPent|Pentam 300,n
pentamidine diisethionate,Pentamidine diisethionate,,Antiprotozoal,openfda,,n
pentazocine,Pentazocine,opioid,Partial Opioid Agonist/Antagonist,openfda|janaushadhi|manual,,n
pentetic acid,Pentetic acid,,Lead Chelator,openfda,Draximage Dtpa,n
pentobarbital,Pentobarbital,,,openfda,,n
pentosan polysulfate,Pentosan polysulfate,,Glycosaminoglycan,openfda,Elmiron,n
pentostatin,Pentostatin,anticancer,Nucleoside Metabolic Inhibitor,openfda,Nipent,n
pentoxifylline,Pentoxifylline,,Blood Viscosity Reducer,openfda,Trental,n
pentoxyverine,Pentoxyverine,,,openfda,,n
peppermint,Peppermint,,Non-Standardized Food Allergenic Extract|Non-Standardized Plant Allergenic Extract,openfda,,n
peppermint oil,Peppermint oil,,,openfda|janaushadhi,,n
pepsin,Pepsin,,,janaushadhi,,n
peptide-t,Peptide-t,,,openfda,,n
perampanel,Perampanel,antiepileptic,Noncompetitive AMPA Glutamate Receptor Antagonist,openfda|janaushadhi|manual,Fycompa,n
perfluorohexyloctane,Perfluorohexyloctane,,Semifluorinated Alkane,openfda,Miebo,n
perflutren,Perflutren,,Contrast Agent for Ultrasound Imaging,openfda,Definity,n
perindopril,Perindopril,antihypertensive|potassium_sparing,Angiotensin Converting Enzyme Inhibitor,openfda|janaushadhi|manual,,n
perlite,Perlite,,,openfda,,n
permethrin,Permethrin,,Pyrethroid,openfda|nlem|janaushadhi,Elimite|Nix,y
perphenazine,Perphenazine,antipsychotic|cyp2d6_substrate,Phenothiazine,openfda|manual,,n
persea gratissima (avocado) oil,Persea gratissima (avocado) oil,,,openfda,,n
pertuzumab,Pertuzumab,anticancer,HER2/neu Receptor Antagonist,openfda,Perjeta,n
petrolatum,Petrolatum,,,openfda,,n
pexidartinib,Pexidartinib,anticancer|hepatotoxic,Kinase Inhibitor,openfda|manual,Turalio,n
phellodendron amurense bark,Phellodendron amurense bark,,,openfda,,n
phenazopyridine,Phenazopyridine,,,openfda,,n
phendimetrazine,Phendimetrazine,,Sympathomimetic Amine Anorectic,openfda,,n
phenelzine,Phenelzine,antidepressant_maoi,Monoamine Oxidase Inhibitor,openfda|manual,Nardil,n
pheniramine,Pheniramine,anticholinergic,,openfda|nlem|janaushadhi|manual,,y
phenobarbital,Phenobarbital (phenobarbitone),sedative_hypnotic|antiepileptic,,openfda|nlem|janaushadhi|manual,Sezaby,y
phenol,Phenol,,,openfda,,n
phenoxybenzamine,Phenoxybenzamine,antihypertensive,alpha-Adrenergic Blocker,openfda,,n
phenoxyethanol,Phenoxyethanol,,,openfda,,n
phentermine,Phentermine,,Sympathomimetic Amine Anorectic,openfda,,n
phentolamine,Phentolamine,antihypertensive,alpha-Adrenergic Blocker,openfda,Oraverse|Ryzumvi,n
phenylalanine,Phenylalanine,,,openfda,,n
phenylbenzimidazole sulfonic acid,Phenylbenzimidazole sulfonic acid,,,openfda,,n
phenylephrine,Phenylephrine,,alpha-1 Adrenergic Agonist,openfda|nlem|janaushadhi,Biorphen|Immphentiv,y
phenylephrine hydrochloride (+/-)-,Phenylephrine hydrochloride (+/-)-,,,openfda,,n
phenytoin,Phenytoin,antiepileptic|cyp2c9_substrate,Anti-epileptic Agent,openfda|nlem|janaushadhi|manual,Dilantin-125,y
phosphatidyl serine,Phosphatidyl serine,,,openfda,,n
phthalimidoperoxycaproic acid,Phthalimidoperoxycaproic acid,,,openfda,,n
physalis alkekengi fruit,Physalis alkekengi fruit,,,openfda,,n
phytonadione,Phytonadione (phytomenadione),,Vitamin K|Warfarin Reversal Agent,openfda|nlem|janaushadhi,,y
pibrentasvir,Pibrentasvir,,,openfda,,n
pilocarpine,Pilocarpine,,Cholinergic Receptor Agonist,openfda|nlem|janaushadhi,Salagen|Qlosi,y
pimavanserin,Pimavanserin,antipsychotic,Atypical Antipsychotic,openfda,Nuplazid,n
pimecrolimus,Pimecrolimus,immunosuppressant,Calcineurin Inhibitor Immunosuppressant,openfda,,n
pimozide,Pimozide,antipsychotic|cyp3a4_substrate_narrow|cyp2d6_substrate,Typical Antipsychotic,openfda|manual,,n
pindolol,Pindolol,antihypertensive,beta-Adrenergic Blocker,openfda,,n
pioglitazone,Pioglitazone,antidiabetic_other,Peroxisome Proliferator Receptor alpha Agonist|Peroxisome Proliferator Receptor gamma Agonist|Thiazolidinedione,openfda|janaushadhi|manual,Actos,n
piper methysticum root,Piper methysticum root,,,openfda,,n
piper nigrum (pepper) seed oil,Piper nigrum (pepper) seed oil,,,openfda,,n
piperacillin,Piperacillin,,,openfda|nlem|janaushadhi,,y
piperonyl butoxide,Piperonyl butoxide,,,openfda,,n
piracetam,Piracetam,,,janaushadhi,,n
pirfenidone,Pirfenidone,cyp1a2_substrate|photosensitizing,Pyridone,openfda|janaushadhi|manual,Esbriet,n
piroctone,Piroctone,,,openfda,,n
piroxicam,Piroxicam,nsaid|nephrotoxic|cyp2c9_substrate,Nonsteroidal Anti-inflammatory Drug,openfda|janaushadhi|manual,,n
pirtobrutinib,Pirtobrutinib,anticancer,Kinase Inhibitor,openfda,Jaypirca,n
pitavastatin,Pitavastatin,statin,HMG-CoA Reductase Inhibitor,openfda|manual,Zypitamag|Livalo,n
pitolisant,Pitolisant,cyp2d6_substrate,Histamine-3 Receptor Antagonist/Inverse Agonist,openfda,Wakix,n
pivekimab sunirine,Pivekimab sunirine,,,openfda,Decnupaz,n
pivmecillinam,Pivmecillinam,,,openfda,Pivya,n
plasma protein fraction (human),Plasma protein fraction (human),,,openfda,Octaplas,n
plasminogen,Plasminogen,,,openfda|janaushadhi,Ryplazim,n
platycladus orientalis leaf,Platycladus orientalis leaf,,,openfda,,n
platycladus orientalis seed,Platycladus orientalis seed,,,openfda,,n
plazomicin,Plazomicin,,,openfda,,n
plecanatide,Plecanatide,,Guanylate Cyclase-C Agonist,openfda,Trulance Immediate release,n
pleione bulbocodioides whole,Pleione bulbocodioides whole,,,openfda,,n
plerixafor,Plerixafor,,Hematopoietic Stem Cell Mobilizer,openfda,Mozobil,n
plozasiran,Plozasiran,,APOC-III-directed RNA Interaction|Small Interfering RNA,openfda,Redemplo,n
podofilox,Podofilox,,,openfda,Condylox,n
podophyllin resin,Podophyllin resin,,,nlem,,y
polatuzumab vedotin,Polatuzumab vedotin,,,openfda,Polivy,n
polidocanol,Polidocanol,,Sclerosing Agent,openfda,Asclera,n
polihexanide,Polihexanide,,,openfda,,n
polyaminopropyl biguanide,Polyaminopropyl biguanide,,,openfda,,n
polyethylene,Polyethylene,,Osmotic Laxative,openfda|janaushadhi,MiraLAX,n
polyglyceryl-4 isostearate,Polyglyceryl-4 isostearate,,,openfda,,n
polygonatum multiflorum root,Polygonatum multiflorum root,,,openfda,,n
polygonatum odoratum root,Polygonatum odoratum root,,,openfda,,n
polygonum cuspidatum root,Polygonum cuspidatum root,,,openfda,,n
polymyxin b,Polymyxin b,antibiotic_other|nephrotoxic,Polymyxin-class Antibacterial,openfda|janaushadhi|manual,,n
polyoxyl 35 castor oil,Polyoxyl 35 castor oil,,,openfda,,n
polyoxyl 40 hydrogenated castor oil,Polyoxyl 40 hydrogenated castor oil,,,openfda,,n
polysilicone-15,Polysilicone-15,,,openfda,,n
polysorbate,Polysorbate,,,openfda|janaushadhi,,n
polyvinyl alcohol,Polyvinyl alcohol,,,openfda,,n
pomalidomide,Pomalidomide,anticancer,Thalidomide Analog,openfda|janaushadhi,Pomalyst,n
ponatinib,Ponatinib,anticancer,Kinase Inhibitor,openfda,Iclusig,n
ponesimod,Ponesimod,immunosuppressant,Sphingosine 1-phosphate Receptor Modulator,openfda,Ponvory,n
poractant alfa,Poractant alfa,,Surfactant,openfda,Curosurf,n
porfimer,Porfimer,photosensitizing,Photoactivated Radical Generator,openfda|manual,Photofrin,n
pork collagen,Pork collagen,,,openfda,,n
portulaca oleracea seed,Portulaca oleracea seed,,,openfda,,n
posaconazole,Posaconazole,,Azole Antifungal,openfda,Noxafil,n
potassium,Potassium,,,openfda|janaushadhi,,n
potassium acetate,Potassium acetate,iron_mineral_supplement,Osmotic Laxative|Potassium Salt,openfda,,n
potassium bicarbonate,Potassium bicarbonate,iron_mineral_supplement,Osmotic Laxative|Potassium Salt,openfda,,n
potassium bitartrate,Potassium bitartrate,iron_mineral_supplement,Potassium Salt,openfda,,n
potassium chlorate,Potassium chlorate,,,openfda,,n
potassium chloride,Potassium chloride,iron_mineral_supplement,Osmotic Laxative|Potassium Salt,openfda|nlem|manual,Pokonza|Klor-Con,y
potassium citrate,Potassium citrate,iron_mineral_supplement,Anti-coagulant|Calculi Dissolution Agent,openfda|janaushadhi|manual,Urocit-K,n
potassium iodide,Potassium iodide,,,openfda|janaushadhi,Iosat,n
potassium nitrate,Potassium nitrate,,,openfda|janaushadhi,,n
potassium nitrite,Potassium nitrite,,,openfda,,n
potassium oxybate,Potassium oxybate,,,openfda,,n
potassium permanganate,Potassium permanganate,,,nlem,,y
potassium phosphate dibasic,Potassium phosphate dibasic,,,openfda,,n
potassium phosphate monobasic,Potassium phosphate monobasic,,,openfda,,n
potassium phosphate unspecified form,Potassium phosphate unspecified form,,,openfda,,n
potassium sulfate,Potassium sulfate,iron_mineral_supplement,Osmotic Laxative|Potassium Salt,openfda,,n
povidone,Povidone,,,openfda,,n
povidone-iodine,Povidone-iodine (povidone iodine),,Antiseptic,openfda|nlem|janaushadhi,Betadine,y
powdered cellulose,Powdered cellulose,,,openfda,,n
pozelimab,Pozelimab,,Complement Inhibitor,openfda,Veopoz,n
prademagene zamikeracel,Prademagene zamikeracel,,,openfda,Zevaskyn,n
pralatrexate,Pralatrexate,anticancer,Folate Analog Metabolic Inhibitor,openfda,Folotyn,n
pralidoxime,Pralidoxime,,Cholinesterase Reactivator,openfda|nlem,,y
pralsetinib,Pralsetinib,anticancer|cyp3a4_substrate_narrow,Kinase Inhibitor,openfda,Gavreto,n
pramipexole,Pramipexole,antiparkinson_levodopa,Nonergot Dopamine Agonist,openfda|janaushadhi|manual,,n
pramlintide,Pramlintide,antidiabetic_other,Amylin Analog,openfda,SymlinPen,n
pramoxine,Pramoxine,,,openfda,,n
prasterone,Prasterone,,,openfda,Intrarosa,n
prasugrel,Prasugrel,antiplatelet,P2Y12 Platelet Inhibitor,openfda|janaushadhi|manual,Effient,n
pravastatin,Pravastatin,statin,HMG-CoA Reductase Inhibitor,openfda|manual,,n
praziquantel,Praziquantel,,Anthelmintic,openfda|nlem,Biltricide,y
prazosin,Prazosin,antihypertensive,alpha-Adrenergic Blocker,openfda|janaushadhi|manual,,n
prednisolone,Prednisolone,corticosteroid,Corticosteroid,openfda|nlem|janaushadhi|manual,Orapred ODT|Pred Forte,y
prednisone,Prednisone,corticosteroid,Corticosteroid,openfda|manual,,n
pregabalin,Pregabalin,antiepileptic,,openfda|janaushadhi|manual,Lyrica,n
pretomanid,Pretomanid,antitubercular,Antimycobacterial,openfda|manual,,n
prezatide,Prezatide,,,openfda,,n
prezatide copper,Prezatide copper,,,openfda,,n
prilocaine,Prilocaine,,Amide Local Anesthetic,openfda|janaushadhi,,n
primaquine,Primaquine,,Antimalarial,openfda|nlem|janaushadhi,,y
primidone,Primidone,antiepileptic,Anti-epileptic Agent,openfda|manual,Mysoline,n
probenecid,Probenecid,,,openfda,,n
procainamide,Procainamide,antiarrhythmic,Antiarrhythmic,openfda|manual,,n
procarbazine,Procarbazine,anticancer,Alkylating Drug,openfda,Matulane,n
prochlorperazine,Prochlorperazine,antipsychotic,Phenothiazine,openfda|janaushadhi|manual,,n
procyclidine,Procyclidine,anticholinergic,,janaushadhi|manual,,n
progesterone,Progesterone,hormonal_contraceptive_estrogen,Progesterone,openfda|janaushadhi,Crinone|Prometrium|Endometrin,n
proguanil,Proguanil,,,openfda,,n
proline,Proline,,,openfda,,n
promethazine,Promethazine,anticholinergic,Phenothiazine,openfda|janaushadhi|manual,,n
propafenone,Propafenone,antiarrhythmic|cyp2d6_substrate,Antiarrhythmic,openfda|manual,,n
propanediol,Propanediol,,,openfda,,n
proparacaine,Proparacaine,,Local Anesthetic,openfda|nlem,,y
propofol,Propofol,sedative_hypnotic|anaesthesia_surgery,General Anesthetic,openfda|nlem|janaushadhi|manual,Diprivan,y
propolis wax,Propolis wax,,,openfda,,n
propranolol,Propranolol,antihypertensive|cyp2d6_substrate,beta-Adrenergic Blocker,openfda|nlem|janaushadhi,Inderal La|Hemangeol|InnoPran XL,y
propylene glycol,Propylene glycol,,,openfda|janaushadhi,,n
propylhexedrine,Propylhexedrine,,,openfda,,n
propylparaben,Propylparaben,,,openfda,,n
propylthiouracil,Propylthiouracil,antithyroid|hepatotoxic,Thyroid Hormone Synthesis Inhibitor,openfda|manual,,n
protamine,Protamine,,Heparin Reversal Agent,openfda|nlem|janaushadhi,,y
protein c,Protein c,,,openfda,,n
protein mdm4,Protein mdm4,,,openfda,,n
protein s human,Protein s human,,,openfda,,n
proteoglycan,Proteoglycan,,,openfda,,n
prothrombin,Prothrombin,,,openfda,,n
protriptyline,Protriptyline,antidepressant_tca|cyp2d6_substrate|anticholinergic,Tricyclic Antidepressant,openfda|manual,,n
prucalopride,Prucalopride,,Serotonin-4 Receptor Agonist,openfda|janaushadhi,Motegrity,n
prunus amygdalus dulcis (sweet almond) oil,Prunus amygdalus dulcis (sweet almond) oil,,,openfda,,n
prunus armeniaca (apricot) kernel extract,Prunus armeniaca (apricot) kernel extract,,,openfda,,n
pseudoephedrine,Pseudoephedrine,,alpha-Adrenergic Agonist,openfda,,n
pseudolarix amabilis bark,Pseudolarix amabilis bark,,,openfda,,n
psyllium,Psyllium (ispaghula),,,nlem|janaushadhi,,y
psyllium husk,Psyllium husk,,,openfda,,n
purslane,Purslane,,,openfda,,n
pyrantel,Pyrantel,,,openfda|janaushadhi,,n
pyrazinamide,Pyrazinamide,antitubercular|hepatotoxic,Antimycobacterial,openfda|nlem|janaushadhi|manual,,y
pyrethrum extract,Pyrethrum extract,,,openfda,,n
pyridostigmine,Pyridostigmine,,Cholinesterase Inhibitor,openfda|janaushadhi,Mestinon|Regonol,n
pyridoxal,Pyridoxal,,,openfda|janaushadhi,,n
pyridoxine,Pyridoxine,,Vitamin B6 Analog,openfda|nlem|janaushadhi,,y
pyrilamine,Pyrilamine,anticholinergic,,openfda|manual,,n
pyrimethamine,Pyrimethamine,,Dihydrofolate Reductase Inhibitor Antimalarial,openfda|nlem|janaushadhi,Daraprim,y
pyrithione zinc,Pyrithione zinc,,,openfda,,n
quazepam,Quazepam,sedative_hypnotic,Benzodiazepine,openfda,,n
quetiapine,Quetiapine,antipsychotic|cyp3a4_substrate_narrow,Atypical Antipsychotic,openfda|janaushadhi|manual,Seroquel,n
quinapril,Quinapril,antihypertensive|potassium_sparing,Angiotensin Converting Enzyme Inhibitor,openfda,,n
quinidine,Quinidine,antiarrhythmic|cyp3a4_substrate_narrow|pgp_substrate,Antiarrhythmic|Cytochrome P450 2D6 Inhibitor,openfda|manual,,n
quinine,Quinine,,Antimalarial,openfda|nlem|janaushadhi,,y
quizartinib,Quizartinib,anticancer,Kinase Inhibitor,openfda,Vanflyta,n
rabeprazole,Rabeprazole,ppi_antacid|cyp2c19_substrate,Proton Pump Inhibitor,openfda|janaushadhi|manual,Aciphex,n
rabies vaccine,Rabies vaccine,,,nlem|janaushadhi,,y
racecadotril,Racecadotril,,,janaushadhi,,n
racepinephrine,Racepinephrine,,,openfda,,n
radium ra-223 dichloride,Radium ra-223 dichloride,,Radioactive alpha-Particle Emitting Therapeutic Agent,openfda,Xofigo,n
raloxifene,Raloxifene,hormonal_contraceptive_estrogen,Estrogen Agonist/Antagonist,openfda|manual,Evista,n
raltegravir,Raltegravir,antiretroviral,Human Immunodeficiency Virus Integrase Strand Transfer Inhibitor,openfda|nlem|manual,Isentress,y
ramelteon,Ramelteon,sedative_hypnotic|cyp1a2_substrate,Melatonin Receptor Agonist,openfda|manual,Rozerem,n
ramipril,Ramipril,antihypertensive|potassium_sparing,Angiotensin Converting Enzyme Inhibitor,openfda|nlem|janaushadhi|manual,,y
ramucirumab,Ramucirumab,,Vascular Endothelial Growth Factor Receptor 2 Antagonist,openfda,Cyramza,n
ranibizumab,Ranibizumab,,Vascular Endothelial Growth Factor Inhibitor,openfda,Cimerli|Byooviz|Lucentis,n
ranitidine,Ranitidine,ppi_antacid,Histamine-2 Receptor Antagonist,openfda|janaushadhi|manual,,n
ranolazine,Ranolazine,,Anti-anginal,openfda|janaushadhi,Aspruzyo Sprinkle,n
rasagiline,Rasagiline,antidepressant_maoi|antiparkinson_levodopa,Monoamine Oxidase Inhibitor,openfda|janaushadhi|manual,Azilect,n
ravulizumab,Ravulizumab,,Complement Inhibitor,openfda,Ultomiris,n
raxibacumab,Raxibacumab,,Anthrax Protective Antigen-directed Antibody,openfda,,n
regadenoson,Regadenoson,,Pharmacologic Cardiac Stress Test Agent|Adenosine Receptor Agonist,openfda,Lexiscan,n
regorafenib,Regorafenib,anticancer|hepatotoxic,Kinase Inhibitor,openfda|manual,Stivarga,n
rehmannia glutinosa root,Rehmannia glutinosa root,,,openfda,,n
relatlimab,Relatlimab,anticancer,Lymphocyte Activation Gene-3 Blocker,openfda,,n
relebactam,Relebactam,,,openfda,,n
relugolix,Relugolix,,Gonadotropin Releasing Hormone Receptor Antagonist,openfda,Orgovyx,n
remdesivir,Remdesivir,,SARS-CoV-2 Nucleotide Analog RNA Polymerase Inhibitor,openfda,Veklury,n
remibrutinib,Remibrutinib,,Kinase Inhibitor,openfda,Rhapsido,n
remifentanil,Remifentanil,opioid|anaesthesia_surgery,Opioid Agonist,openfda|manual,Ultiva,n
remimazolam,Remimazolam,sedative_hypnotic|anaesthesia_surgery,,openfda|manual,Byfavo,n
remogliflozin,Remogliflozin,antidiabetic_other,,janaushadhi|manual,,n
repaglinide,Repaglinide,antidiabetic_other,Glinide,openfda|janaushadhi|manual,,n
repotrectinib,Repotrectinib,anticancer|cyp3a4_substrate_narrow,Kinase Inhibitor,openfda,Augtyro,n
reslizumab,Reslizumab,,Interleukin-5 Antagonist,openfda,Cinqair,n
resmetirom,Resmetirom,,Thyroid Hormone Receptor beta Agonist,openfda,Rezdiffra,n
resorcinol,Resorcinol,,,openfda,,n
retifanlimab,Retifanlimab,anticancer,Programmed Death Receptor-1 Blocking Antibody,openfda,Zynyz,n
retinol,Retinol,,,openfda,,n
revakinagene taroretcel-lwey,Revakinagene taroretcel-lwey,,,openfda,Encelto,n
revefenacin,Revefenacin,anticholinergic,Anticholinergic,openfda,Yupelri,n
revumenib,Revumenib,anticancer,Menin Inhibitor,openfda,Revuforj,n
reynoutria multiflora root,Reynoutria multiflora root,,,openfda,,n
reynoutria multiflora root oil,Reynoutria multiflora root oil,,,openfda,,n
rezafungin,Rezafungin,,Echinocandin Antifungal,openfda,Rezzayo,n
ribavirin,Ribavirin,,Nucleoside Analog Antiviral,openfda|nlem|janaushadhi,,y
ribociclib,Ribociclib,anticancer,Kinase Inhibitor,openfda,Kisqali,n
riboflavin,Riboflavin,,,openfda|nlem|janaushadhi,,y
riboflavin 5'-phosphate,Riboflavin 5'-phosphate,,,openfda,,n
rice germ,Rice germ,,,openfda,,n
ricinus communis (castor) seed oil,Ricinus communis (castor) seed oil,,,openfda,,n
rifabutin,Rifabutin,antitubercular,Rifamycin Antimycobacterial,openfda|manual,,n
rifampin,Rifampin (rifampicin),antibiotic_other|antitubercular|hepatotoxic,Rifamycin Antibacterial,openfda|nlem|manual,,y
rifapentine,Rifapentine,antitubercular,Rifamycin Antimycobacterial,openfda|manual,Priftin,n
rifaximin,Rifaximin,antibiotic_other,Rifamycin Antibacterial,openfda|janaushadhi|manual,Xifaxan,n
rilonacept,Rilonacept,,,openfda,Arcalyst,n
rilpivirine,Rilpivirine,antiretroviral|cyp3a4_substrate_narrow,Human Immunodeficiency Virus 1 Non-Nucleoside Analog Reverse Transcriptase Inhibitor,openfda,Edurant,n
riluzole,Riluzole,,Benzothiazole,openfda,Tiglutik,n
rilzabrutinib,Rilzabrutinib,,Kinase Inhibitor,openfda,Wayrilz,n
rimabotulinumtoxinb,Rimabotulinumtoxinb,,Acetylcholine Release Inhibitor,openfda,Myobloc,n
rimantadine,Rimantadine,,Influenza A M2 Protein Inhibitor,openfda,,n
rimegepant,Rimegepant,,Calcitonin Gene-related Peptide Receptor Antagonist,openfda,Nurtec Odt,n
ringer lactate,Ringer lactate,,,nlem|janaushadhi,,y
riociguat,Riociguat,nitrate_pde5,Soluble Guanylate Cyclase Stimulator,openfda|manual,Adempas,n
ripretinib,Ripretinib,anticancer,Kinase Inhibitor,openfda,Qinlock,n
risankizumab,Risankizumab,,Interleukin-23 Antagonist,openfda,Skyrizi,n
risdiplam,Risdiplam,,Survival of Motor Neuron 2 Splicing Modifier,openfda,Evrysdi,n
risedronate,Risedronate,,Bisphosphonate,openfda,Actonel|Atelvia,n
risedronate sodium hemi-pentahydrate,Risedronate sodium hemi-pentahydrate,,Bisphosphonate,openfda,,n
risperidone,Risperidone,antipsychotic|cyp2d6_substrate,Atypical Antipsychotic,openfda|nlem|janaushadhi|manual,Risperdal|Uzedy,y
ritlecitinib,Ritlecitinib,immunosuppressant,Kinase Inhibitor,openfda|manual,Litfulo,n
ritonavir,Ritonavir,antiretroviral,Cytochrome P450 3A Inhibitor|Protease Inhibitor,openfda|nlem|janaushadhi|manual,Norvir,y
rituximab,Rituximab,immunosuppressant|anticancer,CD20-directed Cytolytic Antibody,openfda|nlem|janaushadhi|manual,Riabni|Rituxan|Ruxience,y
rivaroxaban,Rivaroxaban,anticoagulant_doac|cyp3a4_substrate_narrow,Factor Xa Inhibitor,openfda|janaushadhi|manual,Xarelto,n
rivastigmine,Rivastigmine,,Cholinesterase Inhibitor,openfda|janaushadhi,Exelon,n
rizatriptan,Rizatriptan,,Serotonin-1b and Serotonin-1d Receptor Agonist,openfda|janaushadhi,Rizafilm|Maxalt|Maxalt-Mlt,n
rna-100-ar02,Rna-100-ar02,,,openfda,mRESVIA,n
rna-101-bfl3,Rna-101-bfl3,,,openfda,,n
rna-101-bfl5,Rna-101-bfl5,,,openfda,,n
rna-101-bfl6,Rna-101-bfl6,,,openfda,,n
rocuronium,Rocuronium,anaesthesia_surgery,Nondepolarizing Neuromuscular Blocker,openfda|manual,,n
roflumilast,Roflumilast,,Phosphodiesterase 4 Inhibitor,openfda,Zoryve|Daliresp,n
rolapitant,Rolapitant,,Substance P/Neurokinin-1 Receptor Antagonist,openfda,Varubi,n
romidepsin,Romidepsin,anticancer,Histone Deacetylase Inhibitor,openfda,,n
romiplostim,Romiplostim,,Thrombopoietin Receptor Agonist,openfda|janaushadhi,Nplate,n
romosozumab,Romosozumab,,,openfda,Evenity,n
ropeginterferon alfa-2b,Ropeginterferon alfa-2b,,Interferon alfa-2b,openfda,BESREMi,n
ropinirole,Ropinirole,antiparkinson_levodopa,Nonergot Dopamine Agonist,openfda|janaushadhi|manual,,n
ropivacaine,Ropivacaine,,Amide Local Anesthetic,openfda,Naropin,n
rosa rugosa flower bud,Rosa rugosa flower bud,,,openfda,,n
rose oil,Rose oil,,,openfda,,n
rosemary,Rosemary,,,openfda,,n
rosemary oil,Rosemary oil,,,openfda,,n
rosmarinus officinalis (rosemary) leaf oil,Rosmarinus officinalis (rosemary) leaf oil,,,openfda,,n
rosuvastatin,Rosuvastatin,statin,HMG-CoA Reductase Inhibitor,openfda|janaushadhi|manual,Crestor,n
rotavirus vaccine,Rotavirus vaccine,,,nlem,,y
rotigotine,Rotigotine,antiparkinson_levodopa,Nonergot Dopamine Agonist,openfda|manual,Neupro,n
roxithromycin,Roxithromycin,antibiotic_other,,janaushadhi|manual,,n
rozanolixizumab,Rozanolixizumab,,Neonatal Fc Receptor Blocker,openfda,Rystiggo,n
rucaparib,Rucaparib,anticancer,Poly(ADP-Ribose) Polymerase Inhibitor,openfda,Rubraca,n
rufinamide,Rufinamide,antiepileptic,,openfda|manual,Banzel,n
rupatadine,Rupatadine,,,janaushadhi,,n
rutoside,Rutoside,,,janaushadhi,,n
ruxolitinib,Ruxolitinib,immunosuppressant|anticancer,Janus Kinase Inhibitor|Kinase Inhibitor,openfda,Jakafi|Opzelura,n
s-metoprolol,S-metoprolol,antihypertensive,,janaushadhi|manual,,n
saccharomyces boulardii,Saccharomyces boulardii,,,janaushadhi,,n
saccharomyces lysate,Saccharomyces lysate,,,openfda,,n
sacituzumab govitecan,Sacituzumab govitecan,,,openfda,Trodelvy,n
sacrosidase,Sacrosidase,,Sucrose-specific Enzyme,openfda,Sucraid,n
sacubitril,Sacubitril,antihypertensive,Neprilysin Inhibitor,openfda|janaushadhi|manual,,n
safflower,Safflower,,,openfda,,n
safinamide,Safinamide,antiparkinson_levodopa,Monoamine Oxidase Type B Inhibitor,openfda|janaushadhi|manual,Xadago,n
salicylic acid,Salicylic acid,,,openfda|nlem|janaushadhi,,y
salicylic acid chloroacetate,Salicylic acid chloroacetate,,,openfda,,n
salmeterol,Salmeterol,,beta2-Adrenergic Agonist,openfda|janaushadhi,Serevent Diskus,n
salvia miltiorrhiza whole,Salvia miltiorrhiza whole,,,openfda,,n
samidorphan l-malate,Samidorphan l-malate,,Opioid Antagonist,openfda,,n
sapropterin,Sapropterin,,Phenylalanine Hydroxylase Activator,openfda,Kuvan,n
sarecycline,Sarecycline,antibiotic_chelating|photosensitizing,Tetracycline-class Drug,openfda,Seysara,n
sargramostim,Sargramostim,,Leukocyte Growth Factor,openfda,Leukine,n
sarilumab,Sarilumab,immunosuppressant,Interleukin-6 Receptor Antagonist,openfda,Kevzara,n
saroglitazar,Saroglitazar,antidiabetic_other,,janaushadhi|manual,,n
satralizumab,Satralizumab,,,openfda,Enspryng,n
saururus chinensis flower,Saururus chinensis flower,,,openfda,,n
saxagliptin,Saxagliptin,antidiabetic_other,Dipeptidyl Peptidase 4 Inhibitor,openfda|janaushadhi|manual,,n
scopolamine,Scopolamine,anticholinergic,Anticholinergic,openfda|manual,Transderm Scop,n
sebetralstat,Sebetralstat,,Plasma Kallikrein Inhibitor,openfda,Ekterly,n
secnidazole,Secnidazole,antibiotic_other,Nitroimidazole Antimicrobial,openfda|manual,Solosec,n
secretin human,Secretin human,,,openfda,ChiRhoStim,n
secukinumab,Secukinumab,,Interleukin-17A Antagonist,openfda,Cosentyx,n
segesterone,Segesterone,,,openfda,,n
seladelpar,Seladelpar,cyp2c9_substrate,,openfda,Livdelzi,n
selegiline,Selegiline,antidepressant_maoi|antiparkinson_levodopa,Monoamine Oxidase Inhibitor|Monoamine Oxidase Type B Inhibitor,openfda|janaushadhi|manual,Emsam|Zelapar,n
selenious acid,Selenious acid,,,openfda,,n
selenium,Selenium,,,openfda|janaushadhi,,n
selenium sulfide,Selenium sulfide,,,openfda|janaushadhi,,n
selexipag,Selexipag,,Prostacyclin Receptor Agonist,openfda|janaushadhi,Uptravi,n
selinexor,Selinexor,anticancer,Nuclear Export Inhibitor,openfda,Xpovio,n
selpercatinib,Selpercatinib,anticancer|cyp3a4_substrate_narrow,Kinase Inhibitor,openfda,Retevmo,n
selumetinib,Selumetinib,anticancer,Kinase Inhibitor,openfda,Koselugo,n
semaglutide,Semaglutide,antidiabetic_other,GLP-1 Receptor Agonist,openfda|manual,Ozempic|Wegovy|Rybelsus,n
senna alata leaf,Senna alata leaf,,,openfda,,n
sennosides,Sennosides,laxative_stimulant,,openfda|manual,,n
sennosides a and b,Sennosides a and b,,,openfda,,n
sepiapterin,Sepiapterin,,,openfda,Sephience,n
serdexmethylphenidate,Serdexmethylphenidate,,,openfda,,n
serine,Serine,,,openfda,,n
serratiopeptidase,Serratiopeptidase,,,janaushadhi,,n
sertaconazole,Sertaconazole,,Azole Antifungal,openfda|janaushadhi,Ertaczo,n
sertraline,Sertraline,antidepressant_ssri_snri,Serotonin Reuptake Inhibitor,openfda|janaushadhi|manual,Zoloft,n
sesame oil,Sesame oil,,,openfda|janaushadhi,,n
sesame seed,Sesame seed,,,openfda,,n
setmelanotide,Setmelanotide,,Melanocortin 4 Receptor Agonist,openfda,Imcivree,n
sevabertinib,Sevabertinib,cyp3a4_substrate_narrow,,openfda,Hyrnuo,n
sevelamer,Sevelamer,,Phosphate Binder,openfda|janaushadhi,Renvela,n
sevoflurane,Sevoflurane,anaesthesia_surgery,General Anesthetic,openfda|nlem|manual,Ultane,y
shea butter,Shea butter,,,openfda,,n
sibeprenlimab,Sibeprenlimab,,,openfda,Voyxact,n
sildenafil,Sildenafil,nitrate_pde5|cyp3a4_substrate_narrow,Phosphodiesterase 5 Inhibitor,openfda|janaushadhi|manual,Viagra|Revatio|Vybrique,n
silicon dioxide,Silicon dioxide,,,openfda,,n
silodosin,Silodosin,antihypertensive,alpha-Adrenergic Blocker,openfda|janaushadhi,,n
silodrate,Silodrate,,,openfda,,n
siltuximab,Siltuximab,,Interleukin-6 Antagonist,openfda,Sylvant,n
silver,Silver,,,openfda|janaushadhi,,n
silver cation,Silver cation,,,openfda,,n
silver nitrate,Silver nitrate,,,openfda|janaushadhi,,n
silver sulfadiazine,Silver sulfadiazine,antibiotic_other,Sulfonamide Antibacterial,openfda|nlem|janaushadhi,SSD Cream|Silvadene,y
silymarin,Silymarin,,,janaushadhi,,n
simethicone,Simethicone,,,janaushadhi,,n
simmondsia chinensis (jojoba) seed oil,Simmondsia chinensis (jojoba) seed oil,,,openfda,,n
simvastatin,Simvastatin,statin|cyp3a4_substrate_narrow,HMG-CoA Reductase Inhibitor,openfda|janaushadhi|manual,Zocor,n
sincalide,Sincalide,,Cholecystokinin Analog,openfda,Kinevac,n
sinecatechins,Sinecatechins,,,openfda,Veregen,n
siponimod,Siponimod,immunosuppressant|cyp2c9_substrate,Sphingosine 1-phosphate Receptor Modulator,openfda,Mayzent,n
sipuleucel-t,Sipuleucel-t,,Autologous Cellular Immunotherapy,openfda,Provenge,n
sirolimus,Sirolimus,immunosuppressant|cyp3a4_substrate_narrow,Kinase Inhibitor|mTOR Inhibitor Immunosuppressant,openfda|janaushadhi|manual,Hyftor|Fyarro,n
sitagliptin,Sitagliptin,antidiabetic_other,Dipeptidyl Peptidase 4 Inhibitor,openfda|janaushadhi|manual,Januvia|Zituvio|Brynovin,n
snake venom antiserum,Snake venom antiserum,,,nlem,,y
sodium,Sodium,,,openfda,,n
sodium 1 2-dipalmitoyl-sn-glycero-3-phospho-(1'-rac-glycerol),Sodium 1 2-dipalmitoyl-sn-glycero-3-phospho-(1'-rac-glycerol),,,openfda,,n
sodium acetate,Sodium acetate,,,openfda,,n
sodium acetate anhydrous,Sodium acetate anhydrous,,Osmotic Laxative,openfda,,n
sodium benzoate,Sodium benzoate,,,openfda,,n
sodium bicarbonate,Sodium bicarbonate,ppi_antacid,Osmotic Laxative,openfda|nlem|manual,,y
sodium chloride,Sodium chloride,,Osmotic Laxative,openfda|nlem,Diluent,y
sodium citrate,Sodium citrate,,,openfda,,n
sodium citrate unspecified form,Sodium citrate unspecified form,,,openfda,,n
sodium cocoate,Sodium cocoate,,,openfda,,n
sodium ferric gluconate complex,Sodium ferric gluconate complex,iron_mineral_supplement,Parenteral Iron Replacement|Phosphate Binder,openfda,Ferrlecit,n
sodium fluoride,Sodium fluoride,,,openfda,,n
sodium gluconate,Sodium gluconate,,,openfda,,n
sodium glycerophosphate,Sodium glycerophosphate,,,openfda,,n
sodium hyaluronate,Sodium hyaluronate,,,openfda,,n
sodium iodide,Sodium iodide,,,openfda,,n
sodium lactate,Sodium lactate,,,openfda,,n
sodium monofluorophosphate,Sodium monofluorophosphate,,,openfda,,n
sodium nitrite,Sodium nitrite,,,openfda|nlem,,y
sodium nitroprusside,Sodium nitroprusside,,Vasodilator,openfda|nlem,Nipride Rtu,y
sodium oxybate,Sodium oxybate,sedative_hypnotic,Central Nervous System Depressant,openfda|manual,Lumryz|Xyrem,n
sodium palm kernelate,Sodium palm kernelate,,,openfda,,n
sodium palmate,Sodium palmate,,,openfda,,n
sodium perborate,Sodium perborate,,,openfda,,n
sodium phenylacetate,Sodium phenylacetate,,,openfda,,n
sodium phenylbutyrate,Sodium phenylbutyrate,,Nitrogen Binding Agent,openfda,Buphenyl|Pheburane,n
sodium phosphate,Sodium phosphate,,,openfda,,n
sodium phosphate dibasic,Sodium phosphate dibasic,,,openfda,,n
sodium phosphate dibasic anhydrous,Sodium phosphate dibasic anhydrous,,,openfda,,n
sodium phosphate dibasic heptahydrate,Sodium phosphate dibasic heptahydrate,,,openfda,,n
sodium phosphate dibasic unspecified form,Sodium phosphate dibasic unspecified form,,,openfda,,n
sodium phosphate monobasic,Sodium phosphate monobasic,,,openfda,,n
sodium phosphate monobasic dihydrate,Sodium phosphate monobasic dihydrate,,,openfda,,n
sodium phosphate monobasic monohydrate,Sodium phosphate monobasic monohydrate,,,openfda,,n
sodium phosphate monobasic unspecified form,Sodium phosphate monobasic unspecified form,,,openfda,,n
sodium picosulfate,Sodium picosulfate,laxative_stimulant,Stimulant Laxative,openfda|janaushadhi|manual,,n
sodium polystyrene sulfonate,Sodium polystyrene sulfonate,,Potassium Binder,openfda,,n
sodium pyrophosphate,Sodium pyrophosphate,,,openfda,,n
sodium pyruvate,Sodium pyruvate,,,openfda,,n
sodium salicylate,Sodium salicylate,,,openfda,,n
sodium sulfate,Sodium sulfate,,,openfda,,n
sodium sulfate anhydrous,Sodium sulfate anhydrous,,,openfda,,n
sodium tetradecyl,Sodium tetradecyl,,,openfda,,n
sodium thiosulfate,Sodium thiosulfate,,,openfda|nlem,Pedmark,y
sodium zirconium cyclosilicate,Sodium zirconium cyclosilicate,,,openfda,Lokelma,n
sofosbuvir,Sofosbuvir,,Hepatitis C Virus Nucleotide Analog NS5B Polymerase Inhibitor,openfda|nlem|janaushadhi,Sovaldi,y
sofpironium,Sofpironium,,,openfda,Sofdra,n
solifenacin,Solifenacin,anticholinergic,Cholinergic Muscarinic Antagonist,openfda|janaushadhi|manual,,n
solriamfetol,Solriamfetol,,Dopamine and Norepinephrine Reuptake Inhibitor,openfda,Sunosi,n
somapacitan,Somapacitan,,,openfda,Sogroya,n
somatostatin,Somatostatin,,,nlem,,y
somatrogon,Somatrogon,,Recombinant Human Growth Hormone,openfda,Ngenla,n
somatropin,Somatropin,,Recombinant Human Growth Hormone,openfda,Norditropin|Omnitrope,n
sonidegib,Sonidegib,anticancer,Hedgehog Pathway Inhibitor,openfda,Odomzo,n
sonrotoclax,Sonrotoclax,,,openfda,Beqalzi,n
sophora alopecuroides whole,Sophora alopecuroides whole,,,openfda,,n
sophora flavescens root,Sophora flavescens root,,,openfda,,n
sorafenib,Sorafenib,anticancer,Kinase Inhibitor,openfda|janaushadhi,Nexavar,n
sorbic acid,Sorbic acid,,,openfda,,n
sorbitan isostearate,Sorbitan isostearate,,,openfda,,n
sorbitol,Sorbitol,,,openfda|janaushadhi,,n
sotagliflozin,Sotagliflozin,antidiabetic_other,Sodium-Glucose Cotransporter 2 Inhibitor,openfda,Inpefa,n
sotalol,Sotalol,antihypertensive|antiarrhythmic,Antiarrhythmic,openfda|manual,Betapace|Sotylize,n
sotorasib,Sotorasib,,,openfda,Lumakras,n
soy isoflavones,Soy isoflavones,,,openfda,,n
soybean oil,Soybean oil,,Lipid Emulsion,openfda,Intralipid|NutriLipid I.V. Fat Emulsion,n
sparsentan,Sparsentan,antihypertensive|potassium_sparing,Angiotensin 2 Receptor Blocker|Endothelin Receptor Antagonist,openfda,Filspari,n
spesolimab,Spesolimab,,Interleukin-36 Receptor Antagonist,openfda,Spevigo,n
spinosad,Spinosad,,Pediculicide,openfda,Natroba,n
spironolactone,Spironolactone,potassium_sparing,Aldosterone Antagonist,openfda|nlem|janaushadhi|manual,Aldactone,y
squalane,Squalane,,,openfda,,n
stannous chloride,Stannous chloride,,,openfda,,n
stannous fluoride,Stannous fluoride,,,openfda,,n
starch corn,Starch corn,,,openfda,,n
starch rice,Starch rice,,,openfda,,n
stearic acid,Stearic acid,,,openfda,,n
stemona japonica root,Stemona japonica root,,,openfda,,n
stephania tetrandra whole,Stephania tetrandra whole,,,openfda,,n
sterculia urens whole,Sterculia urens whole,,,openfda,,n
stiripentol,Stiripentol,antiepileptic,,openfda|manual,Diacomit,n
streptokinase,Streptokinase,,,nlem|janaushadhi,,y
streptomycin,Streptomycin,antibiotic_other|antitubercular|nephrotoxic,Aminoglycoside Antibacterial|Antimycobacterial,openfda|nlem|manual,,y
streptozocin,Streptozocin,anticancer,Alkylating Drug,openfda,,n
succimer,Succimer,,Lead Chelator,openfda,Chemet|NephroScan,n
succinylcholine,Succinylcholine,anaesthesia_surgery,Depolarizing Neuromuscular Blocker,openfda|nlem|manual,Anectine|Quelicin,y
sucralfate,Sucralfate,ppi_antacid,Aluminum Complex,openfda|janaushadhi|manual,Carafate,n
sufentanil,Sufentanil,opioid|anaesthesia_surgery,Opioid Agonist,openfda|manual,,n
sugammadex,Sugammadex,,,openfda,Bridion,n
sulbactam,Sulbactam,antibiotic_other,beta Lactamase Inhibitor,openfda|janaushadhi|manual,,n
sulconazole,Sulconazole,,Azole Antifungal,openfda,Exelderm,n
sulfacetamide,Sulfacetamide,antibiotic_other,Sulfonamide Antibacterial,openfda|janaushadhi,Klaron,n
sulfadiazine,Sulfadiazine (sulphadiazine),antibiotic_other,Sulfonamide Antibacterial,openfda,,n
sulfadoxine,Sulfadoxine (sulphadoxine),,,nlem|janaushadhi,,y
sulfamethoxazole,Sulfamethoxazole (sulphamethoxazole),antibiotic_other,Sulfonamide Antimicrobial,openfda|nlem|janaushadhi|manual,,y
sulfasalazine,Sulfasalazine,,Aminosalicylate,openfda|nlem|janaushadhi,Azulfidine,y
sulfur,Sulfur,,,openfda,,n
sulfur hexafluoride,Sulfur hexafluoride,,,openfda,,n
sulindac,Sulindac,nsaid|nephrotoxic,Nonsteroidal Anti-inflammatory Drug,openfda,,n
sulopenem etzadroxil,Sulopenem etzadroxil,,,openfda,,n
sumatriptan,Sumatriptan,,Serotonin-1b and Serotonin-1d Receptor Agonist,openfda|nlem|janaushadhi,Imitrex|Tosymra|Zembrace SymTouch,y
sunflower oil,Sunflower oil,,,openfda,,n
sunitinib,Sunitinib,anticancer|hepatotoxic,Kinase Inhibitor,openfda|janaushadhi|manual,Sutent,n
sutimlimab,Sutimlimab,,Classical Complement Pathway Inhibitor,openfda,Enjaymo,n
suvorexant,Suvorexant,sedative_hypnotic,Orexin Receptor Antagonist,openfda|manual,Belsomra,n
suzetrigine,Suzetrigine,,Sodium Channel Blocker,openfda,Journavx,n
symphytum officinale whole,Symphytum officinale whole,,,openfda,,n
tacrolimus,Tacrolimus,immunosuppressant|nephrotoxic|cyp3a4_substrate_narrow,Calcineurin Inhibitor Immunosuppressant,openfda|nlem|janaushadhi|manual,Prograf|Astagraf Xl|Envarsus XR,y
tadalafil,Tadalafil,nitrate_pde5|cyp3a4_substrate_narrow,Phosphodiesterase 5 Inhibitor,openfda|janaushadhi|manual,Cialis|Adcirca|Tadliq,n
tafamidis,Tafamidis,,,openfda,Vyndaqel|Vyndamax,n
tafasitamab,Tafasitamab,,,openfda,Monjuvi,n
tafenoquine,Tafenoquine,,,openfda,Arakoda|Krintafel,n
tafluprost,Tafluprost,,Prostaglandin Analog,openfda,Zioptan,n
tagraxofusp,Tagraxofusp,,CD123 Interaction|Cytotoxin,openfda,Elzonris,n
talazoparib,Talazoparib,anticancer,Poly(ADP-Ribose) Polymerase Inhibitor,openfda,Talzenna,n
talc,Talc,,,openfda,Steritalc 2g,n
taletrectinib,Taletrectinib,anticancer|cyp3a4_substrate_narrow,Kinase Inhibitor,openfda,Ibtrozi,n
taliglucerase alfa,Taliglucerase alfa,,Hydrolytic Lysosomal Glucocerebroside-specific Enzyme,openfda,Elelyso,n
talimogene laherparepvec,Talimogene laherparepvec,,,openfda,Imlygic,n
tallow,Tallow,,,openfda,,n
tallow acid beef,Tallow acid beef,,,openfda,,n
talquetamab,Talquetamab,,,openfda,Talvey,n
tamoxifen,Tamoxifen,anticancer|hormonal_contraceptive_estrogen|cyp2d6_substrate,Estrogen Agonist/Antagonist,openfda|nlem|janaushadhi|manual,Soltamox,y
tamsulosin,Tamsulosin,antihypertensive|cyp2d6_substrate,alpha-Adrenergic Blocker,openfda|janaushadhi,,n
tapentadol,Tapentadol,opioid,Opioid Agonist,openfda|janaushadhi|manual,Nucynta ER,n
tapinarof,Tapinarof,,Aryl Hydrocarbon Receptor Agonist,openfda,Vtama,n
taraxacum officinale leaf,Taraxacum officinale leaf,,,openfda,,n
tasimelteon,Tasimelteon,cyp1a2_substrate,Melatonin Receptor Agonist,openfda,Hetlioz,n
taurine,Taurine,,,openfda|janaushadhi,,n
taurolidine,Taurolidine,,,openfda,,n
tavaborole,Tavaborole,,Oxaborole Antifungal,openfda,,n
tazarotene,Tazarotene,photosensitizing,Retinoid,openfda,Tazorac|Arazlo|Fabior,n
tazemetostat,Tazemetostat,cyp3a4_substrate_narrow,Methyltransferase Inhibitor,openfda,Tazverik,n
tazobactam,Tazobactam,antibiotic_other,,openfda|nlem|janaushadhi|manual,,y
tea tree oil,Tea tree oil,,,openfda,,n
tebentafusp,Tebentafusp,anticancer,Bispecific gp100 Peptide-HLA-directed CD3 T Cell Engager,openfda,Kimmtrak,n
tebipenem pivoxil,Tebipenem pivoxil,,,openfda,Utebzi,n
teclistamab,Teclistamab,,,openfda,Tecvayli,n
tecovirimat,Tecovirimat,,Orthopoxvirus VP37 Envelope Wrapping Protein Inhibitor,openfda,Tpoxx,n
tedizolid,Tedizolid,antibiotic_other,Oxazolidinone Antibacterial,openfda,Sivextro,n
teduglutide,Teduglutide,,GLP-2 Analog,openfda,Gattex,n
teicoplanin,Teicoplanin,antibiotic_other,,janaushadhi|manual,,n
telavancin,Telavancin,antibiotic_other,Lipoglycopeptide Antibacterial,openfda,Vibativ,n
telisotuzumab vedotin,Telisotuzumab vedotin,,,openfda,Emrelis,n
telmisartan,Telmisartan,antihypertensive|potassium_sparing,Angiotensin 2 Receptor Blocker,openfda|nlem|janaushadhi|manual,,y
telotristat ethyl,Telotristat ethyl,,Tryptophan Hydroxylase Inhibitor,openfda,Xermelo,n
temazepam,Temazepam,sedative_hypnotic,Benzodiazepine,openfda,Restoril,n
temozolomide,Temozolomide,anticancer,Alkylating Drug,openfda|nlem|janaushadhi|manual,Temodar,y
tenapanor,Tenapanor,,Sodium-Hydrogen Exchanger 3 Inhibitor,openfda,Ibsrela|XPHOZAH 10 mg,n
tenecteplase,Tenecteplase,,,nlem,,y
teneligliptin,Teneligliptin,antidiabetic_other,,nlem|janaushadhi|manual,,y
tenofovir,Tenofovir,antiretroviral|nephrotoxic|pgp_substrate,Hepatitis B Virus Nucleoside Analog Reverse Transcriptase Inhibitor|Human Immunodeficiency Virus Nucleoside Analog Reverse Transcriptase Inhibitor,openfda|nlem|janaushadhi|manual,Viread|Vemlidy,y
teplizumab,Teplizumab,,CD3-directed Antibody,openfda,Tzield,n
tepotinib,Tepotinib,anticancer,Kinase Inhibitor,openfda,Tepmetko,n
teprotumumab,Teprotumumab,,Insulin-like Growth Factor-1 Receptor Inhibitor,openfda,Tepezza,n
terazosin,Terazosin,antihypertensive,alpha-Adrenergic Blocker,openfda|janaushadhi,Tezruly,n
terbinafine,Terbinafine,hepatotoxic,Allylamine Antifungal,openfda|nlem|janaushadhi|manual,Lamisil AT Cream,y
terbutaline,Terbutaline,,,openfda|janaushadhi,,n
terconazole,Terconazole,,Azole Antifungal,openfda,,n
teriflunomide,Teriflunomide,immunosuppressant|hepatotoxic,Pyrimidine Synthesis Inhibitor,openfda|manual,Aubagio,n
teriparatide,Teriparatide,,Parathyroid Hormone Analog,openfda,Forteo|Bonsity,n
terlipressin,Terlipressin,,Vasopressin Receptor Agonist,openfda|janaushadhi,Terlivaz,n
testosterone,Testosterone,,Androgen,openfda|janaushadhi,Xyosted|Azmiro|Vogelxo,n
testosterone undecanoate,Testosterone undecanoate,,Androgen,openfda,Jatenzo|Kyzatrex|Aveed,n
tetanus toxoid,Tetanus toxoid,,,nlem,,y
tetrabenazine,Tetrabenazine,cyp2d6_substrate,Vesicular Monoamine Transporter 2 Inhibitor,openfda|janaushadhi,Xenazine,n
tetracaine,Tetracaine,,Ester Local Anesthetic,openfda,,n
tetracycline,Tetracycline,antibiotic_chelating|photosensitizing,Tetracycline-class Antimicrobial,openfda|manual,,n
tetradecyl hydrogen sulfate (ester),Tetradecyl hydrogen sulfate (ester),,,openfda,,n
tetraferric tricitrate,Tetraferric tricitrate,iron_mineral_supplement,Parenteral Iron Replacement|Phosphate Binder,openfda,Auryxia,n
tetrahydrozoline,Tetrahydrozoline,,,openfda,,n
tetrakis(2-methoxyisobutylisocyanide)copper(i) tetrafluoroborate,Tetrakis(2-methoxyisobutylisocyanide)copper(i) tetrafluoroborate,,,openfda,Cardiolite|Kit for the Preparation of Technetium Tc99m Sestamibi,n
tetrofosmin,Tetrofosmin,,,openfda,Myoview,n
tezacaftor,Tezacaftor,,,openfda,,n
tezepelumab,Tezepelumab,,Thymic Stromal Lymphopoietin Blocker,openfda,Tezspire,n
thalidomide,Thalidomide,anticancer,,openfda|nlem|janaushadhi|manual,Thalomid,y
theophylline,Theophylline,theophylline|cyp1a2_substrate,Methylxanthine,openfda|janaushadhi|manual,,n
thiamine,Thiamine,,,openfda|nlem|janaushadhi,,y
thiamine mononitrate,Thiamine mononitrate,,,openfda|janaushadhi,,n
thiocolchicoside,Thiocolchicoside,,,janaushadhi,,n
thioctic acid,Thioctic acid,,,openfda|janaushadhi,,n
thioguanine,Thioguanine,anticancer,Antimetabolite,openfda,Tabloid,n
thiopental,Thiopental (thiopentone),sedative_hypnotic|anaesthesia_surgery,,nlem|manual,,y
thioridazine,Thioridazine,antipsychotic|cyp2d6_substrate,Phenothiazine,openfda|manual,,n
thiotepa,Thiotepa,anticancer,Alkylating Drug,openfda,Tepadina,n
thiothixene,Thiothixene,antipsychotic,Typical Antipsychotic,openfda,,n
thonzonium,Thonzonium,,,openfda,,n
threonine,Threonine,,,openfda,,n
thrombin,Thrombin,,Blood Coagulation Factor,openfda,,n
thuja occidentalis whole,Thuja occidentalis whole,,,openfda,,n
thymol,Thymol,,,openfda|janaushadhi,,n
thyroid,Thyroid,thyroid_hormone,,openfda|manual,,n
thyrotropin alfa,Thyrotropin alfa,,Thyroid Stimulating Hormone,openfda,Thyrogen,n
tiagabine,Tiagabine,antiepileptic,Anti-epileptic Agent,openfda|manual,,n
ticagrelor,Ticagrelor,antiplatelet|cyp3a4_substrate_narrow,P2Y12 Platelet Inhibitor,openfda|janaushadhi|manual,Brilinta,n
tigecycline,Tigecycline,antibiotic_chelating|photosensitizing,Tetracycline-class Antibacterial,openfda|janaushadhi,Tygacil,n
tildrakizumab,Tildrakizumab,,Interleukin-23 Antagonist,openfda,Ilumya,n
timolol,Timolol,antihypertensive,beta-Adrenergic Blocker,openfda|nlem|janaushadhi,Betimol|Timoptic|Timoptic-XE,y
tinidazole,Tinidazole,antibiotic_other,Nitroimidazole Antimicrobial,openfda|janaushadhi|manual,Tindamax,n
tioconazole,Tioconazole,,Azole Antifungal,openfda,,n
tiopronin,Tiopronin,,Reducing and Complexing Thiol,openfda,Thiola EC,n
tiotropium,Tiotropium,anticholinergic,Anticholinergic,openfda|nlem|janaushadhi,Spiriva HandiHaler,y
tioxolone,Tioxolone,,,openfda,,n
tipiracil,Tipiracil,,Thymidine Phosphorylase Inhibitor,openfda,,n
tirbanibulin,Tirbanibulin,,Microtubule Inhibitor,openfda,Klisyri,n
tirofiban,Tirofiban,antiplatelet,Platelet Aggregation Inhibitor,openfda|manual,Aggrastat,n
tirzepatide,Tirzepatide,antidiabetic_other,GLP-1 Receptor Agonist|Glucose-dependent Insulinotropic Polypeptide Receptor Agonist,openfda|manual,Mounjaro|Zepbound,n
tisagenlecleucel,Tisagenlecleucel,anticancer,CD19-directed Chimeric Antigen Receptor|Genetically-modified Autologous T Cells,openfda,Kymriah,n
tislelizumab,Tislelizumab,anticancer,Programmed Death Receptor-1 Blocking Antibody,openfda,Tevimbra,n
tisotumab vedotin,Tisotumab vedotin,,,openfda,Tivdak,n
titanium dioxide,Titanium dioxide,,,openfda,,n
tividenofusp alfa,Tividenofusp alfa,,Hydrolytic Lysosomal Glycosaminoglycan-specific Enzyme,openfda,Avlayah,n
tivozanib,Tivozanib,anticancer,Kinase Inhibitor,openfda,Fotivda,n
tizanidine,Tizanidine,cyp1a2_substrate,Central alpha-2 Adrenergic Agonist,openfda|janaushadhi,Zanaflex|Ontralfy,n
tobramycin,Tobramycin,antibiotic_other|nephrotoxic,Aminoglycoside Antibacterial,openfda|janaushadhi|manual,Bethkis|Kitabis Pak|TOBI Podhaler,n
tocilizumab,Tocilizumab,immunosuppressant,Interleukin-6 Receptor Antagonist,openfda,Tyenne|Tofidence|Actemra,n
tocopherol,Tocopherol,,,openfda,,n
tocopheryl retinoate,Tocopheryl retinoate,,,openfda,,n
tofacitinib,Tofacitinib,immunosuppressant,Janus Kinase Inhibitor,openfda|janaushadhi,Xeljanz,n
tofersen,Tofersen,,Antisense Oligonucleotide,openfda,Qalsody,n
tolcapone,Tolcapone,hepatotoxic|antiparkinson_levodopa,Catechol-O-Methyltransferase Inhibitor,openfda|manual,Tasmar,n
tolmetin,Tolmetin,nsaid|nephrotoxic,Nonsteroidal Anti-inflammatory Drug,openfda,,n
tolnaftate,Tolnaftate,,,openfda,,n
tolperisone,Tolperisone,,,janaushadhi,,n
tolterodine,Tolterodine,cyp2d6_substrate|anticholinergic,Cholinergic Muscarinic Antagonist,openfda|janaushadhi|manual,Detrol,n
tolvaptan,Tolvaptan,hepatotoxic|cyp3a4_substrate_narrow,Vasopressin V2 Receptor Antagonist,openfda|janaushadhi|manual,Jynarque|Samsca,n
topiramate,Topiramate,antiepileptic,,openfda|janaushadhi|manual,Topamax|Qudexy Xr|Trokendi XR,n
topiroxostat,Topiroxostat,,,janaushadhi,,n
topotecan,Topotecan,anticancer|pgp_substrate,Topoisomerase Inhibitor,openfda,Hycamtin,n
toremifene,Toremifene,anticancer|hormonal_contraceptive_estrogen,Estrogen Agonist/Antagonist,openfda|manual,Fareston,n
toripalimab,Toripalimab,anticancer,Programmed Death Receptor-1 Blocking Antibody,openfda,Loqtorzi,n
torsemide,Torsemide (torasemide),diuretic_loop_thiazide,Loop Diuretic,openfda|janaushadhi|manual,Soaanz,n
tovorafenib,Tovorafenib,anticancer,Kinase Inhibitor,openfda,Ojemda,n
toxicodendron pubescens whole,Toxicodendron pubescens whole,,,openfda,,n
trabectedin,Trabectedin,anticancer,Alkylating Drug,openfda,Evdi|Yondelis,n
tradipitant,Tradipitant,,,openfda,Nereus,n
tralokinumab,Tralokinumab,,Interleukin-13 Antagonist,openfda,Adbry,n
tramadol,Tramadol,opioid|cyp2d6_substrate,Opioid Agonist,openfda|nlem|janaushadhi|manual,ConZip,y
trametinib,Trametinib,anticancer,Kinase Inhibitor,openfda,Mekinist,n
trandolapril,Trandolapril,antihypertensive|potassium_sparing,Angiotensin Converting Enzyme Inhibitor,openfda,,n
tranexamic acid,Tranexamic acid,,Antifibrinolytic Agent,openfda|nlem|janaushadhi,Cyklokapron,y
tranylcypromine,Tranylcypromine,antidepressant_maoi,Monoamine Oxidase Inhibitor,openfda|janaushadhi|manual,Parnate,n
trastuzumab,Trastuzumab,anticancer,HER2/neu Receptor Antagonist,openfda|nlem|janaushadhi|manual,Ogivri|Kanjinti|Herceptin,y
trastuzumab deruxtecan,Trastuzumab deruxtecan,,,openfda,Enhertu,n
trastuzumab emtansine,Trastuzumab emtansine,,,openfda,Kadcyla,n
travoprost,Travoprost,,Prostaglandin Analog,openfda|janaushadhi,Travatan Z|iDose TR,n
trazodone,Trazodone,antidepressant_ssri_snri,Serotonin Reuptake Inhibitor,openfda|janaushadhi,Raldesy Tm,n
trefoil factor,Trefoil factor,,,openfda,,n
trehalose,Trehalose,,,openfda,,n
tremelimumab,Tremelimumab,anticancer,CTLA-4-directed Blocking Antibody,openfda,Imjudo,n
tremella fuciformis whole,Tremella fuciformis whole,,,openfda,,n
treosulfan,Treosulfan,,,openfda,Grafapex,n
treprostinil,Treprostinil,,Prostacycline Vasodilator,openfda,Tyvaso DPI|Orenitram|Remodulin,n
tretinoin,Tretinoin (all-trans retinoic acid),photosensitizing,Retinoid,openfda|nlem|janaushadhi,Retin-A|Altreno|Atralin,y
triamcinolone,Triamcinolone,corticosteroid,Corticosteroid,openfda|janaushadhi|manual,Kenalog-40|Kenalog-10|Triesence,n
triamterene,Triamterene,potassium_sparing,Potassium-sparing Diuretic,openfda|manual,Dyrenium,n
triazolam,Triazolam,sedative_hypnotic|cyp3a4_substrate_narrow,Benzodiazepine,openfda,,n
tribasic,Tribasic,,,openfda,,n
triclabendazole,Triclabendazole,,Anthelmintic,openfda,Egaten,n
triclosan,Triclosan,,,openfda,,n
trientine,Trientine,,Copper Chelator|Metal Chelator,openfda|janaushadhi,Syprine,n
trientine tetrahydrochloride,Trientine tetrahydrochloride,,Copper Chelator,openfda,Cuvrior,n
trifarotene,Trifarotene,photosensitizing,Retinoid,openfda,Aklief,n
trifluoperazine,Trifluoperazine,antipsychotic,Phenothiazine,openfda|janaushadhi|manual,,n
trifluridine,Trifluridine,anticancer,Nucleoside Analog Antiviral|Nucleoside Metabolic Inhibitor,openfda,,n
trifolium pratense flower,Trifolium pratense flower,,,openfda,,n
triheptanoin,Triheptanoin,,Medium-chain Triglyceride,openfda,Dojolvi,n
trihexyphenidyl,Trihexyphenidyl (benzhexol),anticholinergic,,openfda|nlem|janaushadhi|manual,,y
triisopropanolamine,Triisopropanolamine,,,openfda,,n
trilaciclib,Trilaciclib,anticancer,Kinase Inhibitor,openfda,Cosela,n
trimetazidine,Trimetazidine,,,janaushadhi,,n
trimethobenzamide,Trimethobenzamide,,Antiemetic,openfda,Tigan,n
trimethoprim,Trimethoprim,antibiotic_other,Dihydrofolate Reductase Inhibitor Antibacterial,openfda|nlem|janaushadhi|manual,,y
trimipramine,Trimipramine,antidepressant_tca|cyp2d6_substrate|anticholinergic,Tricyclic Antidepressant,openfda|manual,,n
tripelennamine,Tripelennamine,,,openfda,,n
triprolidine,Triprolidine,anticholinergic,,openfda|manual,,n
trisodium citrate dihydrate,Trisodium citrate dihydrate,,Anti-coagulant|Calculi Dissolution Agent,openfda,triCitrasol,n
triticum vulgare (wheat) germ oil,Triticum vulgare (wheat) germ oil,,,openfda,,n
trofinetide,Trofinetide,,,openfda,Daybue Stix,n
trolamine,Trolamine,,,openfda,,n
trolamine salicylate,Trolamine salicylate,,,openfda,,n
tromethamine,Tromethamine,,,openfda,Tham,n
tropicamide,Tropicamide,anticholinergic,Anticholinergic,openfda|nlem|janaushadhi,,y
tropolone,Tropolone,,,openfda,,n
trospium,Trospium,anticholinergic,Cholinergic Muscarinic Antagonist,openfda|manual,,n
trypan blue,Trypan blue,,Diagnostic Dye,openfda,Membraneblue|Visionblue,n
trypsin,Trypsin,,,janaushadhi,,n
tryptophan,Tryptophan,,,openfda,,n
tuberculin purified protein derivative,Tuberculin purified protein derivative,,Skin Test Antigen|Tuberculosis Skin Test,openfda|nlem,Tubersol|Aplisol,y
tucatinib,Tucatinib,anticancer,Kinase Inhibitor,openfda,Tukysa,n
turmeric,Turmeric,,,openfda,,n
turpentine,Turpentine,,,openfda,,n
turpentine oil,Turpentine oil,,,openfda|janaushadhi,,n
tyrosine,Tyrosine,,,openfda,,n
ubidecarenone,Ubidecarenone,,,janaushadhi,,n
ublituximab,Ublituximab,,CD20-directed Cytolytic Antibody,openfda,Briumvi,n
ubrogepant,Ubrogepant,,Calcitonin Gene-related Peptide Receptor Antagonist,openfda,Ubrelvy,n
ulipristal,Ulipristal,hormonal_contraceptive_estrogen,Progesterone Agonist/Antagonist,openfda|janaushadhi|manual,Ella,n
umeclidinium,Umeclidinium,anticholinergic,Anticholinergic,openfda,Incruse Ellipta,n
undecylenic acid,Undecylenic acid,,,openfda,,n
upadacitinib,Upadacitinib,immunosuppressant,Janus Kinase Inhibitor,openfda,Rinvoq,n
urea,Urea,,,openfda|janaushadhi,,n
urea c-13,Urea c-13,,Helicobacter pylori Diagnostic,openfda,,n
uridine triacetate,Uridine triacetate,,Pyrimidine Analog,openfda,Vistogard|Xuriden,n
ursadiol,Ursadiol,,,openfda,,n
ursodiol,Ursodiol (ursodeoxycholic acid),,Bile Acid,openfda|janaushadhi,Urso 250,n
ustekinumab,Ustekinumab,,Interleukin-12 Antagonist|Interleukin-23 Antagonist,openfda,Wezlana|Pyzchiva|Selarsdi,n
vaborbactam,Vaborbactam,antibiotic_other,beta Lactamase Inhibitor,openfda,,n
vadadustat,Vadadustat,,Hypoxia-inducible Factor Prolyl Hydroxylase Inhibitor,openfda,Vafseo,n
valacyclovir,Valacyclovir,,Herpes Simplex Virus Nucleoside Analog DNA Polymerase Inhibitor|Herpes Zoster Virus Nucleoside Analog DNA Polymerase Inhibitor|Herpesvirus Nucleoside Analog DNA Polymerase Inhibitor,openfda|janaushadhi,Valtrex,n
valbenazine,Valbenazine,cyp2d6_substrate,Vesicular Monoamine Transporter 2 Inhibitor,openfda,Ingrezza,n
valethamate,Valethamate,anticholinergic,,janaushadhi|manual,,n
valganciclovir,Valganciclovir,,Cytomegalovirus Nucleoside Analog DNA Polymerase Inhibitor|Nucleoside Analog Antiviral,openfda|nlem|janaushadhi,Valcyte,y
valine,Valine,,,openfda,,n
valproic acid,Valproic acid (sodium valproate),antiepileptic|hepatotoxic,Anti-epileptic Agent|Mood Stabilizer,openfda|nlem|janaushadhi|manual,Depakote,y
valrubicin,Valrubicin,,,openfda,Valstar,n
valsartan,Valsartan,antihypertensive|potassium_sparing,Angiotensin 2 Receptor Blocker,openfda|janaushadhi,Diovan,n
vancomycin,Vancomycin,antibiotic_other|nephrotoxic,Glycopeptide Antibacterial,openfda|nlem|janaushadhi|manual,Tyzavan|Vancocin,y
vandetanib,Vandetanib,anticancer,Kinase Inhibitor,openfda,Caprelsa,n
vanzacaftor,Vanzacaftor,,,openfda,,n
vardenafil,Vardenafil,nitrate_pde5|cyp3a4_substrate_narrow,Phosphodiesterase 5 Inhibitor,openfda|manual,,n
varenicline,Varenicline,,Partial Cholinergic Nicotinic Agonist|Cholinergic Receptor Agonist,openfda,Chantix|Tyrvaya,n
vasopressin,Vasopressin,,,openfda|janaushadhi,Vasostrict,n
vecuronium,Vecuronium,anaesthesia_surgery,Nondepolarizing Neuromuscular Blocker,openfda|nlem|janaushadhi|manual,,y
vedolizumab,Vedolizumab,,Integrin Receptor Antagonist,openfda,Entyvio,n
velaglucerase alfa,Velaglucerase alfa,,Hydrolytic Lysosomal Glucocerebroside-specific Enzyme,openfda,Vpriv,n
veligrotug,Veligrotug,,,openfda,Lumvoa,n
velmanase alfa-tycv,Velmanase alfa-tycv,,,openfda,Lamzede,n
velpatasvir,Velpatasvir,,Hepatitis C Virus NS5A Inhibitor,openfda|janaushadhi,,n
vemurafenib,Vemurafenib,anticancer|photosensitizing,Kinase Inhibitor,openfda|manual,Zelboraf,n
venetoclax,Venetoclax,anticancer|cyp3a4_substrate_narrow,BCL-2 Inhibitor,openfda,Venclexta,n
venlafaxine,Venlafaxine,antidepressant_ssri_snri|cyp2d6_substrate,Serotonin and Norepinephrine Reuptake Inhibitor,openfda|janaushadhi|manual,Effexor XR,n
vepdegestrant,Vepdegestrant,,,openfda,Veppanu,n
verapamil,Verapamil,antihypertensive,Calcium Channel Blocker,openfda|nlem|janaushadhi,,y
vericiguat,Vericiguat,,Soluble Guanylate Cyclase Stimulator,openfda,Verquvo,n
verteporfin,Verteporfin,photosensitizing,Photoenhancer,openfda|manual,Visudyne,n
vestronidase alfa,Vestronidase alfa,,Lysosomal beta Glucuronidase,openfda,Mepsevii,n
vibegron,Vibegron,,beta3-Adrenergic Agonist,openfda,Gemtesa,n
vigabatrin,Vigabatrin,antiepileptic,Anti-epileptic Agent,openfda|manual,Sabril|Vigafyde,n
vilanterol,Vilanterol,,beta2-Adrenergic Agonist,openfda,,n
vilazodone,Vilazodone,antidepressant_ssri_snri,,openfda|manual,Viibryd,n
vildagliptin,Vildagliptin,antidiabetic_other,,janaushadhi|manual,,n
viloxazine,Viloxazine,cyp2d6_substrate,Norepinephrine Reuptake Inhibitor,openfda,Qelbree,n
viltolarsen,Viltolarsen,,,openfda,Viltepso,n
vimseltinib,Vimseltinib,anticancer,Kinase Inhibitor,openfda,Romvimza,n
vinblastine,Vinblastine,anticancer|pgp_substrate,Vinca Alkaloid,openfda|nlem,,y
vincristine,Vincristine,anticancer|pgp_substrate,Vinca Alkaloid,openfda|nlem|janaushadhi,,y
vinorelbine,Vinorelbine,anticancer,Vinca Alkaloid,openfda,,n
viola odorata,Viola odorata,,,openfda,,n
vismodegib,Vismodegib,anticancer,Hedgehog Pathway Inhibitor,openfda,Erivedge,n
vitamin a,Vitamin a,,,openfda|nlem,AQUASOL A Parenteral,y
vitamin d,Vitamin d,,,openfda|janaushadhi,,n
vitamin e,Vitamin e,,,janaushadhi,,n
vitis vinifera (grape) seed extract,Vitis vinifera (grape) seed extract,,,openfda,,n
vitis vinifera (grape) seed oil,Vitis vinifera (grape) seed oil,,,openfda,,n
voclosporin,Voclosporin,immunosuppressant,Calcineurin Inhibitor Immunosuppressant,openfda|manual,Lupkynis,n
voglibose,Voglibose,antidiabetic_other,,janaushadhi|manual,,n
von willebrand factor human,Von willebrand factor human,,,openfda,,n
vonoprazan,Vonoprazan,ppi_antacid,,openfda|manual,Voquezna,n
vorasidenib,Vorasidenib,anticancer,Isocitrate Dehydrogenase 1 Inhibitor|Isocitrate Dehydrogenase 2 Inhibitor,openfda,Voranigo,n
voriconazole,Voriconazole,photosensitizing|cyp2c19_substrate,Azole Antifungal,openfda|janaushadhi|manual,Vfend,n
vorinostat,Vorinostat,anticancer,Histone Deacetylase Inhibitor,openfda,Zolinza,n
vortioxetine,Vortioxetine,antidepressant_ssri_snri|cyp2d6_substrate,,openfda|janaushadhi|manual,Trintellix,n
voxelotor,Voxelotor,,Hemoglobin S Polymerization Inhibitor,openfda,Oxbryta,n
voxilaprevir,Voxilaprevir,,,openfda,,n
vusolimogene oderparepvec,Vusolimogene oderparepvec,,,openfda,Tudriqev,n
vutrisiran,Vutrisiran,,Small Interfering RNA|Transthyretin-directed RNA Interaction,openfda,Amvuttra,n
warfarin,Warfarin,anticoagulant_vka|cyp2c9_substrate,Vitamin K Antagonist,openfda|nlem|janaushadhi|manual,,y
water,Water,,,openfda|janaushadhi,Pur-Wash|PhysiciansCare Ophthalmic Solution Eyewash|ULINE Eyewash,n
white petrolatum,White petrolatum,,,openfda,,n
white wax,White wax,,,openfda,,n
witch hazel,Witch hazel,,,openfda,,n
xanomeline,Xanomeline,,Cholinergic Muscarinic Agonist,openfda,,n
xanthan gum,Xanthan gum,,,openfda,,n
xenon xe-129,Xenon xe-129,,,openfda,,n
xenon xe-129 hyperpolarized,Xenon xe-129 hyperpolarized,,Hyperpolarized Contrast Agent,openfda,Xenoview,n
xylometazoline,Xylometazoline,,,openfda|nlem|janaushadhi,,y
yeast,Yeast,,,openfda,,n
zafirlukast,Zafirlukast,,Leukotriene Receptor Antagonist,openfda,,n
zaire ebolavirus (strain kikwit-95) envelope glycoprotein,Zaire ebolavirus (strain kikwit-95) envelope glycoprotein,,,openfda,Ervebo,n
zaleplon,Zaleplon,sedative_hypnotic,gamma-Aminobutyric Acid A Receptor Agonist,openfda|manual,,n
zanamivir,Zanamivir,,Neuraminidase Inhibitor,openfda,Relenza,n
zanidatamab,Zanidatamab,anticancer,Bispecific HER2-directed Antibody,openfda,Ziihera,n
zanthoxylum bungeanum fruit,Zanthoxylum bungeanum fruit,,,openfda,,n
zanubrutinib,Zanubrutinib,anticancer|cyp3a4_substrate_narrow,Kinase Inhibitor,openfda,Brukinsa,n
zavegepant,Zavegepant,,Calcitonin Gene-related Peptide Receptor Antagonist,openfda,Zavzpret,n
zeaxanthin,Zeaxanthin,,,janaushadhi,,n
zenocutuzumab,Zenocutuzumab,,,openfda,Bizengri,n
ziconotide,Ziconotide,,N-type Calcium Channel Antagonist,openfda,Prialt,n
zidebactam,Zidebactam,,,openfda,,n
zidesamtinib,Zidesamtinib,,,openfda,Jideytro,n
zidovudine,Zidovudine,antiretroviral,Human Immunodeficiency Virus Nucleoside Analog Reverse Transcriptase Inhibitor,openfda|nlem|manual,Retrovir,y
ziftomenib,Ziftomenib,anticancer,Menin Inhibitor,openfda,Komzifti,n
zileuton,Zileuton,,5-Lipoxygenase Inhibitor,openfda,Zyflo,n
zilucoplan,Zilucoplan,,Complement Inhibitor,openfda,Zilbrysq,n
zinc,Zinc,,,openfda|janaushadhi,,n
zinc acetate,Zinc acetate,iron_mineral_supplement,Copper Absorption Inhibitor,openfda|manual,,n
zinc cation,Zinc cation,,,openfda,,n
zinc chloride,Zinc chloride,,Copper Absorption Inhibitor,openfda,Zinc,n
zinc gluconate,Zinc gluconate,iron_mineral_supplement,,openfda|manual,,n
zinc oxide,Zinc oxide,,Copper Absorption Inhibitor,openfda|janaushadhi,,n
zinc pyrithione,Zinc pyrithione,,,openfda|janaushadhi,,n
zinc sulfate,Zinc sulfate,iron_mineral_supplement,Copper Absorption Inhibitor,openfda|nlem|janaushadhi|manual,,y
zinc sulfate unspecified form,Zinc sulfate unspecified form,,Copper Absorption Inhibitor,openfda,,n
zinc undecylenate,Zinc undecylenate,,,openfda,,n
zingiber officinale (ginger) root oil,Zingiber officinale (ginger) root oil,,,openfda,,n
ziprasidone,Ziprasidone,antipsychotic,Atypical Antipsychotic,openfda|janaushadhi|manual,Geodon,n
zolbetuximab,Zolbetuximab,anticancer,Claudin 18.2-directed Cytolytic Antibody,openfda,Vyloy,n
zoledronic acid,Zoledronic acid,nephrotoxic,Bisphosphonate,openfda|nlem|janaushadhi|manual,Reclast,y
zoliflodacin,Zoliflodacin,,,openfda,Nuzolvence,n
zolmitriptan,Zolmitriptan,,Serotonin-1b and Serotonin-1d Receptor Agonist,openfda,,n
zolpidem,Zolpidem,sedative_hypnotic,gamma-Aminobutyric Acid A Receptor Positive Modulator|gamma-Aminobutyric Acid-ergic Agonist,openfda|nlem|janaushadhi|manual,Ambien|Edluar,y
zongertinib,Zongertinib,anticancer,Kinase Inhibitor,openfda,Hernexeos,n
zonisamide,Zonisamide,antiepileptic,Anti-epileptic Agent,openfda|janaushadhi|manual,Zonegran|Zonisade,n
zopapogene imadenovec,Zopapogene imadenovec,,,openfda,Papzimeos,n
zuranolone,Zuranolone,,Neuroactive Steroid Gamma-Aminobutyric Acid A Receptor Positive Modulator,openfda,Zurzuvae,n
